source_id,source_type,target_id,target_type,weight,nt,spatial_x,spatial_y
23893,LT35,14888,LC4,95,gaba,0,0
17280,Li28,17364,LC4,87,gaba,1,0
11981,Li28,17987,LC4,86,gaba,2,0
17280,Li28,16628,LC4,85,gaba,1,0
19277,LC14a-1,515900,LC4,83,acetylcholine,3,0
10787,LT35,18189,LC4,81,gaba,4,0
23893,LT35,515900,LC4,78,gaba,0,0
10787,LT35,17987,LC4,75,gaba,4,0
10787,LT35,17054,LC4,72,gaba,4,0
20775,LC14a-1,81112,LC4,69,acetylcholine,5,0
23893,LT35,12032,LC4,68,gaba,0,0
11981,Li28,17054,LC4,68,gaba,2,0
11981,Li28,19550,LC4,68,gaba,2,0
23893,LT35,17653,LC4,65,gaba,0,0
16033,Li28,20588,LC4,65,gaba,6,0
16040,Pm7_Li28,515900,LC4,64,gaba,7,0
17280,Li28,16128,LC4,64,gaba,1,0
23893,LT35,520449,LC4,63,gaba,0,0
10051,Li39,17987,LC4,63,gaba,8,0
10051,Li39,18189,LC4,63,gaba,8,0
10787,LT35,17548,LC4,62,gaba,4,0
24305,LC14a-1,17478,LC4,62,acetylcholine,9,0
13376,Li30,17054,LC4,61,gaba,10,0
25258,LC14a-1,12349,LC4,60,acetylcholine,11,0
10787,LT35,21225,LC4,60,gaba,4,0
15019,Li28,18478,LC4,60,gaba,12,0
23893,LT35,519650,LC4,60,gaba,0,0
11981,Li28,19794,LC4,59,gaba,2,0
19292,Li28,12349,LC4,58,gaba,13,0
11049,Li30,17653,LC4,58,gaba,14,0
10611,Li39,81112,LC4,58,gaba,15,0
10787,LT35,21336,LC4,58,gaba,4,0
10051,Li39,17548,LC4,57,gaba,8,0
23893,LT35,81112,LC4,57,gaba,0,0
10051,Li39,17054,LC4,57,gaba,8,0
10611,Li39,12349,LC4,56,gaba,15,0
23893,LT35,17478,LC4,56,gaba,0,0
15019,Li28,17478,LC4,56,gaba,12,0
23893,LT35,533129,LC4,56,gaba,0,0
12586,LC14a-1,17054,LC4,56,acetylcholine,16,0
18383,LC14a-1,22966,LC4,53,acetylcholine,17,0
10787,LT35,16128,LC4,53,gaba,4,0
10051,Li39,16128,LC4,53,gaba,8,0
10787,LT35,19550,LC4,53,gaba,4,0
10051,Li39,19550,LC4,53,gaba,8,0
10787,LT35,20917,LC4,52,gaba,4,0
10787,LT35,26112,LC4,52,gaba,4,0
22935,LC14a-1,12032,LC4,52,acetylcholine,18,0
13376,Li30,16128,LC4,52,gaba,10,0
14118,Li30,17987,LC4,51,gaba,19,0
11981,Li28,17548,LC4,51,gaba,2,0
23047,Li28,30803,LC4,51,gaba,20,0
18383,LC14a-1,23929,LC4,51,acetylcholine,17,0
23893,LT35,18478,LC4,51,gaba,0,0
23047,Li28,30480,LC4,50,gaba,20,0
16033,Li28,23929,LC4,50,gaba,6,0
10051,Li39,19794,LC4,50,gaba,8,0
10787,LT35,20542,LC4,50,gaba,4,0
10787,LT35,31262,LC4,49,gaba,4,0
10787,LT35,16628,LC4,49,gaba,4,0
10787,LT35,20016,LC4,49,gaba,4,0
10787,LT35,21313,LC4,49,gaba,4,0
16033,Li28,19543,LC4,48,gaba,6,0
17280,Li28,17668,LC4,48,gaba,1,0
23893,LT35,17270,LC4,48,gaba,0,0
10611,Li39,515900,LC4,48,gaba,15,0
14903,Li17,17266,LC4,48,gaba,21,0
15019,Li28,533129,LC4,48,gaba,12,0
12415,MeLo8,16628,LC4,48,gaba,22,0
25258,LC14a-1,81112,LC4,48,acetylcholine,11,0
21555,LC14a-1,14888,LC4,48,acetylcholine,23,0
27548,LC14a-1,17987,LC4,47,acetylcholine,24,0
22351,LC14a-1,20859,LC4,47,acetylcholine,25,0
23893,LT35,20440,LC4,47,gaba,0,0
23893,LT35,33137,LC4,47,gaba,0,0
23263,LC14a-1,17266,LC4,47,acetylcholine,26,0
15909,Li28,22328,LC4,47,gaba,27,0
10787,LT35,17926,LC4,46,gaba,4,0
524037,MeLo8,17478,LC4,46,gaba,28,0
10787,LT35,17266,LC4,46,gaba,4,0
11981,Li28,20282,LC4,46,gaba,2,0
10787,LT35,20282,LC4,46,gaba,4,0
23576,LC14a-1,16128,LC4,46,acetylcholine,29,0
14903,Li17,17364,LC4,46,gaba,21,0
11981,Li28,18189,LC4,45,gaba,2,0
16545,Li28,20399,LC4,45,gaba,30,0
10730,LoVC21,19794,LC4,45,gaba,31,0
16033,Li28,22194,LC4,45,gaba,6,0
12966,LoVC13,514956,LC4,45,gaba,0,1
517193,LoVC7,16128,LC4,45,gaba,1,1
10776,LoVC7,20859,LC4,44,gaba,2,1
12722,LoVC21,512366,LC4,44,gaba,3,1
15019,Li28,524899,LC4,44,gaba,12,0
14903,Li17,17860,LC4,44,gaba,21,0
10730,LoVC21,20588,LC4,44,gaba,31,0
10611,Li39,14888,LC4,44,gaba,15,0
11981,Li28,16128,LC4,44,gaba,2,0
28415,LC14a-1,15018,LC4,44,acetylcholine,4,1
10611,Li39,518983,LC4,43,gaba,15,0
524343,MeLo8,512366,LC4,43,gaba,5,1
29257,LC14a-1,512366,LC4,43,acetylcholine,6,1
14209,Li28,29469,LC4,43,gaba,7,1
23893,LT35,28980,LC4,43,gaba,0,0
23893,LT35,12824,LC4,43,gaba,0,0
22358,LC14a-1,16128,LC4,43,acetylcholine,8,1
17280,Li28,21151,LC4,43,gaba,1,0
10787,LT35,19954,LC4,42,gaba,4,0
23626,LC9,27829,LC4,42,acetylcholine,9,1
18383,LC14a-1,30803,LC4,42,acetylcholine,17,0
23541,LC14a-1,17608,LC4,42,acetylcholine,10,1
16545,Li28,19260,LC4,42,gaba,30,0
10787,LT35,19420,LC4,42,gaba,4,0
23893,LT35,21721,LC4,41,gaba,0,0
12722,LoVC21,16809,LC4,41,gaba,3,1
15019,Li28,20859,LC4,41,gaba,12,0
23893,LT35,27829,LC4,41,gaba,0,0
10051,Li39,17926,LC4,41,gaba,8,0
23893,LT35,518983,LC4,41,gaba,0,0
524343,MeLo8,12349,LC4,41,gaba,5,1
14118,Li30,19794,LC4,41,gaba,19,0
17280,Li28,17266,LC4,41,gaba,1,0
10611,Li39,77614,LC4,41,gaba,15,0
12638,MeLo8,16128,LC4,41,gaba,11,1
10730,LoVC21,21804,LC4,41,gaba,31,0
16545,Li28,19634,LC4,40,gaba,30,0
10611,Li39,27829,LC4,40,gaba,15,0
10051,Li39,23098,LC4,40,gaba,8,0
12722,LoVC21,17340,LC4,40,gaba,3,1
10730,LoVC21,23929,LC4,40,gaba,31,0
15909,Li28,20673,LC4,40,gaba,27,0
10787,LT35,20588,LC4,40,gaba,4,0
13588,Li30,23392,LC4,40,gaba,12,1
17289,Li29,16128,LC4,40,gaba,13,1
14118,Li30,21804,LC4,40,gaba,19,0
16545,Li28,20016,LC4,40,gaba,30,0
12966,LoVC13,15018,LC4,40,gaba,0,1
12722,LoVC21,37587,LC4,40,gaba,3,1
10611,Li39,520449,LC4,39,gaba,15,0
48930,TmY3,19954,LC4,39,acetylcholine,14,1
16040,Pm7_Li28,17653,LC4,39,gaba,7,0
10787,LT35,22847,LC4,39,gaba,4,0
10051,Li39,20917,LC4,39,gaba,8,0
11981,Li28,21225,LC4,39,gaba,2,0
10730,LoVC21,25584,LC4,39,gaba,31,0
547650,TmY3,16628,LC4,39,acetylcholine,15,1
517193,LoVC7,16628,LC4,39,gaba,1,1
15019,Li28,12032,LC4,39,gaba,12,0
10787,LT35,19260,LC4,39,gaba,4,0
14209,Li28,37587,LC4,39,gaba,7,1
16545,Li28,18127,LC4,39,gaba,30,0
13673,MeLo8,17668,LC4,38,gaba,16,1
15182,Li17,17478,LC4,38,gaba,17,1
10787,LT35,20399,LC4,38,gaba,4,0
27860,LC9,31429,LC4,38,acetylcholine,18,1
23893,LT35,77614,LC4,38,gaba,0,0
16545,Li28,21165,LC4,38,gaba,30,0
23893,LT35,519931,LC4,38,gaba,0,0
37427,LC14a-1,21804,LC4,38,acetylcholine,19,1
15909,Li28,20808,LC4,37,gaba,27,0
12722,LoVC21,511914,LC4,37,gaba,3,1
10051,Li39,19543,LC4,37,gaba,8,0
534513,TmY3,20859,LC4,37,acetylcholine,20,1
21555,LC14a-1,17653,LC4,37,acetylcholine,23,0
10611,Li39,17653,LC4,37,gaba,15,0
26920,LC9,17340,LC4,37,acetylcholine,21,1
25818,LC14a-1,30480,LC4,37,acetylcholine,22,1
23893,LT35,524899,LC4,37,gaba,0,0
12966,LoVC13,17608,LC4,37,gaba,0,1
512329,LC9,31308,LC4,37,acetylcholine,23,1
16033,Li28,24338,LC4,37,gaba,6,0
15909,Li28,24338,LC4,37,gaba,27,0
10051,Li39,21225,LC4,37,gaba,8,0
23893,LT35,22922,LC4,37,gaba,0,0
49340,TmY3,16628,LC4,37,acetylcholine,24,1
15909,Li28,23792,LC4,37,gaba,27,0
10787,LT35,17364,LC4,37,gaba,4,0
10787,LT35,22966,LC4,36,gaba,4,0
12966,LoVC13,16917,LC4,36,gaba,0,1
10787,LT35,17668,LC4,36,gaba,4,0
23893,LT35,20859,LC4,36,gaba,0,0
11981,Li28,17926,LC4,36,gaba,2,0
16033,Li28,31262,LC4,36,gaba,6,0
23893,LT35,12349,LC4,36,gaba,0,0
22351,LC14a-1,17653,LC4,36,acetylcholine,25,0
16033,Li28,22975,LC4,36,gaba,6,0
10730,LoVC21,22975,LC4,36,gaba,31,0
27809,LC14a-1,30480,LC4,36,acetylcholine,25,1
14209,Li28,31301,LC4,36,gaba,7,1
24778,LC9,18189,LC4,36,acetylcholine,26,1
17315,Li30,515900,LC4,36,gaba,27,1
10085,Am1,515900,LC4,36,gaba,28,1
42533,TmY3,24338,LC4,36,acetylcholine,29,1
23893,LT35,18396,LC4,36,gaba,0,0
10051,Li39,22194,LC4,36,gaba,8,0
37733,TmY3,16628,LC4,36,acetylcholine,30,1
16040,Pm7_Li28,81112,LC4,36,gaba,7,0
20794,LC14a-1,14888,LC4,36,acetylcholine,31,1
23893,LT35,514508,LC4,36,gaba,0,0
12415,MeLo8,17364,LC4,36,gaba,22,0
10787,LT35,16138,LC4,36,gaba,4,0
10611,Li39,511914,LC4,35,gaba,15,0
10051,Li39,22975,LC4,35,gaba,8,0
10787,LT35,17860,LC4,35,gaba,4,0
25818,LC14a-1,22847,LC4,35,acetylcholine,22,1
10051,Li39,20588,LC4,35,gaba,8,0
10093,Am1,16628,LC4,35,gaba,0,2
16033,Li28,20282,LC4,35,gaba,6,0
10051,Li39,20282,LC4,35,gaba,8,0
23893,LT35,100485,LC4,35,gaba,0,0
10787,LT35,19543,LC4,34,gaba,4,0
512199,Li17,532254,LC4,34,gaba,1,2
10051,Li39,31262,LC4,34,gaba,8,0
23893,LT35,23226,LC4,34,gaba,0,0
12722,LoVC21,12349,LC4,34,gaba,3,1
41217,TmY3,17478,LC4,34,acetylcholine,2,2
16040,Pm7_Li28,17478,LC4,34,gaba,7,0
15263,Li28,526286,LC4,34,gaba,3,2
13191,Li30,20572,LC4,34,gaba,4,2
20264,Li28,518439,LC4,34,gaba,5,2
49854,TmY3,516909,LC4,34,acetylcholine,6,2
41671,TmY3,22328,LC4,34,acetylcholine,7,2
10787,LT35,22328,LC4,34,gaba,4,0
17289,Li29,16628,LC4,34,gaba,13,1
12331,MeLo8,18478,LC4,34,gaba,8,2
17596,Li28,27624,LC4,34,gaba,9,2
16040,Pm7_Li28,14888,LC4,34,gaba,7,0
28451,LC9,12824,LC4,34,acetylcholine,10,2
13191,Li30,12824,LC4,34,gaba,4,2
10093,Am1,19420,LC4,34,gaba,0,2
16545,Li28,20542,LC4,34,gaba,30,0
15909,Li28,29563,LC4,34,gaba,27,0
17289,Li29,17364,LC4,34,gaba,13,1
54122,TmY3,28945,LC4,33,acetylcholine,11,2
12912,MeLo8,19954,LC4,33,gaba,12,2
69540,TmY3,23098,LC4,33,acetylcholine,13,2
16545,Li28,23098,LC4,33,gaba,30,0
46402,TmY3,17478,LC4,33,acetylcholine,14,2
14209,Li28,34845,LC4,33,gaba,7,1
522889,MeLo8,17653,LC4,33,gaba,15,2
10787,LT35,22975,LC4,33,gaba,4,0
22027,TmY3,20967,LC4,33,acetylcholine,16,2
12722,LoVC21,31301,LC4,33,gaba,3,1
10611,Li39,33137,LC4,33,gaba,15,0
14462,MeLo8,17860,LC4,33,gaba,17,2
13900,MeLo8,17608,LC4,33,gaba,18,2
16007,TmY19a,22847,LC4,33,gaba,19,2
10787,LT35,20673,LC4,33,gaba,4,0
20794,LC14a-1,515900,LC4,33,acetylcholine,31,1
517193,LoVC7,17266,LC4,33,gaba,1,1
23893,LT35,22772,LC4,33,gaba,0,0
11981,Li28,20917,LC4,33,gaba,2,0
13051,MeLo8,21225,LC4,33,gaba,20,2
12722,LoVC21,27624,LC4,33,gaba,3,1
31498,LC9,20282,LC4,33,acetylcholine,21,2
11049,Li30,14888,LC4,33,gaba,14,0
43327,TmY3,16128,LC4,33,acetylcholine,22,2
73795,TmY3,19260,LC4,33,acetylcholine,23,2
69153,TmY3,17364,LC4,33,acetylcholine,24,2
15909,Li28,16138,LC4,33,gaba,27,0
517193,LoVC7,18127,LC4,33,gaba,1,1
16033,Li28,22966,LC4,32,gaba,6,0
49942,TmY3,19543,LC4,32,acetylcholine,25,2
10051,Li39,19954,LC4,32,gaba,8,0
518561,TmY3,17653,LC4,32,acetylcholine,26,2
15019,Li28,17653,LC4,32,gaba,12,0
10611,Li39,24523,LC4,32,gaba,15,0
531010,TmY3,20967,LC4,32,acetylcholine,27,2
26552,LC9,535341,LC4,32,acetylcholine,28,2
19292,Li28,512366,LC4,32,gaba,13,0
64757,TmY3,30480,LC4,32,acetylcholine,29,2
512201,LC9,526286,LC4,32,acetylcholine,30,2
10730,LoVC21,18189,LC4,32,gaba,31,0
515633,TmY3,20572,LC4,32,acetylcholine,31,2
15440,Li17,20673,LC4,32,gaba,0,3
30298,LC9,17270,LC4,32,acetylcholine,1,3
15019,Li28,516909,LC4,32,gaba,12,0
524830,TmY3,515900,LC4,32,acetylcholine,2,3
64438,TmY3,17266,LC4,32,acetylcholine,3,3
31029,Li15,17266,LC4,32,gaba,4,3
20264,Li28,18396,LC4,32,gaba,5,2
59786,TmY3,29514,LC4,32,acetylcholine,5,3
10611,Li39,27624,LC4,32,gaba,15,0
53223,TmY3,17054,LC4,32,acetylcholine,6,3
39590,TmY3,16128,LC4,32,acetylcholine,7,3
26634,LC14a-1,16128,LC4,32,acetylcholine,8,3
11981,Li28,21804,LC4,32,gaba,2,0
14118,Li30,19550,LC4,32,gaba,19,0
10730,LoVC21,19550,LC4,32,gaba,31,0
517193,LoVC7,19420,LC4,32,gaba,1,1
58735,TmY3,19420,LC4,32,acetylcholine,9,3
17280,Li28,19420,LC4,32,gaba,1,0
64807,TmY3,17364,LC4,32,acetylcholine,10,3
10051,Li39,17364,LC4,32,gaba,8,0
12966,LoVC13,530029,LC4,32,gaba,0,1
10787,LT35,19634,LC4,31,gaba,4,0
14209,Li28,18432,LC4,31,gaba,7,1
10611,Li39,20859,LC4,31,gaba,15,0
17280,Li28,17926,LC4,31,gaba,1,0
12638,MeLo8,17926,LC4,31,gaba,11,1
10787,LT35,23098,LC4,31,gaba,4,0
13191,Li30,17478,LC4,31,gaba,4,2
517995,TmY3,20440,LC4,31,acetylcholine,11,3
106625,Tm4,30480,LC4,31,acetylcholine,12,3
10611,Li39,526286,LC4,31,gaba,15,0
14209,Li28,27750,LC4,31,gaba,7,1
13051,MeLo8,18189,LC4,31,gaba,20,2
59099,TmY3,23929,LC4,31,acetylcholine,13,3
17596,Li28,17608,LC4,31,gaba,9,2
23047,Li28,22847,LC4,31,gaba,20,0
56400,TmY3,17266,LC4,31,acetylcholine,14,3
14462,MeLo8,17266,LC4,31,gaba,17,2
10085,Am1,22772,LC4,31,gaba,28,1
10787,LT35,22194,LC4,31,gaba,4,0
13191,Li30,533129,LC4,31,gaba,4,2
10051,Li39,25584,LC4,31,gaba,8,0
41762,TmY3,16628,LC4,31,acetylcholine,15,3
23576,LC14a-1,16628,LC4,31,acetylcholine,29,0
16429,Li17,16628,LC4,31,gaba,16,3
94740,TmY3,18478,LC4,31,acetylcholine,17,3
27194,PVLP046,27624,LC4,31,gaba,18,3
17315,Li30,81112,LC4,31,gaba,27,1
57377,TmY3,26112,LC4,31,acetylcholine,19,3
10787,LT35,527408,LC4,31,gaba,4,0
41833,TmY3,16128,LC4,31,acetylcholine,20,3
29223,LC9,20016,LC4,31,acetylcholine,21,3
23893,LT35,37587,LC4,31,gaba,0,0
10787,LT35,20808,LC4,30,gaba,4,0
23893,LT35,511914,LC4,30,gaba,0,0
39692,TmY3,19543,LC4,30,acetylcholine,22,3
47929,TmY3,28945,LC4,30,acetylcholine,23,3
28069,LC9,17548,LC4,30,acetylcholine,24,3
11981,Li28,19954,LC4,30,gaba,2,0
522889,MeLo8,20859,LC4,30,gaba,15,2
22351,LC14a-1,17478,LC4,30,acetylcholine,25,0
12722,LoVC21,34845,LC4,30,gaba,3,1
44489,TmY3,17653,LC4,30,acetylcholine,25,3
19292,Li28,17340,LC4,30,gaba,13,0
23893,LT35,24523,LC4,30,gaba,0,0
23893,LT35,20967,LC4,30,gaba,0,0
133960,LC9,512705,LC4,30,acetylcholine,26,3
23893,LT35,515476,LC4,30,gaba,0,0
14886,Li17,30803,LC4,30,gaba,27,3
73044,TmY3,27750,LC4,30,acetylcholine,28,3
48690,TmY3,20399,LC4,30,acetylcholine,29,3
25528,LC9,20399,LC4,30,acetylcholine,30,3
531862,LT41,17608,LC4,30,gaba,31,3
12722,LoVC21,17608,LC4,30,gaba,3,1
55380,TmY3,22847,LC4,30,acetylcholine,0,4
14886,Li17,22847,LC4,30,gaba,27,3
16596,Li28,28980,LC4,30,gaba,1,4
525590,TmY3,22922,LC4,30,acetylcholine,2,4
50822,TmY3,16628,LC4,30,acetylcholine,3,4
32529,LC14a-1,16628,LC4,30,acetylcholine,4,4
524037,MeLo8,18478,LC4,30,gaba,28,0
23893,LT35,27624,LC4,30,gaba,0,0
10730,LoVC21,20282,LC4,30,gaba,31,0
19292,Li28,81112,LC4,30,gaba,13,0
519490,TmY3,14888,LC4,30,acetylcholine,5,4
17474,Li17,14888,LC4,30,gaba,6,4
23893,LT35,23202,LC4,30,gaba,0,0
15829,Li17,17054,LC4,30,gaba,7,4
526832,TmY3,16128,LC4,30,acetylcholine,8,4
52448,TmY3,19550,LC4,30,acetylcholine,9,4
10787,LT35,29563,LC4,30,gaba,4,0
60327,TmY3,17364,LC4,30,acetylcholine,10,4
16415,Li30,17364,LC4,30,gaba,11,4
47962,TmY3,21313,LC4,30,acetylcholine,12,4
44746,TmY3,20808,LC4,29,acetylcholine,13,4
66061,TmY3,22966,LC4,29,acetylcholine,14,4
15073,MeLo8,22966,LC4,29,gaba,15,4
10730,LoVC21,22966,LC4,29,gaba,31,0
533470,Li17,20859,LC4,29,gaba,16,4
524037,MeLo8,20859,LC4,29,gaba,28,0
46679,LC9,12349,LC4,29,acetylcholine,17,4
11981,Li28,23098,LC4,29,gaba,2,0
522889,MeLo8,17478,LC4,29,gaba,15,2
32732,TmY3,17478,LC4,29,acetylcholine,18,4
533470,Li17,17653,LC4,29,gaba,16,4
28328,T2,17653,LC4,29,acetylcholine,19,4
23893,LT35,512366,LC4,29,gaba,0,0
11102,PVLP046,512366,LC4,29,gaba,20,4
60333,TmY3,30480,LC4,29,acetylcholine,21,4
18319,TmY19b,30480,LC4,29,gaba,22,4
10787,LT35,30803,LC4,29,gaba,4,0
512199,Li17,524899,LC4,29,gaba,1,2
56485,TmY3,524899,LC4,29,acetylcholine,23,4
59466,TmY3,17860,LC4,29,acetylcholine,24,4
23893,LT35,20572,LC4,29,gaba,0,0
13875,MeLo8,29469,LC4,29,gaba,25,4
24105,LC14a-1,518439,LC4,29,acetylcholine,26,4
23990,TmY3,17608,LC4,29,acetylcholine,27,4
53433,TmY3,17266,LC4,29,acetylcholine,28,4
15019,Li28,22772,LC4,29,gaba,12,0
10093,Am1,21225,LC4,29,gaba,0,2
10051,Li39,16628,LC4,29,gaba,8,0
89288,TmY3,18478,LC4,29,acetylcholine,29,4
10051,Li39,21336,LC4,29,gaba,8,0
15263,Li28,518730,LC4,29,gaba,3,2
512199,Li17,12032,LC4,29,gaba,1,2
84539,T2,16128,LC4,29,acetylcholine,30,4
53427,TmY3,20016,LC4,29,acetylcholine,31,4
13776,MeLo8,19550,LC4,29,gaba,0,5
16545,Li28,19420,LC4,29,gaba,30,0
13588,Li30,20542,LC4,29,gaba,12,1
23047,Li28,22966,LC4,28,gaba,20,0
15263,Li28,511914,LC4,28,gaba,3,2
10730,LoVC21,17987,LC4,28,gaba,31,0
13588,Li30,19634,LC4,28,gaba,12,1
13376,Li30,17548,LC4,28,gaba,10,0
15019,Li28,21721,LC4,28,gaba,12,0
15909,Li28,38065,LC4,28,gaba,27,0
518204,TmY3,27829,LC4,28,acetylcholine,1,5
135985,LC9,27829,LC4,28,acetylcholine,2,5
45162,TmY3,17926,LC4,28,acetylcholine,3,5
530315,TmY3,17653,LC4,28,acetylcholine,4,5
10787,LT35,22034,LC4,28,gaba,4,0
16545,Li28,21287,LC4,28,gaba,30,0
47823,TmY3,18189,LC4,28,acetylcholine,5,5
516875,TmY3,20572,LC4,28,acetylcholine,6,5
47465,TmY3,20673,LC4,28,acetylcholine,7,5
11049,Li30,515900,LC4,28,gaba,14,0
10611,Li39,31429,LC4,28,gaba,15,0
28393,LC9,77614,LC4,28,acetylcholine,8,5
10730,LoVC21,24338,LC4,28,gaba,31,0
44564,TmY3,22194,LC4,28,acetylcholine,9,5
16545,Li28,23392,LC4,28,gaba,30,0
15909,Li28,23392,LC4,28,gaba,27,0
10776,LoVC7,533129,LC4,28,gaba,2,1
40026,TmY3,25584,LC4,28,acetylcholine,10,5
29675,LC9,28980,LC4,28,acetylcholine,11,5
10787,LT35,21165,LC4,28,gaba,4,0
75919,TmY3,16628,LC4,28,acetylcholine,12,5
13376,Li30,16628,LC4,28,gaba,10,0
12638,MeLo8,16628,LC4,28,gaba,11,1
52154,TmY3,18478,LC4,28,acetylcholine,13,5
524343,MeLo8,27624,LC4,28,gaba,5,1
10611,Li39,518730,LC4,28,gaba,15,0
459330,TmY3,29417,LC4,28,acetylcholine,14,5
13408,MeLo8,12032,LC4,28,gaba,15,5
10051,Li39,21804,LC4,28,gaba,8,0
10093,Am1,20016,LC4,28,gaba,0,2
61904,TmY3,15018,LC4,28,acetylcholine,16,5
517193,LoVC7,19260,LC4,28,gaba,1,1
13588,Li30,19260,LC4,28,gaba,12,1
10093,Am1,19260,LC4,28,gaba,0,2
517193,LoVC7,21151,LC4,28,gaba,1,1
57519,TmY3,17364,LC4,28,acetylcholine,17,5
16007,TmY19a,17364,LC4,28,gaba,19,2
521503,TmY3,530029,LC4,28,acetylcholine,18,5
10051,Li39,21313,LC4,28,gaba,8,0
67911,TmY3,22966,LC4,27,acetylcholine,19,5
16040,Pm7_Li28,520449,LC4,27,gaba,7,0
39590,TmY3,17548,LC4,27,acetylcholine,7,3
537008,TmY3,21721,LC4,27,acetylcholine,20,5
512199,Li17,21721,LC4,27,gaba,1,2
534754,TmY3,18432,LC4,27,acetylcholine,21,5
10730,LoVC21,19954,LC4,27,gaba,31,0
513244,TmY3,20859,LC4,27,acetylcholine,22,5
15263,Li28,27829,LC4,27,gaba,3,2
13376,Li30,17926,LC4,27,gaba,10,0
15263,Li28,518983,LC4,27,gaba,3,2
64341,TmY3,23098,LC4,27,acetylcholine,23,5
32495,LC9,17478,LC4,27,acetylcholine,24,5
23893,LT35,17340,LC4,27,gaba,0,0
54029,TmY3,30480,LC4,27,acetylcholine,25,5
512528,TmY3,512705,LC4,27,acetylcholine,26,5
32418,LC9,22034,LC4,27,acetylcholine,27,5
15909,Li28,22034,LC4,27,gaba,27,0
29070,TmY3,515476,LC4,27,acetylcholine,28,5
12331,MeLo8,524899,LC4,27,gaba,8,2
513203,TmY3,33137,LC4,27,acetylcholine,29,5
21331,LC9,33137,LC4,27,acetylcholine,30,5
15263,Li28,33137,LC4,27,gaba,3,2
10158,LT56,27750,LC4,27,glutamate,31,5
22651,Pm7_Li28,21287,LC4,27,gaba,0,6
48609,TmY3,18189,LC4,27,acetylcholine,1,6
12722,LoVC21,29469,LC4,27,gaba,3,1
28041,LC9,20399,LC4,27,acetylcholine,2,6
15440,Li17,20399,LC4,27,gaba,0,3
16596,Li28,518439,LC4,27,gaba,1,4
514060,TmY3,31308,LC4,27,acetylcholine,3,6
41413,TmY3,516909,LC4,27,acetylcholine,4,6
23893,LT35,31429,LC4,27,gaba,0,0
10787,LT35,19794,LC4,27,gaba,4,0
55864,TmY3,17266,LC4,27,acetylcholine,5,6
54448,TmY3,17266,LC4,27,acetylcholine,6,6
48186,TmY3,24338,LC4,27,acetylcholine,7,6
67990,TmY3,18396,LC4,27,acetylcholine,8,6
50263,TmY3,533129,LC4,27,acetylcholine,9,6
32732,TmY3,533129,LC4,27,acetylcholine,18,4
48930,TmY3,25584,LC4,27,acetylcholine,14,1
23893,LT35,517752,LC4,27,gaba,0,0
49471,TmY3,21165,LC4,27,acetylcholine,10,6
24363,LC14a-1,18478,LC4,27,acetylcholine,11,6
23893,LT35,518730,LC4,27,gaba,0,0
12722,LoVC21,518730,LC4,27,gaba,3,1
47898,TmY3,527408,LC4,27,acetylcholine,12,6
15439,LC9,111787,LC4,27,acetylcholine,13,6
23893,LT35,35262,LC4,27,gaba,0,0
30298,LC9,23202,LC4,27,acetylcholine,1,3
47749,TmY3,17054,LC4,27,acetylcholine,14,6
13997,MeLo8,17054,LC4,27,gaba,15,6
42542,TmY3,16128,LC4,27,acetylcholine,16,6
10093,Am1,16128,LC4,27,gaba,0,2
531862,LT41,15018,LC4,27,gaba,31,3
20264,Li28,15018,LC4,27,gaba,5,2
14903,Li17,21151,LC4,27,gaba,21,0
16415,Li30,19420,LC4,27,gaba,11,4
10051,Li39,18127,LC4,27,gaba,8,0
47368,TmY3,20808,LC4,26,acetylcholine,17,6
10787,LT35,28945,LC4,26,gaba,4,0
80606,TmY3,19634,LC4,26,acetylcholine,18,6
10093,Am1,19634,LC4,26,gaba,0,2
23893,LT35,16917,LC4,26,gaba,0,0
10051,Li39,17668,LC4,26,gaba,8,0
517567,TmY3,20859,LC4,26,acetylcholine,19,6
15095,MeLo8,31262,LC4,26,gaba,20,6
40933,TmY3,23226,LC4,26,acetylcholine,21,6
54485,TmY3,518983,LC4,26,acetylcholine,22,6
12722,LoVC21,518983,LC4,26,gaba,3,1
10776,LoVC7,17478,LC4,26,gaba,2,1
10085,Am1,17653,LC4,26,gaba,28,1
15019,Li28,20440,LC4,26,gaba,12,0
70167,Li17,24523,LC4,26,gaba,23,6
15263,Li28,24523,LC4,26,gaba,3,2
549652,TmY3,20967,LC4,26,acetylcholine,24,6
10933,MeLo8,20967,LC4,26,gaba,25,6
10611,Li39,512366,LC4,26,gaba,15,0
60684,TmY3,30480,LC4,26,acetylcholine,26,6
14886,Li17,30480,LC4,26,gaba,27,3
23893,LT35,31301,LC4,26,gaba,0,0
55674,TmY3,22034,LC4,26,acetylcholine,27,6
16596,Li28,515476,LC4,26,gaba,1,4
60333,TmY3,30803,LC4,26,acetylcholine,21,4
47929,TmY3,30803,LC4,26,acetylcholine,23,3
15073,MeLo8,30803,LC4,26,gaba,15,4
64757,TmY3,22847,LC4,26,acetylcholine,29,2
54205,TmY3,22847,LC4,26,acetylcholine,28,6
54116,TmY3,22847,LC4,26,acetylcholine,29,6
14903,Li17,22847,LC4,26,gaba,21,0
43924,TmY3,20673,LC4,26,acetylcholine,30,6
530027,TmY3,516909,LC4,26,acetylcholine,31,6
96910,TmY3,17266,LC4,26,acetylcholine,0,7
57683,TmY3,20588,LC4,26,acetylcholine,1,7
10093,Am1,20917,LC4,26,gaba,0,2
53020,TmY3,77614,LC4,26,acetylcholine,2,7
19292,Li28,77614,LC4,26,gaba,13,0
10093,Am1,24338,LC4,26,gaba,0,2
64341,TmY3,21225,LC4,26,acetylcholine,23,5
27744,LC9,21225,LC4,26,acetylcholine,3,7
10787,LT35,25584,LC4,26,gaba,4,0
49574,TmY3,28980,LC4,26,acetylcholine,4,7
42542,TmY3,16628,LC4,26,acetylcholine,16,6
512199,Li17,18478,LC4,26,gaba,1,2
71094,TmY3,18478,LC4,26,acetylcholine,5,7
10085,Am1,18478,LC4,26,gaba,28,1
48073,TmY3,21336,LC4,26,acetylcholine,6,7
45005,TmY3,21336,LC4,26,acetylcholine,7,7
10093,Am1,23792,LC4,26,gaba,0,2
519053,TmY3,14888,LC4,26,acetylcholine,8,7
520221,TmY3,518730,LC4,26,acetylcholine,9,7
10611,Li39,12824,LC4,26,gaba,15,0
10776,LoVC7,23202,LC4,26,gaba,2,1
64780,T2,16128,LC4,26,acetylcholine,10,7
13900,MeLo8,15018,LC4,26,gaba,18,2
10480,MeVP53,19260,LC4,26,gaba,11,7
48283,TmY3,20542,LC4,26,acetylcholine,12,7
48490,TmY3,29563,LC4,26,acetylcholine,13,7
12468,LoVC13,29563,LC4,26,gaba,14,7
74956,T2,17364,LC4,26,acetylcholine,15,7
22940,LC14a-1,17364,LC4,26,acetylcholine,16,7
59786,TmY3,100485,LC4,26,acetylcholine,5,3
48986,TmY3,20808,LC4,25,acetylcholine,17,7
47696,TmY3,20808,LC4,25,acetylcholine,18,7
10730,LoVC21,20808,LC4,25,gaba,31,0
52973,TmY3,22966,LC4,25,acetylcholine,19,7
16475,PVLP024,17987,LC4,25,gaba,20,7
13997,MeLo8,17987,LC4,25,gaba,15,6
62216,T2,17548,LC4,25,acetylcholine,21,7
48721,TmY3,17548,LC4,25,acetylcholine,22,7
14198,MeLo8,17548,LC4,25,gaba,23,7
45345,TmY3,16917,LC4,25,acetylcholine,24,7
20264,Li28,16917,LC4,25,gaba,5,2
22935,LC14a-1,532254,LC4,25,acetylcholine,18,0
15986,MeLo8,18432,LC4,25,gaba,25,7
51191,TmY3,19954,LC4,25,acetylcholine,26,7
40026,TmY3,19954,LC4,25,acetylcholine,10,5
43845,T2,20859,LC4,25,acetylcholine,27,7
20880,TmY3,20859,LC4,25,acetylcholine,28,7
66282,TmY3,38065,LC4,25,acetylcholine,29,7
54237,TmY3,38065,LC4,25,acetylcholine,30,7
14886,Li17,38065,LC4,25,gaba,27,3
12468,LoVC13,38065,LC4,25,gaba,14,7
42010,TmY3,17926,LC4,25,acetylcholine,31,7
523479,MeLo8,23226,LC4,25,gaba,0,8
52400,TmY3,17478,LC4,25,acetylcholine,1,8
515622,T2,17653,LC4,25,acetylcholine,2,8
20880,TmY3,17653,LC4,25,acetylcholine,28,7
10085,Am1,20440,LC4,25,gaba,28,1
536976,TmY3,20967,LC4,25,acetylcholine,3,8
531862,LT41,31301,LC4,25,gaba,31,3
58916,TmY3,30803,LC4,25,acetylcholine,4,8
27809,LC14a-1,30803,LC4,25,acetylcholine,25,1
18140,TmY19b,32597,LC4,25,gaba,5,8
23893,LT35,526286,LC4,25,gaba,0,0
33604,LC9,27750,LC4,25,acetylcholine,6,8
22651,Pm7_Li28,17860,LC4,25,gaba,0,6
516894,TmY3,20572,LC4,25,acetylcholine,7,8
15263,Li28,20572,LC4,25,gaba,3,2
15909,Li28,20399,LC4,25,gaba,27,0
13588,Li30,20399,LC4,25,gaba,12,1
58538,TmY3,30087,LC4,25,acetylcholine,8,8
73044,TmY3,17608,LC4,25,acetylcholine,28,3
25956,Li30,22847,LC4,25,gaba,9,8
26192,LC9,20673,LC4,25,acetylcholine,10,8
23893,LT35,518016,LC4,25,gaba,0,0
10158,LT56,20976,LC4,25,glutamate,31,5
18154,TmY3,515900,LC4,25,acetylcholine,11,8
17474,Li17,515900,LC4,25,gaba,6,4
64713,TmY3,17266,LC4,25,acetylcholine,12,8
22651,Pm7_Li28,17266,LC4,25,gaba,0,6
10776,LoVC7,22772,LC4,25,gaba,2,1
17289,Li29,24338,LC4,25,gaba,13,1
518419,TmY19b,18396,LC4,25,gaba,13,8
51963,TmY3,21225,LC4,25,acetylcholine,14,8
22108,TmY3,21225,LC4,25,acetylcholine,15,8
28490,TmY3,533129,LC4,25,acetylcholine,16,8
51050,TmY3,22328,LC4,25,acetylcholine,17,8
27916,LC9,22328,LC4,25,acetylcholine,18,8
15263,Li28,22922,LC4,25,gaba,3,2
20214,TmY3,517752,LC4,25,acetylcholine,19,8
15666,Li17,517752,LC4,25,gaba,20,8
59277,TmY3,16628,LC4,25,acetylcholine,21,8
16596,Li28,519931,LC4,25,gaba,1,4
12242,SAD055,519931,LC4,25,acetylcholine,22,8
71683,TmY3,18478,LC4,25,acetylcholine,23,8
72174,Tm4,20282,LC4,25,acetylcholine,24,8
24604,LC9,20282,LC4,25,acetylcholine,25,8
12722,LoVC21,81112,LC4,25,gaba,3,1
54766,TmY3,26112,LC4,25,acetylcholine,26,8
14886,Li17,26112,LC4,25,gaba,27,3
111628,LPi_unclear,12032,LC4,25,glutamate,27,8
10776,LoVC7,12032,LC4,25,gaba,2,1
10085,Am1,12032,LC4,25,gaba,28,1
516874,TmY3,23202,LC4,25,acetylcholine,28,8
39287,TmY3,17054,LC4,25,acetylcholine,29,8
36567,TmY3,17054,LC4,25,acetylcholine,30,8
70868,TmY3,16128,LC4,25,acetylcholine,31,8
71946,TmY3,15018,LC4,25,acetylcholine,0,9
23541,LC14a-1,15018,LC4,25,acetylcholine,10,1
68705,TmY3,514508,LC4,25,acetylcholine,1,9
16596,Li28,514508,LC4,25,gaba,1,4
10787,LT35,21151,LC4,25,gaba,4,0
68831,TmY3,20542,LC4,25,acetylcholine,2,9
88525,Tm4,17364,LC4,25,acetylcholine,3,9
51164,TmY3,17364,LC4,25,acetylcholine,4,9
13673,MeLo8,17364,LC4,25,gaba,16,1
23893,LT35,530029,LC4,25,gaba,0,0
12722,LoVC21,530029,LC4,25,gaba,3,1
66713,TmY3,17987,LC4,24,acetylcholine,5,9
65374,TmY3,17987,LC4,24,acetylcholine,6,9
53637,TmY3,17987,LC4,24,acetylcholine,7,9
15468,MeLo8,19543,LC4,24,gaba,8,9
23047,Li28,28945,LC4,24,gaba,20,0
517193,LoVC7,19634,LC4,24,gaba,1,1
68831,TmY3,19634,LC4,24,acetylcholine,2,9
62015,TmY3,19634,LC4,24,acetylcholine,9,9
46371,TmY3,17548,LC4,24,acetylcholine,10,9
43313,TmY3,17548,LC4,24,acetylcholine,11,9
69458,TmY3,532254,LC4,24,acetylcholine,12,9
67259,TmY3,532254,LC4,24,acetylcholine,13,9
11940,MeLo8,532254,LC4,24,gaba,14,9
10776,LoVC7,532254,LC4,24,gaba,2,1
12722,LoVC21,18432,LC4,24,gaba,3,1
49516,TmY3,19954,LC4,24,acetylcholine,15,9
13051,MeLo8,19954,LC4,24,gaba,20,2
86352,TmY3,17668,LC4,24,acetylcholine,16,9
12415,MeLo8,17668,LC4,24,gaba,22,0
10093,Am1,17668,LC4,24,gaba,0,2
70659,TmY3,20859,LC4,24,acetylcholine,17,9
16040,Pm7_Li28,20859,LC4,24,gaba,7,0
13588,Li30,23098,LC4,24,gaba,12,1
515662,T2,17478,LC4,24,acetylcholine,18,9
51542,TmY3,17478,LC4,24,acetylcholine,19,9
38784,T2,17478,LC4,24,acetylcholine,20,9
23818,TmY3,17478,LC4,24,acetylcholine,21,9
10085,Am1,17478,LC4,24,gaba,28,1
516812,TmY3,20440,LC4,24,acetylcholine,22,9
58028,TmY3,20440,LC4,24,acetylcholine,23,9
20150,LC9,20440,LC4,24,acetylcholine,24,9
16596,Li28,20440,LC4,24,gaba,1,4
53461,TmY3,22975,LC4,24,acetylcholine,25,9
10611,Li39,20967,LC4,24,gaba,15,0
23893,LT35,535341,LC4,24,gaba,0,0
20214,TmY3,535341,LC4,24,acetylcholine,19,8
54274,TmY3,30480,LC4,24,acetylcholine,26,9
16549,Li30,30480,LC4,24,gaba,27,9
52548,TmY3,31301,LC4,24,acetylcholine,28,9
12722,LoVC21,512705,LC4,24,gaba,3,1
17280,Li28,17860,LC4,24,gaba,1,0
12912,MeLo8,18189,LC4,24,gaba,12,2
10093,Am1,18189,LC4,24,gaba,0,2
527408,LC4,23929,LC4,24,acetylcholine,29,9
57781,TmY3,518439,LC4,24,acetylcholine,30,9
28415,LC14a-1,518439,LC4,24,acetylcholine,4,1
70169,TmY3,22847,LC4,24,acetylcholine,31,9
23263,LC14a-1,22847,LC4,24,acetylcholine,26,0
13671,MeLo8,22847,LC4,24,gaba,0,10
540511,TmY3,17270,LC4,24,acetylcholine,1,10
48662,TmY3,31429,LC4,24,acetylcholine,2,10
62822,TmY3,19794,LC4,24,acetylcholine,3,10
95180,Tm4,17266,LC4,24,acetylcholine,4,10
16007,TmY19a,17266,LC4,24,gaba,19,2
49894,TmY3,20917,LC4,24,acetylcholine,5,10
16033,Li28,20917,LC4,24,gaba,6,0
15091,MeLo8,77614,LC4,24,gaba,6,10
44592,TmY3,24338,LC4,24,acetylcholine,7,10
10787,LT35,24338,LC4,24,gaba,4,0
28051,LC9,22194,LC4,24,acetylcholine,8,10
10787,LT35,23392,LC4,24,gaba,4,0
524037,MeLo8,533129,LC4,24,gaba,28,0
14245,MeLo8,22328,LC4,24,gaba,9,10
533254,TmY3,29514,LC4,24,acetylcholine,10,10
16596,Li28,517752,LC4,24,gaba,1,4
10776,LoVC7,517752,LC4,24,gaba,2,1
15909,Li28,21165,LC4,24,gaba,27,0
20964,Li26,16628,LC4,24,gaba,11,10
11981,Li28,16628,LC4,24,gaba,2,0
524039,Li15,18478,LC4,24,gaba,12,10
55921,TmY3,18478,LC4,24,acetylcholine,13,10
527169,TmY3,81112,LC4,24,acetylcholine,14,10
52540,TmY3,23792,LC4,24,acetylcholine,15,10
16545,Li28,23792,LC4,24,gaba,30,0
541557,TmY3,14888,LC4,24,acetylcholine,16,10
32903,TmY3,14888,LC4,24,acetylcholine,17,10
76042,TmY3,527408,LC4,24,acetylcholine,18,10
10730,LoVC21,527408,LC4,24,gaba,31,0
23893,LT35,111787,LC4,24,gaba,0,0
54807,TmY3,35262,LC4,24,acetylcholine,19,10
85119,Tm4,17054,LC4,24,acetylcholine,20,10
65963,T2,16128,LC4,24,acetylcholine,21,10
50547,TmY3,16128,LC4,24,acetylcholine,22,10
15194,TmY19a,16128,LC4,24,gaba,23,10
16033,Li28,21804,LC4,24,gaba,6,0
49471,TmY3,20016,LC4,24,acetylcholine,10,6
70812,TmY3,19260,LC4,24,acetylcholine,24,10
67124,T2,19550,LC4,24,acetylcholine,25,10
23893,LT35,518544,LC4,24,gaba,0,0
15440,Li17,20542,LC4,24,gaba,0,3
67390,TmY3,17364,LC4,24,acetylcholine,26,10
55756,TmY3,17364,LC4,24,acetylcholine,27,10
512951,TmY3,530029,LC4,24,acetylcholine,28,10
11981,Li28,18127,LC4,24,gaba,2,0
10787,LT35,18127,LC4,24,gaba,4,0
523411,TmY3,100485,LC4,24,acetylcholine,29,10
68842,TmY3,21313,LC4,24,acetylcholine,30,10
11254,LT41,20808,LC4,23,gaba,31,10
25454,TmY19a,22966,LC4,23,gaba,0,11
533161,TmY3,520449,LC4,23,acetylcholine,1,11
513770,MeLo8,511914,LC4,23,gaba,2,11
91777,TmY3,17987,LC4,23,acetylcholine,3,11
51767,TmY3,17548,LC4,23,acetylcholine,4,11
50244,TmY3,17548,LC4,23,acetylcholine,5,11
16596,Li28,21721,LC4,23,gaba,1,4
526014,TmY3,532254,LC4,23,acetylcholine,6,11
55706,TmY3,19954,LC4,23,acetylcholine,7,11
23798,LC9,19954,LC4,23,acetylcholine,8,11
67942,TmY3,17668,LC4,23,acetylcholine,9,11
43989,TmY3,20859,LC4,23,acetylcholine,10,11
23818,TmY3,20859,LC4,23,acetylcholine,21,9
10787,LT35,38065,LC4,23,gaba,4,0
60979,TmY3,17926,LC4,23,acetylcholine,11,11
46881,TmY3,17926,LC4,23,acetylcholine,12,11
45948,TmY3,17926,LC4,23,acetylcholine,13,11
37733,TmY3,17926,LC4,23,acetylcholine,30,1
13051,MeLo8,17926,LC4,23,gaba,20,2
10776,LoVC7,23226,LC4,23,gaba,2,1
535221,TmY3,12349,LC4,23,acetylcholine,14,11
50477,TmY3,17478,LC4,23,acetylcholine,15,11
10611,Li39,17478,LC4,23,gaba,15,0
102087,TmY3,34845,LC4,23,acetylcholine,16,11
524624,TmY3,17653,LC4,23,acetylcholine,17,11
49534,TmY3,17653,LC4,23,acetylcholine,18,11
42303,TmY3,17653,LC4,23,acetylcholine,19,11
23175,LC14a-1,17653,LC4,23,acetylcholine,20,11
543435,TmY3,24523,LC4,23,acetylcholine,21,11
10085,Am1,24523,LC4,23,gaba,28,1
11049,Li30,20967,LC4,23,gaba,14,0
10085,Am1,20967,LC4,23,gaba,28,1
537054,TmY3,512366,LC4,23,acetylcholine,22,11
80933,TmY3,31301,LC4,23,acetylcholine,23,11
69317,TmY3,512705,LC4,23,acetylcholine,24,11
51870,TmY3,22034,LC4,23,acetylcholine,25,11
12468,LoVC13,30803,LC4,23,gaba,14,7
52154,TmY3,524899,LC4,23,acetylcholine,13,5
10787,LT35,21287,LC4,23,gaba,4,0
58320,TmY3,18189,LC4,23,acetylcholine,26,11
50602,TmY3,18189,LC4,23,acetylcholine,27,11
10787,LT35,23929,LC4,23,gaba,4,0
20000,LC9,30087,LC4,23,acetylcholine,28,11
11940,MeLo8,518439,LC4,23,gaba,14,9
10085,Am1,518439,LC4,23,gaba,28,1
13485,MeLo8,17608,LC4,23,gaba,29,11
52540,TmY3,20673,LC4,23,acetylcholine,15,10
133960,LC9,518016,LC4,23,acetylcholine,26,3
41265,TmY3,518016,LC4,23,acetylcholine,30,11
539132,TmY3,20976,LC4,23,acetylcholine,31,11
67508,TmY3,17270,LC4,23,acetylcholine,0,12
10611,Li39,17270,LC4,23,gaba,15,0
15182,Li17,516909,LC4,23,gaba,17,1
13191,Li30,516909,LC4,23,gaba,4,2
520556,T2,515900,LC4,23,acetylcholine,1,12
12722,LoVC21,31429,LC4,23,gaba,3,1
10093,Am1,20588,LC4,23,gaba,0,2
45310,TmY3,20917,LC4,23,acetylcholine,2,12
58246,TmY3,77614,LC4,23,acetylcholine,3,12
12722,LoVC21,77614,LC4,23,gaba,3,1
53156,TmY3,22194,LC4,23,acetylcholine,4,12
13594,MeLo8,22194,LC4,23,gaba,5,12
68842,TmY3,23392,LC4,23,acetylcholine,30,10
48283,TmY3,23392,LC4,23,acetylcholine,12,7
522889,MeLo8,533129,LC4,23,gaba,15,2
513525,TmY3,533129,LC4,23,acetylcholine,6,12
10085,Am1,533129,LC4,23,gaba,28,1
23526,LC9,25584,LC4,23,acetylcholine,7,12
50633,TmY3,22328,LC4,23,acetylcholine,8,12
30638,LC9,22328,LC4,23,acetylcholine,9,12
16611,TmY19b,22328,LC4,23,gaba,10,12
30661,LC9,29514,LC4,23,acetylcholine,11,12
532687,TmY3,22922,LC4,23,acetylcholine,12,12
12004,MeLo8,22922,LC4,23,gaba,13,12
89266,TmY3,21165,LC4,23,acetylcholine,14,12
62015,TmY3,21165,LC4,23,acetylcholine,9,9
544499,Tlp13,16628,LC4,23,glutamate,15,12
86352,TmY3,16628,LC4,23,acetylcholine,16,9
10776,LoVC7,519931,LC4,23,gaba,2,1
51542,TmY3,18478,LC4,23,acetylcholine,19,9
22257,PVLP046,27624,LC4,23,gaba,16,12
10093,Am1,20282,LC4,23,gaba,0,2
10093,Am1,26112,LC4,23,gaba,0,2
23923,LC9,21336,LC4,23,acetylcholine,17,12
15909,Li28,21336,LC4,23,gaba,27,0
53678,TmY3,14888,LC4,23,acetylcholine,18,12
76064,T2,519650,LC4,23,acetylcholine,19,12
513750,TmY3,518730,LC4,23,acetylcholine,20,12
513559,LC9,518730,LC4,23,acetylcholine,21,12
518612,TmY3,12824,LC4,23,acetylcholine,22,12
15263,Li28,12824,LC4,23,gaba,3,2
10776,LoVC7,12824,LC4,23,gaba,2,1
48781,TmY3,527408,LC4,23,acetylcholine,23,12
23047,Li28,527408,LC4,23,gaba,20,0
49840,LC9,12032,LC4,23,acetylcholine,24,12
14108,TmY19a,12032,LC4,23,gaba,25,12
15949,Tm4,111787,LC4,23,acetylcholine,26,12
10611,Li39,111787,LC4,23,gaba,15,0
14209,Li28,35262,LC4,23,gaba,7,1
83354,TmY3,23202,LC4,23,acetylcholine,27,12
15263,Li28,23202,LC4,23,gaba,3,2
10611,Li39,23202,LC4,23,gaba,15,0
75928,T2,17054,LC4,23,acetylcholine,28,12
60382,T2,17054,LC4,23,acetylcholine,29,12
45252,TmY3,17054,LC4,23,acetylcholine,30,12
31008,LC14a-1,17054,LC4,23,acetylcholine,31,12
10093,Am1,17054,LC4,23,gaba,0,2
74409,TmY3,16128,LC4,23,acetylcholine,0,13
60290,TmY3,16128,LC4,23,acetylcholine,1,13
82802,TmY3,20016,LC4,23,acetylcholine,2,13
17289,Li29,20016,LC4,23,gaba,13,1
73353,TmY3,15018,LC4,23,acetylcholine,3,13
23893,LT35,15018,LC4,23,gaba,0,0
512199,Li17,514508,LC4,23,gaba,1,2
48929,TmY3,19550,LC4,23,acetylcholine,4,13
76751,TmY3,20542,LC4,23,acetylcholine,5,13
51770,TmY3,29563,LC4,23,acetylcholine,6,13
74408,Tm4,17364,LC4,23,acetylcholine,7,13
65867,TmY3,17364,LC4,23,acetylcholine,8,13
93394,TmY3,37587,LC4,23,acetylcholine,9,13
17289,Li29,20808,LC4,22,gaba,13,1
16033,Li28,20808,LC4,22,gaba,6,0
53402,TmY3,22966,LC4,22,acetylcholine,10,13
51306,TmY3,22966,LC4,22,acetylcholine,11,13
47898,TmY3,22966,LC4,22,acetylcholine,12,6
519053,TmY3,520449,LC4,22,acetylcholine,8,7
70359,T2,19543,LC4,22,acetylcholine,12,13
69915,TmY3,19543,LC4,22,acetylcholine,13,13
61737,TmY3,19543,LC4,22,acetylcholine,14,13
10730,LoVC21,19543,LC4,22,gaba,31,0
55071,TmY3,28945,LC4,22,acetylcholine,15,13
11254,LT41,28945,LC4,22,gaba,31,10
82493,Tm4,19634,LC4,22,acetylcholine,16,13
14709,MeLo8,19634,LC4,22,gaba,17,13
61637,T2,17548,LC4,22,acetylcholine,18,13
17289,Li29,17548,LC4,22,gaba,13,1
79339,TmY3,21721,LC4,22,acetylcholine,19,13
42281,TmY3,532254,LC4,22,acetylcholine,20,13
15019,Li28,532254,LC4,22,gaba,12,0
10093,Am1,19954,LC4,22,gaba,0,2
72027,Tm4,17668,LC4,22,acetylcholine,21,13
50822,TmY3,17668,LC4,22,acetylcholine,3,4
15581,LC9,17668,LC4,22,acetylcholine,22,13
13191,Li30,20859,LC4,22,gaba,4,2
10085,Am1,20859,LC4,22,gaba,28,1
14979,MeLo8,27829,LC4,22,gaba,23,13
517193,LoVC7,17926,LC4,22,gaba,1,1
65533,TmY3,31262,LC4,22,acetylcholine,24,13
10085,Am1,518983,LC4,22,gaba,28,1
68842,TmY3,23098,LC4,22,acetylcholine,30,10
516704,TmY3,17478,LC4,22,acetylcholine,25,13
10158,LT56,17653,LC4,22,glutamate,31,5
535656,TmY3,20440,LC4,22,acetylcholine,26,13
515474,TmY3,20440,LC4,22,acetylcholine,27,13
541994,TmY3,17340,LC4,22,acetylcholine,28,13
10611,Li39,17340,LC4,22,gaba,15,0
68138,TmY3,22975,LC4,22,acetylcholine,29,13
60698,TmY3,22975,LC4,22,acetylcholine,30,13
23893,LT35,35616,LC4,22,gaba,0,0
512155,LC9,535341,LC4,22,acetylcholine,31,13
10787,LT35,30480,LC4,22,gaba,4,0
36868,TmY3,512705,LC4,22,acetylcholine,0,14
55730,TmY3,22034,LC4,22,acetylcholine,1,14
519082,TmY3,515476,LC4,22,acetylcholine,2,14
55609,TmY3,515476,LC4,22,acetylcholine,3,14
539413,LT56,30803,LC4,22,glutamate,4,14
53288,TmY3,30803,LC4,22,acetylcholine,5,14
10776,LoVC7,524899,LC4,22,gaba,2,1
73542,TmY3,32597,LC4,22,acetylcholine,6,14
523984,LC9,27750,LC4,22,acetylcholine,7,14
513904,SAD049,27750,LC4,22,acetylcholine,8,14
89310,T2,27750,LC4,22,acetylcholine,9,14
535655,T2,20572,LC4,22,acetylcholine,10,14
76274,TmY3,20572,LC4,22,acetylcholine,11,14
533872,TmY3,29469,LC4,22,acetylcholine,12,14
30351,LC9,29469,LC4,22,acetylcholine,13,14
27152,LC9,29469,LC4,22,acetylcholine,14,14
82659,T2,23929,LC4,22,acetylcholine,15,14
74678,TmY3,23929,LC4,22,acetylcholine,16,14
61380,TmY3,23929,LC4,22,acetylcholine,17,14
539413,LT56,20399,LC4,22,glutamate,4,14
50955,TmY3,20399,LC4,22,acetylcholine,18,14
522925,TmY3,30087,LC4,22,acetylcholine,19,14
531862,LT41,518439,LC4,22,gaba,31,3
82407,TmY3,518439,LC4,22,acetylcholine,20,14
23893,LT35,518439,LC4,22,gaba,0,0
533984,TmY3,17608,LC4,22,acetylcholine,21,14
32152,LC14a-1,17608,LC4,22,acetylcholine,22,14
63397,TmY3,22847,LC4,22,acetylcholine,23,14
56400,TmY3,22847,LC4,22,acetylcholine,14,3
67508,TmY3,518016,LC4,22,acetylcholine,0,12
15263,Li28,518016,LC4,22,gaba,3,2
47407,TmY3,20976,LC4,22,acetylcholine,24,14
15263,Li28,20976,LC4,22,gaba,3,2
518885,TmY3,17270,LC4,22,acetylcholine,25,14
542548,TmY3,515900,LC4,22,acetylcholine,26,14
61785,TmY3,515900,LC4,22,acetylcholine,27,14
59376,TmY3,17266,LC4,22,acetylcholine,28,14
75290,TmY3,18396,LC4,22,acetylcholine,29,14
56907,TmY3,21225,LC4,22,acetylcholine,30,14
51191,TmY3,21225,LC4,22,acetylcholine,26,7
45948,TmY3,21225,LC4,22,acetylcholine,13,11
16545,Li28,21225,LC4,22,gaba,30,0
23616,LC9,25584,LC4,22,acetylcholine,31,14
15281,Li17,25584,LC4,22,gaba,0,15
515449,Tm4,28980,LC4,22,acetylcholine,1,15
20264,Li28,514956,LC4,22,gaba,5,2
85382,TmY3,29514,LC4,22,acetylcholine,2,15
63656,TmY3,21165,LC4,22,acetylcholine,3,15
61435,TmY3,21165,LC4,22,acetylcholine,4,15
68920,T2,16628,LC4,22,acetylcholine,5,15
22264,TmY3,16628,LC4,22,acetylcholine,6,15
29876,TmY3,519931,LC4,22,acetylcholine,7,15
46402,TmY3,18478,LC4,22,acetylcholine,14,2
41370,TmY3,18478,LC4,22,acetylcholine,8,15
10776,LoVC7,18478,LC4,22,gaba,2,1
34365,TmY3,27624,LC4,22,acetylcholine,9,15
65897,TmY3,81112,LC4,22,acetylcholine,10,15
18154,TmY3,81112,LC4,22,acetylcholine,11,8
58376,TmY3,26112,LC4,22,acetylcholine,11,15
44782,TmY3,26112,LC4,22,acetylcholine,12,15
16033,Li28,21336,LC4,22,gaba,6,0
54766,TmY3,23792,LC4,22,acetylcholine,26,8
44782,TmY3,23792,LC4,22,acetylcholine,12,15
17315,Li30,14888,LC4,22,gaba,27,1
19292,Li28,518730,LC4,22,gaba,13,0
23893,LT35,29417,LC4,22,gaba,0,0
512526,TmY3,12824,LC4,22,acetylcholine,13,15
10093,Am1,527408,LC4,22,gaba,0,2
20214,TmY3,35262,LC4,22,acetylcholine,19,8
547650,TmY3,16128,LC4,22,acetylcholine,15,1
84421,T2,16128,LC4,22,acetylcholine,14,15
60404,TmY3,20016,LC4,22,acetylcholine,15,15
67942,TmY3,19260,LC4,22,acetylcholine,9,11
65235,T2,19260,LC4,22,acetylcholine,16,15
17280,Li28,19260,LC4,22,gaba,1,0
54973,Tm4,514508,LC4,22,acetylcholine,17,15
42281,TmY3,514508,LC4,22,acetylcholine,20,13
10093,Am1,19550,LC4,22,gaba,0,2
51988,TmY3,21151,LC4,22,acetylcholine,18,15
28398,LC9,19420,LC4,22,acetylcholine,19,15
955658695,Li17,107513,LC4,22,gaba,20,15
23893,LT35,107513,LC4,22,gaba,0,0
68951,TmY3,20542,LC4,22,acetylcholine,21,15
46586,TmY3,20542,LC4,22,acetylcholine,22,15
52432,TmY3,29563,LC4,22,acetylcholine,23,15
23047,Li28,29563,LC4,22,gaba,20,0
517193,LoVC7,17364,LC4,22,gaba,1,1
11894,MeLo8,530029,LC4,22,gaba,24,15
13588,Li30,16138,LC4,22,gaba,12,1
68840,TmY3,18127,LC4,22,acetylcholine,25,15
40599,TmY3,18127,LC4,22,acetylcholine,26,15
521516,Li30,100485,LC4,22,gaba,27,15
40933,TmY3,100485,LC4,22,acetylcholine,21,6
11981,Li28,21313,LC4,22,gaba,2,0
10093,Am1,21313,LC4,22,gaba,0,2
68345,T2,22966,LC4,21,acetylcholine,28,15
48320,TmY3,22966,LC4,21,acetylcholine,29,15
534258,Tm4,511914,LC4,21,acetylcholine,30,15
171332,T2,511914,LC4,21,acetylcholine,31,15
52457,TmY3,17987,LC4,21,acetylcholine,0,16
54032,TmY3,19543,LC4,21,acetylcholine,1,16
11981,Li28,19543,LC4,21,gaba,2,0
54766,TmY3,28945,LC4,21,acetylcholine,26,8
54274,TmY3,28945,LC4,21,acetylcholine,26,9
14903,Li17,19634,LC4,21,gaba,21,0
66999,T2,17548,LC4,21,acetylcholine,2,16
51934,TmY3,17548,LC4,21,acetylcholine,3,16
535466,TmY3,21721,LC4,21,acetylcholine,4,16
518729,TmY3,532254,LC4,21,acetylcholine,5,16
23893,LT35,532254,LC4,21,gaba,0,0
30680,LC9,16809,LC4,21,acetylcholine,6,16
17596,Li28,16809,LC4,21,gaba,9,2
61394,T2,19954,LC4,21,acetylcholine,7,16
58320,TmY3,19954,LC4,21,acetylcholine,26,11
55084,TmY3,19954,LC4,21,acetylcholine,8,16
49322,TmY3,19954,LC4,21,acetylcholine,9,16
517193,LoVC7,17668,LC4,21,gaba,1,1
65867,TmY3,17668,LC4,21,acetylcholine,8,13
59277,TmY3,17668,LC4,21,acetylcholine,21,8
52163,TmY3,17668,LC4,21,acetylcholine,10,16
16415,Li30,17668,LC4,21,gaba,11,4
520073,T2,20859,LC4,21,acetylcholine,11,16
54122,TmY3,38065,LC4,21,acetylcholine,11,2
23047,Li28,38065,LC4,21,gaba,20,0
512942,TmY3,27829,LC4,21,acetylcholine,12,16
56006,T2,17926,LC4,21,acetylcholine,13,16
51767,TmY3,17926,LC4,21,acetylcholine,4,11
10730,LoVC21,31262,LC4,21,gaba,31,0
527169,TmY3,12349,LC4,21,acetylcholine,14,10
523564,PVLP011,12349,LC4,21,gaba,14,16
26920,LC9,12349,LC4,21,acetylcholine,21,1
23522,TmY19b,12349,LC4,21,gaba,15,16
47686,TmY3,23098,LC4,21,acetylcholine,16,16
527085,TmY3,17478,LC4,21,acetylcholine,17,16
524263,Tlp12,17478,LC4,21,glutamate,18,16
42988,TmY3,34845,LC4,21,acetylcholine,19,16
23893,LT35,34845,LC4,21,gaba,0,0
10611,Li39,34845,LC4,21,gaba,15,0
10776,LoVC7,17653,LC4,21,gaba,2,1
520330,MeLo8,17340,LC4,21,gaba,20,16
539372,TmY3,24523,LC4,21,acetylcholine,21,16
518612,TmY3,24523,LC4,21,acetylcholine,22,12
16040,Pm7_Li28,24523,LC4,21,gaba,7,0
10933,MeLo8,24523,LC4,21,gaba,25,6
16040,Pm7_Li28,20967,LC4,21,gaba,7,0
512528,TmY3,35616,LC4,21,acetylcholine,26,5
13524,MeLo8,35616,LC4,21,gaba,22,16
20477,TmY3,512366,LC4,21,acetylcholine,23,16
56389,TmY3,30480,LC4,21,acetylcholine,24,16
10611,Li39,31301,LC4,21,gaba,15,0
10611,Li39,512705,LC4,21,gaba,15,0
517193,LoVC7,22034,LC4,21,gaba,1,1
14245,MeLo8,22034,LC4,21,gaba,9,10
10085,Am1,515476,LC4,21,gaba,28,1
62181,TmY3,30803,LC4,21,acetylcholine,25,16
54237,TmY3,30803,LC4,21,acetylcholine,30,7
24967,TmY19a,30803,LC4,21,gaba,26,16
11940,MeLo8,32597,LC4,21,gaba,14,9
521503,TmY3,27750,LC4,21,acetylcholine,18,5
20846,TmY3,27750,LC4,21,acetylcholine,27,16
62490,TmY3,17860,LC4,21,acetylcholine,28,16
11378,CB1280,17860,LC4,21,acetylcholine,29,16
54116,TmY3,21287,LC4,21,acetylcholine,29,6
55084,TmY3,18189,LC4,21,acetylcholine,8,16
51981,TmY3,18189,LC4,21,acetylcholine,30,16
25409,LC9,18189,LC4,21,acetylcholine,31,16
15019,Li28,20572,LC4,21,gaba,12,0
10776,LoVC7,20572,LC4,21,gaba,2,1
23893,LT35,29469,LC4,21,gaba,0,0
15095,MeLo8,23929,LC4,21,gaba,20,6
76751,TmY3,20399,LC4,21,acetylcholine,5,13
61435,TmY3,20399,LC4,21,acetylcholine,4,15
14528,MeLo8,20399,LC4,21,gaba,0,17
69458,TmY3,518439,LC4,21,acetylcholine,12,9
14108,TmY19a,518439,LC4,21,gaba,25,12
59936,T2,17608,LC4,21,acetylcholine,1,17
22651,Pm7_Li28,22847,LC4,21,gaba,0,6
18319,TmY19b,22847,LC4,21,gaba,22,4
47842,TmY3,20673,LC4,21,acetylcholine,2,17
43855,TmY3,20976,LC4,21,acetylcholine,3,17
12004,MeLo8,20976,LC4,21,gaba,13,12
10611,Li39,20976,LC4,21,gaba,15,0
13524,MeLo8,17270,LC4,21,gaba,22,16
581248,T2,516909,LC4,21,acetylcholine,4,17
10085,Am1,516909,LC4,21,gaba,28,1
515903,LC9,515900,LC4,21,acetylcholine,5,17
68260,Tm3,515900,LC4,21,acetylcholine,6,17
61158,T2,515900,LC4,21,acetylcholine,7,17
31415,TmY3,515900,LC4,21,acetylcholine,8,17
13112,MeLo8,515900,LC4,21,gaba,9,17
520221,TmY3,31429,LC4,21,acetylcholine,9,7
14209,Li28,31429,LC4,21,gaba,7,1
63397,TmY3,17266,LC4,21,acetylcholine,23,14
73050,T2,20588,LC4,21,acetylcholine,10,17
61737,TmY3,20588,LC4,21,acetylcholine,14,13
58527,TmY3,20588,LC4,21,acetylcholine,11,17
516812,TmY3,22772,LC4,21,acetylcholine,22,9
51992,TmY3,22772,LC4,21,acetylcholine,12,17
70188,T2,24338,LC4,21,acetylcholine,13,17
15281,Li17,22194,LC4,21,gaba,0,15
42006,TmY3,23392,LC4,21,acetylcholine,14,17
10093,Am1,23392,LC4,21,gaba,0,2
51767,TmY3,21225,LC4,21,acetylcholine,4,11
15182,Li17,533129,LC4,21,gaba,17,1
68605,T2,25584,LC4,21,acetylcholine,15,17
524687,Tm4,28980,LC4,21,acetylcholine,16,17
29070,TmY3,28980,LC4,21,acetylcholine,28,5
15019,Li28,28980,LC4,21,gaba,12,0
955658695,Li17,514956,LC4,21,gaba,20,15
546854,TmY3,29514,LC4,21,acetylcholine,17,17
514298,TmY3,517752,LC4,21,acetylcholine,18,17
62403,TmY3,21165,LC4,21,acetylcholine,19,17
60713,TmY3,21165,LC4,21,acetylcholine,20,17
58857,TmY3,16628,LC4,21,acetylcholine,21,17
27194,PVLP046,16628,LC4,21,gaba,18,3
59048,TmY3,519931,LC4,21,acetylcholine,22,17
51395,TmY3,519931,LC4,21,acetylcholine,23,17
41167,TmY3,519931,LC4,21,acetylcholine,24,17
23396,LC9,519931,LC4,21,acetylcholine,25,17
13408,MeLo8,519931,LC4,21,gaba,15,5
290800,Li14,27624,LC4,21,glutamate,26,17
77216,TmY3,81112,LC4,21,acetylcholine,27,17
50644,TmY3,26112,LC4,21,acetylcholine,28,17
23616,LC9,21336,LC4,21,acetylcholine,31,14
10093,Am1,21336,LC4,21,gaba,0,2
52051,TmY3,23792,LC4,21,acetylcholine,29,17
27891,LC9,23792,LC4,21,acetylcholine,30,17
44489,TmY3,14888,LC4,21,acetylcholine,25,3
58157,TmY3,519650,LC4,21,acetylcholine,31,17
158425,T2,29417,LC4,21,acetylcholine,0,18
27194,PVLP046,29417,LC4,21,gaba,18,3
10085,Am1,12824,LC4,21,gaba,28,1
52973,TmY3,527408,LC4,21,acetylcholine,19,7
95620,TmY3,12032,LC4,21,acetylcholine,1,18
71683,TmY3,12032,LC4,21,acetylcholine,23,8
47130,Tm4,12032,LC4,21,acetylcholine,2,18
42281,TmY3,12032,LC4,21,acetylcholine,20,13
518214,TmY3,111787,LC4,21,acetylcholine,3,18
55992,TmY3,17054,LC4,21,acetylcholine,4,18
32549,LC9,16128,LC4,21,acetylcholine,5,18
15829,Li17,16128,LC4,21,gaba,7,4
10093,Am1,21804,LC4,21,gaba,0,2
80606,TmY3,20016,LC4,21,acetylcholine,18,6
10051,Li39,19260,LC4,21,gaba,8,0
11940,MeLo8,514508,LC4,21,gaba,14,9
61885,T2,19550,LC4,21,acetylcholine,6,18
41349,TmY3,19550,LC4,21,acetylcholine,7,18
17987,LC4,19550,LC4,21,acetylcholine,8,18
60404,TmY3,21151,LC4,21,acetylcholine,15,15
54495,TmY3,21151,LC4,21,acetylcholine,9,18
23030,LPLC1,21151,LC4,21,acetylcholine,10,18
11378,CB1280,21151,LC4,21,acetylcholine,29,16
80606,TmY3,19420,LC4,21,acetylcholine,18,6
12966,LoVC13,107513,LC4,21,gaba,0,1
517193,LoVC7,20542,LC4,21,gaba,1,1
92481,TmY3,20542,LC4,21,acetylcholine,11,18
10093,Am1,20542,LC4,21,gaba,0,2
41464,TmY3,29563,LC4,21,acetylcholine,12,18
81284,Tm4,17364,LC4,21,acetylcholine,13,18
50822,TmY3,17364,LC4,21,acetylcholine,3,4
524582,T2,37587,LC4,21,acetylcholine,14,18
55999,TmY3,530029,LC4,21,acetylcholine,15,18
57486,TmY3,16138,LC4,21,acetylcholine,16,18
28232,LC9,16138,LC4,21,acetylcholine,17,18
48514,TmY3,18127,LC4,21,acetylcholine,18,18
10093,Am1,18127,LC4,21,gaba,0,2
52328,TmY3,21313,LC4,21,acetylcholine,19,18
24110,LC9,21313,LC4,21,acetylcholine,20,18
51231,TmY3,20808,LC4,20,acetylcholine,21,18
50333,TmY3,20808,LC4,20,acetylcholine,22,18
93144,Tm4,22966,LC4,20,acetylcholine,23,18
33474,SAD049,22966,LC4,20,acetylcholine,24,18
55043,TmY3,17987,LC4,20,acetylcholine,25,18
15194,TmY19a,17987,LC4,20,gaba,23,10
85856,TmY3,19543,LC4,20,acetylcholine,26,18
66275,T2,19543,LC4,20,acetylcholine,27,18
13594,MeLo8,19543,LC4,20,gaba,5,12
79952,T2,28945,LC4,20,acetylcholine,28,18
77673,Tm4,28945,LC4,20,acetylcholine,29,18
14886,Li17,28945,LC4,20,gaba,27,3
12468,LoVC13,28945,LC4,20,gaba,14,7
10093,Am1,28945,LC4,20,gaba,0,2
56643,TmY3,19634,LC4,20,acetylcholine,30,18
49199,TmY3,17548,LC4,20,acetylcholine,31,18
48609,TmY3,17548,LC4,20,acetylcholine,1,6
34129,TmY3,21721,LC4,20,acetylcholine,0,19
459330,TmY3,16917,LC4,20,acetylcholine,14,5
17939,PVLP046,16917,LC4,20,gaba,1,19
95620,TmY3,532254,LC4,20,acetylcholine,1,18
33077,LC9,532254,LC4,20,acetylcholine,2,19
512943,TmY3,18432,LC4,20,acetylcholine,3,19
519827,TmY3,16809,LC4,20,acetylcholine,4,19
10611,Li39,16809,LC4,20,gaba,15,0
54371,TmY3,17668,LC4,20,acetylcholine,5,19
44914,TmY3,17668,LC4,20,acetylcholine,6,19
20703,Li26,17668,LC4,20,gaba,7,19
65348,TmY3,17926,LC4,20,acetylcholine,8,19
48894,TmY3,17926,LC4,20,acetylcholine,9,19
59346,TmY3,31262,LC4,20,acetylcholine,10,19
521516,Li30,23226,LC4,20,gaba,27,15
16596,Li28,23226,LC4,20,gaba,1,4
15666,Li17,23226,LC4,20,gaba,20,8
19292,Li28,518983,LC4,20,gaba,13,0
518624,TmY3,12349,LC4,20,acetylcholine,11,19
49788,TmY3,23098,LC4,20,acetylcholine,12,19
23832,Li26,17478,LC4,20,gaba,13,19
13308,Li29,17478,LC4,20,gaba,14,19
31570,LC9,34845,LC4,20,acetylcholine,15,19
96716,T2,17653,LC4,20,acetylcholine,16,19
539413,LT56,22975,LC4,20,glutamate,4,14
26535,Tlp14,22975,LC4,20,glutamate,17,19
544294,TmY3,24523,LC4,20,acetylcholine,18,19
45442,TmY3,535341,LC4,20,acetylcholine,19,19
61954,TmY3,512366,LC4,20,acetylcholine,20,19
68337,TmY3,30480,LC4,20,acetylcholine,21,19
63397,TmY3,30480,LC4,20,acetylcholine,23,14
17699,TmY19a,30480,LC4,20,gaba,22,19
23893,LT35,512705,LC4,20,gaba,0,0
522456,TmY3,22034,LC4,20,acetylcholine,23,19
75067,TmY3,22034,LC4,20,acetylcholine,24,19
51770,TmY3,22034,LC4,20,acetylcholine,6,13
11254,LT41,22034,LC4,20,gaba,31,10
20264,Li28,515476,LC4,20,gaba,5,2
10158,LT56,515476,LC4,20,glutamate,31,5
87624,Tm4,30803,LC4,20,acetylcholine,25,19
10085,Am1,524899,LC4,20,gaba,28,1
57781,TmY3,32597,LC4,20,acetylcholine,30,9
56038,TmY3,32597,LC4,20,acetylcholine,26,19
23893,LT35,32597,LC4,20,gaba,0,0
16596,Li28,32597,LC4,20,gaba,1,4
65987,Tlp12,526286,LC4,20,glutamate,27,19
525994,Tm4,27750,LC4,20,acetylcholine,28,19
43599,LC9,27750,LC4,20,acetylcholine,29,19
77136,Tm4,17860,LC4,20,acetylcholine,30,19
63397,TmY3,17860,LC4,20,acetylcholine,23,14
54116,TmY3,17860,LC4,20,acetylcholine,29,6
25956,Li30,17860,LC4,20,gaba,9,8
16545,Li28,17860,LC4,20,gaba,30,0
10093,Am1,17860,LC4,20,gaba,0,2
25956,Li30,21287,LC4,20,gaba,9,8
20846,TmY3,29469,LC4,20,acetylcholine,27,16
17939,PVLP046,29469,LC4,20,gaba,1,19
77153,T2,20399,LC4,20,acetylcholine,31,19
62015,TmY3,20399,LC4,20,acetylcholine,9,9
532795,Tm4,30087,LC4,20,acetylcholine,0,20
37106,LC9,30087,LC4,20,acetylcholine,1,20
13813,MeLo8,518439,LC4,20,gaba,2,20
125958,Tm4,22847,LC4,20,acetylcholine,3,20
96910,TmY3,22847,LC4,20,acetylcholine,0,7
96667,T2,22847,LC4,20,acetylcholine,4,20
53280,TmY3,20673,LC4,20,acetylcholine,5,20
50955,TmY3,20673,LC4,20,acetylcholine,18,14
518204,TmY3,518016,LC4,20,acetylcholine,1,5
14979,MeLo8,518016,LC4,20,gaba,23,13
17141,TmY3,20976,LC4,20,acetylcholine,6,20
23893,LT35,31308,LC4,20,gaba,0,0
10776,LoVC7,31308,LC4,20,gaba,2,1
10085,Am1,31308,LC4,20,gaba,28,1
36247,TmY3,17270,LC4,20,acetylcholine,7,20
524037,MeLo8,516909,LC4,20,gaba,28,0
543810,T2,515900,LC4,20,acetylcholine,8,20
62275,TmY3,515900,LC4,20,acetylcholine,9,20
72421,TmY3,19794,LC4,20,acetylcholine,10,20
16659,PVLP011,19794,LC4,20,gaba,11,20
90691,Tm4,17266,LC4,20,acetylcholine,12,20
65619,TmY3,17266,LC4,20,acetylcholine,13,20
10051,Li39,17266,LC4,20,gaba,8,0
62589,TmY3,20588,LC4,20,acetylcholine,14,20
56984,TmY3,20588,LC4,20,acetylcholine,15,20
31498,LC9,20588,LC4,20,acetylcholine,21,2
32480,TmY3,22772,LC4,20,acetylcholine,16,20
12475,LoVC15,20917,LC4,20,gaba,17,20
955658695,Li17,18396,LC4,20,gaba,20,15
67580,T2,22194,LC4,20,acetylcholine,18,20
56984,TmY3,22194,LC4,20,acetylcholine,15,20
15909,Li28,22194,LC4,20,gaba,27,0
49516,TmY3,21225,LC4,20,acetylcholine,15,9
49854,TmY3,533129,LC4,20,acetylcholine,6,2
31805,LC9,533129,LC4,20,acetylcholine,19,20
10611,Li39,533129,LC4,20,gaba,15,0
73139,Tm3,25584,LC4,20,acetylcholine,20,20
14452,MeLo8,28980,LC4,20,gaba,21,20
71594,Tm4,22328,LC4,20,acetylcholine,22,20
56762,TmY3,22328,LC4,20,acetylcholine,23,20
42533,TmY3,22328,LC4,20,acetylcholine,29,1
20264,Li28,29514,LC4,20,gaba,5,2
10085,Am1,29514,LC4,20,gaba,28,1
73707,Tm4,22922,LC4,20,acetylcholine,24,20
55920,TmY3,22922,LC4,20,acetylcholine,25,20
10611,Li39,22922,LC4,20,gaba,15,0
13875,MeLo8,517752,LC4,20,gaba,25,4
53236,TmY3,21165,LC4,20,acetylcholine,26,20
10093,Am1,21165,LC4,20,gaba,0,2
73748,Tm4,16628,LC4,20,acetylcholine,27,20
62265,T2,16628,LC4,20,acetylcholine,28,20
24100,Li15,16628,LC4,20,gaba,29,20
523479,MeLo8,519931,LC4,20,gaba,0,8
77588,Tm4,18478,LC4,20,acetylcholine,30,20
10611,Li39,18478,LC4,20,gaba,15,0
104871,TmY3,27624,LC4,20,acetylcholine,31,20
20434,PVLP046,27624,LC4,20,gaba,0,21
81659,T2,20282,LC4,20,acetylcholine,1,21
67796,TmY3,20282,LC4,20,acetylcholine,2,21
14118,Li30,20282,LC4,20,gaba,19,0
517251,TmY3,81112,LC4,20,acetylcholine,3,21
164164,T2,81112,LC4,20,acetylcholine,4,21
57202,TmY3,81112,LC4,20,acetylcholine,5,21
29898,LC9,81112,LC4,20,acetylcholine,6,21
10085,Am1,81112,LC4,20,gaba,28,1
23047,Li28,26112,LC4,20,gaba,20,0
49372,TmY3,21336,LC4,20,acetylcholine,7,21
45421,TmY3,23792,LC4,20,acetylcholine,8,21
25956,Li30,23792,LC4,20,gaba,9,8
23047,Li28,23792,LC4,20,gaba,20,0
15440,Li17,23792,LC4,20,gaba,0,3
523824,TmY3,519650,LC4,20,acetylcholine,9,21
514060,TmY3,519650,LC4,20,acetylcholine,3,6
13600,CB2664,12824,LC4,20,acetylcholine,10,21
62142,T2,527408,LC4,20,acetylcholine,11,21
512121,CB1280,12032,LC4,20,acetylcholine,12,21
23875,Li26,12032,LC4,20,gaba,13,21
14209,Li28,111787,LC4,20,gaba,7,1
12722,LoVC21,111787,LC4,20,gaba,3,1
74766,T2,17054,LC4,20,acetylcholine,14,21
67084,T2,17054,LC4,20,acetylcholine,15,21
21429,Li26,17054,LC4,20,gaba,16,21
16659,PVLP011,17054,LC4,20,gaba,11,20
66336,T2,16128,LC4,20,acetylcholine,17,21
65348,TmY3,16128,LC4,20,acetylcholine,8,19
60961,TmY3,21804,LC4,20,acetylcholine,18,21
75888,Tm4,20016,LC4,20,acetylcholine,19,21
14709,MeLo8,20016,LC4,20,gaba,17,13
11378,CB1280,20016,LC4,20,acetylcholine,29,16
513904,SAD049,15018,LC4,20,acetylcholine,8,14
56972,TmY3,15018,LC4,20,acetylcholine,20,21
13813,MeLo8,15018,LC4,20,gaba,2,20
60337,TmY3,19260,LC4,20,acetylcholine,21,21
79339,TmY3,514508,LC4,20,acetylcholine,19,13
54469,TmY3,19550,LC4,20,acetylcholine,22,21
12912,MeLo8,19550,LC4,20,gaba,12,2
45442,TmY3,518544,LC4,20,acetylcholine,19,19
36868,TmY3,518544,LC4,20,acetylcholine,0,14
86352,TmY3,19420,LC4,20,acetylcholine,16,9
80376,TmY3,19420,LC4,20,acetylcholine,23,21
54371,TmY3,19420,LC4,20,acetylcholine,5,19
17289,Li29,19420,LC4,20,gaba,13,1
580200,Tm4,107513,LC4,20,acetylcholine,24,21
522456,TmY3,29563,LC4,20,acetylcholine,23,19
48186,TmY3,29563,LC4,20,acetylcholine,7,6
77526,Tm4,17364,LC4,20,acetylcholine,25,21
55518,TmY3,17364,LC4,20,acetylcholine,26,21
54495,TmY3,17364,LC4,20,acetylcholine,9,18
17596,Li28,37587,LC4,20,gaba,9,2
537455,TmY3,530029,LC4,20,acetylcholine,27,21
520494,TmY3,530029,LC4,20,acetylcholine,28,21
17596,Li28,530029,LC4,20,gaba,9,2
13849,MeLo8,16138,LC4,20,gaba,29,21
60979,TmY3,18127,LC4,20,acetylcholine,11,11
32962,TmY3,18127,LC4,20,acetylcholine,30,21
17280,Li28,18127,LC4,20,gaba,1,0
54211,TmY3,21313,LC4,20,acetylcholine,31,21
49516,TmY3,21313,LC4,20,acetylcholine,15,9
58221,T2,20808,LC4,19,acetylcholine,0,22
30638,LC9,20808,LC4,19,acetylcholine,9,12
10093,Am1,20808,LC4,19,gaba,0,2
10051,Li39,20808,LC4,19,gaba,8,0
81773,Tm4,22966,LC4,19,acetylcholine,1,22
543810,T2,520449,LC4,19,acetylcholine,8,20
529360,TmY3,520449,LC4,19,acetylcholine,2,22
13112,MeLo8,520449,LC4,19,gaba,9,17
93329,TmY3,511914,LC4,19,acetylcholine,3,22
19292,Li28,511914,LC4,19,gaba,13,0
75419,T2,19543,LC4,19,acetylcholine,4,22
62912,T2,19543,LC4,19,acetylcholine,5,22
54423,TmY3,19543,LC4,19,acetylcholine,6,22
48267,TmY3,19543,LC4,19,acetylcholine,7,22
15909,Li28,28945,LC4,19,gaba,27,0
58735,TmY3,19634,LC4,19,acetylcholine,9,3
52256,TmY3,19634,LC4,19,acetylcholine,8,22
50955,TmY3,19634,LC4,19,acetylcholine,18,14
10093,Am1,17548,LC4,19,gaba,0,2
73776,TmY3,16917,LC4,19,acetylcholine,9,22
12242,SAD055,532254,LC4,19,acetylcholine,22,8
61640,TmY3,16809,LC4,19,acetylcholine,10,22
35302,TmY3,16809,LC4,19,acetylcholine,11,22
75623,Tm4,17668,LC4,19,acetylcholine,12,22
60337,TmY3,17668,LC4,19,acetylcholine,21,21
49340,TmY3,17668,LC4,19,acetylcholine,24,1
17289,Li29,17668,LC4,19,gaba,13,1
16429,Li17,17668,LC4,19,gaba,16,3
531323,Tm4,20859,LC4,19,acetylcholine,13,22
518561,TmY3,20859,LC4,19,acetylcholine,26,2
43879,Tlp12,20859,LC4,19,glutamate,14,22
35193,TmY3,20859,LC4,19,acetylcholine,15,22
11049,Li30,20859,LC4,19,gaba,14,0
55730,TmY3,38065,LC4,19,acetylcholine,1,14
58744,T2,17926,LC4,19,acetylcholine,16,22
43313,TmY3,17926,LC4,19,acetylcholine,11,9
16545,Li28,17926,LC4,19,gaba,30,0
78464,TmY3,31262,LC4,19,acetylcholine,17,22
529359,TmY3,518983,LC4,19,acetylcholine,18,22
522370,TmY3,518983,LC4,19,acetylcholine,19,22
516070,Li17,12349,LC4,19,gaba,20,22
66681,Li14,12349,LC4,19,glutamate,21,22
43423,TmY3,12349,LC4,19,acetylcholine,22,22
10093,Am1,23098,LC4,19,gaba,0,2
534863,T2,17478,LC4,19,acetylcholine,23,22
10158,LT56,17478,LC4,19,glutamate,31,5
516469,TmY3,34845,LC4,19,acetylcholine,24,22
19476,LC9,34845,LC4,19,acetylcholine,25,22
84257,T2,17653,LC4,19,acetylcholine,26,22
13600,CB2664,17653,LC4,19,acetylcholine,10,21
12710,LoVC14,17653,LC4,19,gaba,27,22
12196,Li29,17653,LC4,19,gaba,28,22
34129,TmY3,20440,LC4,19,acetylcholine,0,19
27998,LC9,20440,LC4,19,acetylcholine,29,22
12242,SAD055,20440,LC4,19,acetylcholine,22,8
23047,Li28,22975,LC4,19,gaba,20,0
14778,MeLo8,22975,LC4,19,gaba,30,22
10093,Am1,22975,LC4,19,gaba,0,2
534131,Tm4,24523,LC4,19,acetylcholine,31,22
535402,TmY3,20967,LC4,19,acetylcholine,0,23
48623,TmY3,20967,LC4,19,acetylcholine,1,23
43989,TmY3,20967,LC4,19,acetylcholine,10,11
33369,TmY3,20967,LC4,19,acetylcholine,2,23
25115,TmY3,20967,LC4,19,acetylcholine,3,23
75576,TmY3,35616,LC4,19,acetylcholine,4,23
102828,TmY3,512366,LC4,19,acetylcholine,5,23
40535,TmY3,512366,LC4,19,acetylcholine,6,23
38730,LC9,512366,LC4,19,acetylcholine,7,23
66282,TmY3,30480,LC4,19,acetylcholine,29,7
49654,TmY3,30480,LC4,19,acetylcholine,8,23
46302,TmY3,30480,LC4,19,acetylcholine,9,23
79123,TmY3,512705,LC4,19,acetylcholine,10,23
59737,TmY3,22034,LC4,19,acetylcholine,11,23
44782,TmY3,22034,LC4,19,acetylcholine,12,15
15440,Li17,22034,LC4,19,gaba,0,3
10051,Li39,22034,LC4,19,gaba,8,0
533254,TmY3,515476,LC4,19,acetylcholine,10,10
111055,Tm4,30803,LC4,19,acetylcholine,12,23
97913,T2,30803,LC4,19,acetylcholine,13,23
52973,TmY3,30803,LC4,19,acetylcholine,19,7
51652,TmY3,30803,LC4,19,acetylcholine,14,23
11254,LT41,30803,LC4,19,gaba,31,10
76335,Tm4,524899,LC4,19,acetylcholine,15,23
20264,Li28,32597,LC4,19,gaba,5,2
17939,PVLP046,526286,LC4,19,gaba,1,19
14979,MeLo8,526286,LC4,19,gaba,23,13
533202,TmY3,33137,LC4,19,acetylcholine,16,23
10085,Am1,33137,LC4,19,gaba,28,1
541667,TmY3,17860,LC4,19,acetylcholine,17,23
517193,LoVC7,17860,LC4,19,gaba,1,1
59376,TmY3,17860,LC4,19,acetylcholine,28,14
55615,TmY3,17860,LC4,19,acetylcholine,18,23
50573,TmY3,17860,LC4,19,acetylcholine,19,23
84039,T2,21287,LC4,19,acetylcholine,20,23
75097,Tm4,21287,LC4,19,acetylcholine,21,23
63094,TmY3,21287,LC4,19,acetylcholine,22,23
50573,TmY3,21287,LC4,19,acetylcholine,19,23
49471,TmY3,21287,LC4,19,acetylcholine,10,6
10051,Li39,21287,LC4,19,gaba,8,0
22233,TmY3,20572,LC4,19,acetylcholine,23,23
531862,LT41,29469,LC4,19,gaba,31,3
522441,TmY3,29469,LC4,19,acetylcholine,24,23
54807,TmY3,29469,LC4,19,acetylcholine,19,10
43599,LC9,29469,LC4,19,acetylcholine,29,19
43542,TmY3,29469,LC4,19,acetylcholine,25,23
20264,Li28,29469,LC4,19,gaba,5,2
10085,Am1,29469,LC4,19,gaba,28,1
74060,TmY3,23929,LC4,19,acetylcholine,26,23
72555,T2,23929,LC4,19,acetylcholine,27,23
69672,T2,23929,LC4,19,acetylcholine,28,23
63023,TmY3,23929,LC4,19,acetylcholine,29,23
33309,LC9,23929,LC4,19,acetylcholine,30,23
11102,PVLP046,23929,LC4,19,gaba,20,4
89266,TmY3,20399,LC4,19,acetylcholine,14,12
23893,LT35,30087,LC4,19,gaba,0,0
20264,Li28,30087,LC4,19,gaba,5,2
537455,TmY3,17608,LC4,19,acetylcholine,27,21
25696,TmY3,17608,LC4,19,acetylcholine,31,23
24256,TmY19b,17608,LC4,19,gaba,0,24
517193,LoVC7,22847,LC4,19,gaba,1,1
60684,TmY3,22847,LC4,19,acetylcholine,26,6
40784,LC9,22847,LC4,19,acetylcholine,1,24
33968,LC9,22847,LC4,19,acetylcholine,2,24
11254,LT41,22847,LC4,19,gaba,31,10
75067,TmY3,20673,LC4,19,acetylcholine,24,19
73476,T2,20673,LC4,19,acetylcholine,3,24
48690,TmY3,20673,LC4,19,acetylcholine,29,3
46586,TmY3,20673,LC4,19,acetylcholine,22,15
10093,Am1,20673,LC4,19,gaba,0,2
10611,Li39,518016,LC4,19,gaba,15,0
41498,Tlp13,20976,LC4,19,glutamate,4,24
15182,Li17,20976,LC4,19,gaba,17,1
15019,Li28,20976,LC4,19,gaba,12,0
10776,LoVC7,20976,LC4,19,gaba,2,1
516547,TmY3,17270,LC4,19,acetylcholine,5,24
516376,TmY3,17270,LC4,19,acetylcholine,6,24
525590,TmY3,516909,LC4,19,acetylcholine,2,4
50674,TmY3,516909,LC4,19,acetylcholine,7,24
518939,Li25,515900,LC4,19,gaba,8,24
12824,LC4,515900,LC4,19,acetylcholine,9,24
517958,TmY3,31429,LC4,19,acetylcholine,10,24
52494,TmY3,31429,LC4,19,acetylcholine,11,24
63580,TmY3,19794,LC4,19,acetylcholine,12,24
10093,Am1,19794,LC4,19,gaba,0,2
75097,Tm4,17266,LC4,19,acetylcholine,21,23
55615,TmY3,17266,LC4,19,acetylcholine,18,23
47432,TmY3,17266,LC4,19,acetylcholine,13,24
10093,Am1,17266,LC4,19,gaba,0,2
11981,Li28,20588,LC4,19,gaba,2,0
512199,Li17,22772,LC4,19,gaba,1,2
118639,T2,22772,LC4,19,acetylcholine,14,24
65730,T2,20917,LC4,19,acetylcholine,15,24
12912,MeLo8,20917,LC4,19,gaba,12,2
57164,TmY3,24338,LC4,19,acetylcholine,16,24
13594,MeLo8,24338,LC4,19,gaba,5,12
11254,LT41,24338,LC4,19,gaba,31,10
10051,Li39,24338,LC4,19,gaba,8,0
12966,LoVC13,18396,LC4,19,gaba,0,1
72009,T2,22194,LC4,19,acetylcholine,17,24
69836,Tm4,22194,LC4,19,acetylcholine,18,24
61292,T2,22194,LC4,19,acetylcholine,19,24
57247,TmY3,22194,LC4,19,acetylcholine,20,24
47696,TmY3,22194,LC4,19,acetylcholine,18,7
47360,TmY3,21225,LC4,19,acetylcholine,21,24
50674,TmY3,533129,LC4,19,acetylcholine,7,24
50345,TmY3,25584,LC4,19,acetylcholine,22,24
48607,TmY3,25584,LC4,19,acetylcholine,23,24
39692,TmY3,25584,LC4,19,acetylcholine,22,3
13849,MeLo8,25584,LC4,19,gaba,29,21
55082,TmY3,28980,LC4,19,acetylcholine,24,24
34129,TmY3,28980,LC4,19,acetylcholine,0,19
41464,TmY3,22328,LC4,19,acetylcholine,12,18
16033,Li28,22328,LC4,19,gaba,6,0
15665,SAD064,22328,LC4,19,acetylcholine,25,24
10093,Am1,22328,LC4,19,gaba,0,2
22257,PVLP046,514956,LC4,19,gaba,16,12
51395,TmY3,22922,LC4,19,acetylcholine,23,17
26217,T2,22922,LC4,19,acetylcholine,26,24
15019,Li28,22922,LC4,19,gaba,12,0
10776,LoVC7,22922,LC4,19,gaba,2,1
512812,TmY3,517752,LC4,19,acetylcholine,27,24
32522,LC9,21165,LC4,19,acetylcholine,28,24
22651,Pm7_Li28,21165,LC4,19,gaba,0,6
15440,Li17,21165,LC4,19,gaba,0,3
512121,CB1280,18478,LC4,19,acetylcholine,12,21
149560,Tm4,18478,LC4,19,acetylcholine,29,24
531862,LT41,27624,LC4,19,gaba,31,3
71856,TmY3,27624,LC4,19,acetylcholine,30,24
52334,TmY3,20282,LC4,19,acetylcholine,31,24
27362,Li14,81112,LC4,19,glutamate,0,25
10158,LT56,81112,LC4,19,glutamate,31,5
56389,TmY3,26112,LC4,19,acetylcholine,24,16
54205,TmY3,26112,LC4,19,acetylcholine,28,6
29903,LC9,26112,LC4,19,acetylcholine,1,25
72244,T2,21336,LC4,19,acetylcholine,2,25
10730,LoVC21,21336,LC4,19,gaba,31,0
10787,LT35,23792,LC4,19,gaba,4,0
543562,TmY3,519650,LC4,19,acetylcholine,3,25
44982,TmY3,519650,LC4,19,acetylcholine,4,25
537455,TmY3,29417,LC4,19,acetylcholine,27,21
42279,TmY3,29417,LC4,19,acetylcholine,5,25
20846,TmY3,29417,LC4,19,acetylcholine,27,16
519994,TmY3,12824,LC4,19,acetylcholine,6,25
515633,TmY3,12824,LC4,19,acetylcholine,31,2
52101,TmY3,12824,LC4,19,acetylcholine,7,25
25128,TmY19b,527408,LC4,19,gaba,8,25
23929,LC4,527408,LC4,19,acetylcholine,9,25
19178,TmY19a,527408,LC4,19,gaba,10,25
537008,TmY3,12032,LC4,19,acetylcholine,20,5
63432,TmY3,12032,LC4,19,acetylcholine,11,25
41370,TmY3,12032,LC4,19,acetylcholine,8,15
36817,TmY3,111787,LC4,19,acetylcholine,12,25
30675,TmY3,111787,LC4,19,acetylcholine,13,25
161176,Tm3,23202,LC4,19,acetylcholine,14,25
145978,TmY3,23202,LC4,19,acetylcholine,15,25
114801,T2,23202,LC4,19,acetylcholine,16,25
69841,T2,17054,LC4,19,acetylcholine,17,25
67377,T2,17054,LC4,19,acetylcholine,18,25
48714,TmY3,17054,LC4,19,acetylcholine,19,25
70037,TmY3,16128,LC4,19,acetylcholine,20,25
42010,TmY3,16128,LC4,19,acetylcholine,31,7
130658,Tm4,20016,LC4,19,acetylcholine,21,25
51988,TmY3,20016,LC4,19,acetylcholine,18,15
96176,Tm4,15018,LC4,19,acetylcholine,22,25
67990,TmY3,15018,LC4,19,acetylcholine,8,6
40255,LC9,15018,LC4,19,acetylcholine,23,25
27624,LC4,15018,LC4,19,acetylcholine,24,25
108268,Tm4,19260,LC4,19,acetylcholine,25,25
85664,TmY3,19260,LC4,19,acetylcholine,26,25
59277,TmY3,19260,LC4,19,acetylcholine,21,8
32962,TmY3,19260,LC4,19,acetylcholine,30,21
16415,Li30,19260,LC4,19,gaba,11,4
34129,TmY3,514508,LC4,19,acetylcholine,0,19
53376,TmY3,21151,LC4,19,acetylcholine,27,25
16549,Li30,21151,LC4,19,gaba,27,9
16545,Li28,21151,LC4,19,gaba,30,0
16596,Li28,518544,LC4,19,gaba,1,4
73795,TmY3,19420,LC4,19,acetylcholine,23,2
52163,TmY3,19420,LC4,19,acetylcholine,10,16
23751,LPLC1,19420,LC4,19,acetylcholine,28,25
20264,Li28,107513,LC4,19,gaba,5,2
112206,Tm4,20542,LC4,19,acetylcholine,29,25
16611,TmY19b,20542,LC4,19,gaba,10,12
15909,Li28,20542,LC4,19,gaba,27,0
31828,LC9,29563,LC4,19,acetylcholine,30,25
92406,Tm4,17364,LC4,19,acetylcholine,31,25
54448,TmY3,17364,LC4,19,acetylcholine,6,6
22790,LPLC1,17364,LC4,19,acetylcholine,0,26
10093,Am1,17364,LC4,19,gaba,0,2
517553,TmY3,37587,LC4,19,acetylcholine,1,26
167402,T2,530029,LC4,19,acetylcholine,2,26
47368,TmY3,16138,LC4,19,acetylcholine,17,6
15665,SAD064,16138,LC4,19,acetylcholine,25,24
73029,T2,18127,LC4,19,acetylcholine,3,26
16260,Li17,18127,LC4,19,gaba,4,26
13588,Li30,18127,LC4,19,gaba,12,1
85852,TmY3,100485,LC4,19,acetylcholine,5,26
29070,TmY3,100485,LC4,19,acetylcholine,28,5
15666,Li17,100485,LC4,19,gaba,20,8
10611,Li39,100485,LC4,19,gaba,15,0
10085,Am1,100485,LC4,19,gaba,28,1
10730,LoVC21,21313,LC4,19,gaba,31,0
10532,MeVC26,21313,LC4,19,acetylcholine,6,26
72982,T2,20808,LC4,18,acetylcholine,7,26
10093,Am1,22966,LC4,18,gaba,0,2
532156,TmY3,511914,LC4,18,acetylcholine,8,26
26514,LC9,511914,LC4,18,acetylcholine,9,26
102969,T2,17987,LC4,18,acetylcholine,10,26
76334,TmY3,17987,LC4,18,acetylcholine,11,26
52407,TmY3,17987,LC4,18,acetylcholine,12,26
20062,Li17,17987,LC4,18,gaba,13,26
18077,TmY19a,17987,LC4,18,gaba,14,26
59349,Tm2,19543,LC4,18,acetylcholine,15,26
52151,TmY3,19543,LC4,18,acetylcholine,16,26
26996,LC9,19543,LC4,18,acetylcholine,17,26
10093,Am1,19543,LC4,18,gaba,0,2
63886,TmY3,28945,LC4,18,acetylcholine,18,26
82802,TmY3,19634,LC4,18,acetylcholine,2,13
73795,TmY3,19634,LC4,18,acetylcholine,23,2
65842,Tm4,17548,LC4,18,acetylcholine,19,26
62357,Tm4,17548,LC4,18,acetylcholine,20,26
46881,TmY3,17548,LC4,18,acetylcholine,12,11
41999,TmY3,17548,LC4,18,acetylcholine,21,26
10480,MeVP53,17548,LC4,18,gaba,11,7
148113,Tm4,21721,LC4,18,acetylcholine,22,26
10085,Am1,21721,LC4,18,gaba,28,1
512336,TmY3,16917,LC4,18,acetylcholine,23,26
14201,TmY19b,16917,LC4,18,gaba,24,26
10611,Li39,16917,LC4,18,gaba,15,0
547593,T2,18432,LC4,18,acetylcholine,25,26
23893,LT35,18432,LC4,18,gaba,0,0
15439,LC9,18432,LC4,18,acetylcholine,13,6
68246,T2,16809,LC4,18,acetylcholine,26,26
71485,T2,19954,LC4,18,acetylcholine,27,26
59361,TmY3,19954,LC4,18,acetylcholine,28,26
55098,TmY3,19954,LC4,18,acetylcholine,29,26
19924,CB2664,19954,LC4,18,acetylcholine,30,26
78912,T2,17668,LC4,18,acetylcholine,31,26
67390,TmY3,17668,LC4,18,acetylcholine,26,10
27686,LC9,17668,LC4,18,acetylcholine,0,27
16545,Li28,17668,LC4,18,gaba,30,0
541782,TmY3,20859,LC4,18,acetylcholine,1,27
535130,TmY3,20859,LC4,18,acetylcholine,2,27
67213,Tm4,20859,LC4,18,acetylcholine,3,27
43520,TmY3,20859,LC4,18,acetylcholine,4,27
33476,LC9,20859,LC4,18,acetylcholine,5,27
12242,SAD055,20859,LC4,18,acetylcholine,22,8
47929,TmY3,38065,LC4,18,acetylcholine,23,3
32061,LC9,38065,LC4,18,acetylcholine,6,27
547907,T2,27829,LC4,18,acetylcholine,7,27
50547,TmY3,17926,LC4,18,acetylcholine,22,10
48721,TmY3,17926,LC4,18,acetylcholine,22,7
48514,TmY3,17926,LC4,18,acetylcholine,18,18
17315,Li30,518983,LC4,18,gaba,27,1
10085,Am1,12349,LC4,18,gaba,28,1
70812,TmY3,23098,LC4,18,acetylcholine,24,10
61045,TmY3,23098,LC4,18,acetylcholine,8,27
13051,MeLo8,23098,LC4,18,gaba,20,2
99421,Tm4,17478,LC4,18,acetylcholine,9,27
62581,TmY3,34845,LC4,18,acetylcholine,10,27
35926,T2,34845,LC4,18,acetylcholine,11,27
22027,TmY3,17653,LC4,18,acetylcholine,16,2
21379,Tlp12,17653,LC4,18,glutamate,12,27
512121,CB1280,20440,LC4,18,acetylcholine,12,21
41167,TmY3,20440,LC4,18,acetylcholine,24,17
32480,TmY3,20440,LC4,18,acetylcholine,16,20
10251,MeVP53,17340,LC4,18,gaba,13,27
10085,Am1,17340,LC4,18,gaba,28,1
14380,MeLo8,22975,LC4,18,gaba,14,27
68118,Tm4,24523,LC4,18,acetylcholine,15,27
15263,Li28,35616,LC4,18,gaba,3,2
10776,LoVC7,35616,LC4,18,gaba,2,1
10611,Li39,35616,LC4,18,gaba,15,0
533980,TmY3,512366,LC4,18,acetylcholine,16,27
43423,TmY3,512366,LC4,18,acetylcholine,22,22
35501,LC9,512366,LC4,18,acetylcholine,17,27
17596,Li28,512366,LC4,18,gaba,9,2
94826,Tm4,30480,LC4,18,acetylcholine,18,27
82135,TmY3,30480,LC4,18,acetylcholine,19,27
54205,TmY3,30480,LC4,18,acetylcholine,28,6
25138,Li26,30480,LC4,18,gaba,20,27
58949,TmY3,31301,LC4,18,acetylcholine,21,27
27860,LC9,31301,LC4,18,acetylcholine,18,1
67508,TmY3,512705,LC4,18,acetylcholine,0,12
539413,LT56,22034,LC4,18,glutamate,4,14
47842,TmY3,22034,LC4,18,acetylcholine,2,17
17939,PVLP046,515476,LC4,18,gaba,1,19
15666,Li17,515476,LC4,18,gaba,20,8
47898,TmY3,30803,LC4,18,acetylcholine,12,6
18319,TmY19b,30803,LC4,18,gaba,22,4
135975,T2,524899,LC4,18,acetylcholine,22,27
13308,Li29,524899,LC4,18,gaba,14,19
12242,SAD055,524899,LC4,18,acetylcholine,22,8
55609,TmY3,32597,LC4,18,acetylcholine,3,14
36917,TmY3,32597,LC4,18,acetylcholine,23,27
513770,MeLo8,526286,LC4,18,gaba,2,11
25115,TmY3,526286,LC4,18,acetylcholine,3,23
12242,SAD055,526286,LC4,18,acetylcholine,22,8
541667,TmY3,21287,LC4,18,acetylcholine,17,23
59009,TmY3,21287,LC4,18,acetylcholine,24,27
53672,TmY3,21287,LC4,18,acetylcholine,25,27
53236,TmY3,21287,LC4,18,acetylcholine,26,20
15829,Li17,18189,LC4,18,gaba,7,4
540363,T2,29469,LC4,18,acetylcholine,26,27
534634,TmY3,29469,LC4,18,acetylcholine,27,27
98500,T2,23929,LC4,18,acetylcholine,28,27
72280,TmY3,23929,LC4,18,acetylcholine,29,27
10093,Am1,23929,LC4,18,gaba,0,2
82857,T2,20399,LC4,18,acetylcholine,30,27
69391,Tm4,20399,LC4,18,acetylcholine,31,27
62505,TmY3,20399,LC4,18,acetylcholine,0,28
10093,Am1,20399,LC4,18,gaba,0,2
514115,T2,30087,LC4,18,acetylcholine,1,28
64125,T2,30087,LC4,18,acetylcholine,2,28
12722,LoVC21,30087,LC4,18,gaba,3,1
518419,TmY19b,518439,LC4,18,gaba,13,8
49833,Li15,518439,LC4,18,gaba,3,28
35147,TmY3,518439,LC4,18,acetylcholine,4,28
32152,LC14a-1,518439,LC4,18,acetylcholine,22,14
24145,T2,518439,LC4,18,unclear,5,28
20434,PVLP046,518439,LC4,18,gaba,0,21
520375,Li_unclear,17608,LC4,18,gaba,6,28
113564,TmY3,17608,LC4,18,acetylcholine,7,28
131985,T2,22847,LC4,18,acetylcholine,8,28
107960,Tm4,22847,LC4,18,acetylcholine,9,28
84732,Tm4,22847,LC4,18,acetylcholine,10,28
54029,TmY3,22847,LC4,18,acetylcholine,25,5
34308,Li25,20673,LC4,18,gaba,11,28
17939,PVLP046,20673,LC4,18,gaba,1,19
14245,MeLo8,20673,LC4,18,gaba,9,10
549466,Tm4,518016,LC4,18,acetylcholine,12,28
27268,LC9,20976,LC4,18,acetylcholine,13,28
23893,LT35,20976,LC4,18,gaba,0,0
12242,SAD055,20976,LC4,18,acetylcholine,22,8
15263,Li28,17270,LC4,18,gaba,3,2
14979,MeLo8,17270,LC4,18,gaba,23,13
15263,Li28,516909,LC4,18,gaba,3,2
519078,T2,515900,LC4,18,acetylcholine,14,28
118092,T2,515900,LC4,18,acetylcholine,15,28
61542,TmY3,515900,LC4,18,acetylcholine,16,28
63546,TmY3,31429,LC4,18,acetylcholine,17,28
52176,TmY3,31429,LC4,18,acetylcholine,18,28
26668,TmY3,31429,LC4,18,acetylcholine,19,28
539413,LT56,17266,LC4,18,glutamate,4,14
95028,Tm4,17266,LC4,18,acetylcholine,20,28
82256,Tm3,17266,LC4,18,acetylcholine,21,28
19924,CB2664,17266,LC4,18,acetylcholine,30,26
16545,Li28,17266,LC4,18,gaba,30,0
73302,T2,20588,LC4,18,acetylcholine,22,28
69121,T2,20588,LC4,18,acetylcholine,23,28
63645,TmY3,20588,LC4,18,acetylcholine,24,28
12331,MeLo8,22772,LC4,18,gaba,8,2
20062,Li17,20917,LC4,18,gaba,13,26
513559,LC9,77614,LC4,18,acetylcholine,21,12
32780,TmY3,77614,LC4,18,acetylcholine,25,28
551773,T2,18396,LC4,18,acetylcholine,26,28
10158,LT56,18396,LC4,18,glutamate,31,5
67295,T2,22194,LC4,18,acetylcholine,27,28
10093,Am1,22194,LC4,18,gaba,0,2
69051,T2,23392,LC4,18,acetylcholine,28,28
54885,TmY3,23392,LC4,18,acetylcholine,29,28
53075,TmY3,23392,LC4,18,acetylcholine,30,28
47686,TmY3,23392,LC4,18,acetylcholine,16,16
64151,T2,21225,LC4,18,acetylcholine,31,28
48514,TmY3,21225,LC4,18,acetylcholine,18,18
42464,Tm2,21225,LC4,18,acetylcholine,0,29
26747,LC9,533129,LC4,18,acetylcholine,1,29
520667,Li25,28980,LC4,18,gaba,2,29
60074,TmY3,29514,LC4,18,acetylcholine,3,29
523479,MeLo8,22922,LC4,18,gaba,0,8
126831,T2,22922,LC4,18,acetylcholine,4,29
43855,TmY3,22922,LC4,18,acetylcholine,3,17
15182,Li17,22922,LC4,18,gaba,17,1
517193,LoVC7,21165,LC4,18,gaba,1,1
48690,TmY3,21165,LC4,18,acetylcholine,29,3
47759,TmY3,21165,LC4,18,acetylcholine,5,29
71408,T2,16628,LC4,18,acetylcholine,6,29
42999,Tlp12,16628,LC4,18,glutamate,7,29
13797,Li29,16628,LC4,18,gaba,8,29
40933,TmY3,519931,LC4,18,acetylcholine,21,6
539723,T2,18478,LC4,18,acetylcholine,9,29
111628,LPi_unclear,18478,LC4,18,glutamate,27,8
94363,T2,27624,LC4,18,acetylcholine,10,29
75166,TmY3,27624,LC4,18,acetylcholine,11,29
67935,TmY3,27624,LC4,18,acetylcholine,12,29
19292,Li28,27624,LC4,18,gaba,13,0
10085,Am1,27624,LC4,18,gaba,28,1
71653,T2,20282,LC4,18,acetylcholine,13,29
51172,TmY3,26112,LC4,18,acetylcholine,14,29
30449,LC9,26112,LC4,18,acetylcholine,15,29
54211,TmY3,21336,LC4,18,acetylcholine,31,21
52328,TmY3,21336,LC4,18,acetylcholine,19,18
51231,TmY3,21336,LC4,18,acetylcholine,21,18
13849,MeLo8,21336,LC4,18,gaba,29,21
63656,TmY3,23792,LC4,18,acetylcholine,3,15
103929,Tm4,14888,LC4,18,acetylcholine,16,29
49534,TmY3,14888,LC4,18,acetylcholine,18,11
35041,Tm4,14888,LC4,18,acetylcholine,17,29
515174,TmY3,518730,LC4,18,acetylcholine,18,29
73776,TmY3,29417,LC4,18,acetylcholine,9,22
12966,LoVC13,29417,LC4,18,gaba,0,1
549652,TmY3,12824,LC4,18,acetylcholine,24,6
518698,TmY3,12824,LC4,18,acetylcholine,19,29
516277,T2,12824,LC4,18,acetylcholine,20,29
76274,TmY3,12824,LC4,18,acetylcholine,11,14
16040,Pm7_Li28,12824,LC4,18,gaba,7,0
56912,TmY3,527408,LC4,18,acetylcholine,21,29
52432,TmY3,527408,LC4,18,acetylcholine,23,15
27194,PVLP046,12032,LC4,18,gaba,18,3
27546,TmY3,111787,LC4,18,acetylcholine,22,29
68366,T2,17054,LC4,18,acetylcholine,23,29
61108,TmY3,17054,LC4,18,acetylcholine,24,29
57627,T2,17054,LC4,18,acetylcholine,25,29
71266,T2,16128,LC4,18,acetylcholine,26,29
65592,Tm4,16128,LC4,18,acetylcholine,27,29
65366,Tm4,16128,LC4,18,acetylcholine,28,29
41762,TmY3,16128,LC4,18,acetylcholine,15,3
41586,TmY3,16128,LC4,18,acetylcholine,29,29
16628,LC4,16128,LC4,18,acetylcholine,30,29
16429,Li17,16128,LC4,18,gaba,16,3
97958,T2,21804,LC4,18,acetylcholine,31,29
90060,T2,21804,LC4,18,acetylcholine,0,30
517193,LoVC7,20016,LC4,18,gaba,1,1
82857,T2,20016,LC4,18,acetylcholine,30,27
75799,Tm4,20016,LC4,18,acetylcholine,1,30
63656,TmY3,20016,LC4,18,acetylcholine,3,15
14903,Li17,20016,LC4,18,gaba,21,0
35147,TmY3,15018,LC4,18,acetylcholine,4,28
32152,LC14a-1,15018,LC4,18,acetylcholine,22,14
23990,TmY3,15018,LC4,18,acetylcholine,27,4
16499,TmY19b,15018,LC4,18,gaba,2,30
72580,T2,19260,LC4,18,acetylcholine,3,30
58937,Tm37,19260,LC4,18,glutamate,4,30
16260,Li17,19260,LC4,18,gaba,4,26
533939,Tlp13,514508,LC4,18,glutamate,5,30
74850,Tm4,19550,LC4,18,acetylcholine,6,30
26957,Li13,19550,LC4,18,gaba,7,30
22677,LPLC2,19550,LC4,18,acetylcholine,8,30
20062,Li17,19550,LC4,18,gaba,13,26
78903,Tm4,21151,LC4,18,acetylcholine,9,30
78740,Tm4,21151,LC4,18,acetylcholine,10,30
56643,TmY3,21151,LC4,18,acetylcholine,30,18
55692,TmY3,21151,LC4,18,acetylcholine,11,30
55023,TmY3,21151,LC4,18,acetylcholine,12,30
17289,Li29,21151,LC4,18,gaba,13,1
16415,Li30,21151,LC4,18,gaba,11,4
539413,LT56,19420,LC4,18,glutamate,4,14
60337,TmY3,19420,LC4,18,acetylcholine,21,21
46121,TmY3,19420,LC4,18,acetylcholine,13,30
14709,MeLo8,19420,LC4,18,gaba,17,13
11378,CB1280,19420,LC4,18,acetylcholine,29,16
514193,Tm3,107513,LC4,18,acetylcholine,14,30
78172,TmY3,20542,LC4,18,acetylcholine,15,30
46324,TmY3,20542,LC4,18,acetylcholine,16,30
539413,LT56,29563,LC4,18,glutamate,4,14
63435,T2,29563,LC4,18,acetylcholine,17,30
55674,TmY3,29563,LC4,18,acetylcholine,27,6
51936,TmY3,29563,LC4,18,acetylcholine,18,30
50633,TmY3,29563,LC4,18,acetylcholine,8,12
10730,LoVC21,29563,LC4,18,gaba,31,0
65619,TmY3,17364,LC4,18,acetylcholine,13,20
31029,Li15,17364,LC4,18,gaba,4,3
27686,LC9,17364,LC4,18,acetylcholine,0,27
20703,Li26,17364,LC4,18,gaba,7,19
524323,TmY3,37587,LC4,18,acetylcholine,19,30
523984,LC9,37587,LC4,18,acetylcholine,7,14
10611,Li39,37587,LC4,18,gaba,15,0
176665,Tm4,530029,LC4,18,acetylcholine,20,30
108365,T2,530029,LC4,18,acetylcholine,21,30
75763,TmY3,530029,LC4,18,acetylcholine,22,30
66671,T2,530029,LC4,18,acetylcholine,23,30
23990,TmY3,530029,LC4,18,acetylcholine,27,4
20264,Li28,530029,LC4,18,gaba,5,2
42006,TmY3,16138,LC4,18,acetylcholine,14,17
16611,TmY19b,16138,LC4,18,gaba,10,12
16545,Li28,16138,LC4,18,gaba,30,0
10051,Li39,16138,LC4,18,gaba,8,0
12638,MeLo8,18127,LC4,18,gaba,11,1
512139,TmY3,100485,LC4,18,acetylcholine,24,30
69096,Tm4,21313,LC4,18,acetylcholine,25,30
49930,TmY3,21313,LC4,18,acetylcholine,26,30
49322,TmY3,21313,LC4,18,acetylcholine,9,16
15909,Li28,21313,LC4,18,gaba,27,0
67028,T2,20808,LC4,17,acetylcholine,27,30
49372,TmY3,20808,LC4,17,acetylcholine,7,21
69216,Y14,22966,LC4,17,glutamate,28,30
53461,TmY3,22966,LC4,17,acetylcholine,25,9
32343,LPLC1,22966,LC4,17,acetylcholine,29,30
17315,Li30,520449,LC4,17,gaba,27,1
12836,T2,520449,LC4,17,acetylcholine,30,30
532157,TmY3,511914,LC4,17,acetylcholine,31,30
520678,T2,511914,LC4,17,acetylcholine,0,31
35844,TmY3,511914,LC4,17,acetylcholine,1,31
110847,T2,17987,LC4,17,acetylcholine,2,31
76840,T2,17987,LC4,17,acetylcholine,3,31
72421,TmY3,17987,LC4,17,acetylcholine,10,20
69577,T2,17987,LC4,17,acetylcholine,4,31
65471,T2,17987,LC4,17,acetylcholine,5,31
63870,TmY3,17987,LC4,17,acetylcholine,6,31
58181,TmY3,17987,LC4,17,acetylcholine,7,31
537029,MeLo8,19543,LC4,17,gaba,8,31
110673,Tm4,19543,LC4,17,acetylcholine,9,31
58553,TmY3,19543,LC4,17,acetylcholine,10,31
76402,T2,28945,LC4,17,acetylcholine,11,31
56493,TmY3,28945,LC4,17,acetylcholine,12,31
51988,TmY3,19634,LC4,17,acetylcholine,18,15
28753,LC9,19634,LC4,17,acetylcholine,13,31
26584,LC9,19634,LC4,17,acetylcholine,14,31
17280,Li28,19634,LC4,17,gaba,1,0
69205,T2,17548,LC4,17,acetylcholine,15,31
43425,TmY3,17548,LC4,17,acetylcholine,16,31
17280,Li28,17548,LC4,17,gaba,1,0
94569,T2,21721,LC4,17,acetylcholine,17,31
20181,Li14,21721,LC4,17,glutamate,18,31
13308,Li29,21721,LC4,17,gaba,14,19
253390708,TmY3,16917,LC4,17,acetylcholine,19,31
546854,TmY3,16917,LC4,17,acetylcholine,17,17
77614,LC4,16917,LC4,17,acetylcholine,20,31
68705,TmY3,532254,LC4,17,acetylcholine,1,9
14108,TmY19a,532254,LC4,17,gaba,25,12
516675,TmY3,16809,LC4,17,acetylcholine,21,31
14209,Li28,16809,LC4,17,gaba,7,1
56007,TmY3,19954,LC4,17,acetylcholine,22,31
50345,TmY3,19954,LC4,17,acetylcholine,22,24
16435,TmY19a,19954,LC4,17,gaba,23,31
12237,SAD055,17668,LC4,17,acetylcholine,24,31
11378,CB1280,17668,LC4,17,acetylcholine,29,16
10093,Am1,38065,LC4,17,gaba,0,2
62699,T2,17926,LC4,17,acetylcholine,25,31
59599,T2,17926,LC4,17,acetylcholine,26,31
41999,TmY3,17926,LC4,17,acetylcholine,21,26
10093,Am1,17926,LC4,17,gaba,0,2
77618,TmY3,31262,LC4,17,acetylcholine,27,31
26535,Tlp14,31262,LC4,17,glutamate,17,19
10093,Am1,31262,LC4,17,gaba,0,2
516140,TmY3,518983,LC4,17,acetylcholine,28,31
86043,Tm4,518983,LC4,17,acetylcholine,29,31
544033,TmY3,12349,LC4,17,acetylcholine,30,31
520330,MeLo8,12349,LC4,17,gaba,20,16
72470,TmY3,12349,LC4,17,acetylcholine,31,31
93568,Tm4,23098,LC4,17,acetylcholine,0,0
48894,TmY3,23098,LC4,17,acetylcholine,9,19
529915,Tm4,17478,LC4,17,acetylcholine,1,0
522890,T2,17478,LC4,17,acetylcholine,2,0
12242,SAD055,17478,LC4,17,acetylcholine,22,8
52548,TmY3,34845,LC4,17,acetylcholine,28,9
28247,TmY3,34845,LC4,17,acetylcholine,3,0
17596,Li28,34845,LC4,17,gaba,9,2
70659,TmY3,17653,LC4,17,acetylcholine,17,9
20013,Li26,17653,LC4,17,gaba,4,0
15261,CB2664,17653,LC4,17,acetylcholine,5,0
13408,MeLo8,20440,LC4,17,gaba,15,5
531182,Tlp12,17340,LC4,17,glutamate,6,0
41601,TmY3,17340,LC4,17,acetylcholine,7,0
14488,LC9,17340,LC4,17,acetylcholine,8,0
10158,LT56,17340,LC4,17,glutamate,31,5
62838,TmY3,22975,LC4,17,acetylcholine,9,0
58967,TmY3,22975,LC4,17,acetylcholine,10,0
56984,TmY3,22975,LC4,17,acetylcholine,15,20
534912,TmY3,24523,LC4,17,acetylcholine,11,0
532157,TmY3,24523,LC4,17,acetylcholine,31,30
513770,MeLo8,24523,LC4,17,gaba,2,11
41827,Tlp12,24523,LC4,17,glutamate,12,0
544294,TmY3,20967,LC4,17,acetylcholine,18,19
543435,TmY3,20967,LC4,17,acetylcholine,21,11
38999,Tlp12,20967,LC4,17,glutamate,13,0
526992,TmY3,535341,LC4,17,acetylcholine,14,0
518214,TmY3,535341,LC4,17,acetylcholine,3,18
517951,Tm4,535341,LC4,17,acetylcholine,15,0
13524,MeLo8,535341,LC4,17,gaba,22,16
10085,Am1,535341,LC4,17,gaba,28,1
87380,TmY3,512366,LC4,17,acetylcholine,16,0
111055,Tm4,30480,LC4,17,acetylcholine,12,23
56493,TmY3,30480,LC4,17,acetylcholine,12,31
47929,TmY3,30480,LC4,17,acetylcholine,23,3
16325,TmY19b,30480,LC4,17,gaba,17,0
525254,TmY3,31301,LC4,17,acetylcholine,18,0
517158,T2,31301,LC4,17,acetylcholine,19,0
23472,TmY19b,31301,LC4,17,gaba,20,0
13577,MeLo8,31301,LC4,17,gaba,21,0
530290,Tm4,512705,LC4,17,acetylcholine,22,0
52051,TmY3,22034,LC4,17,acetylcholine,29,17
88176,T2,515476,LC4,17,acetylcholine,23,0
29675,LC9,515476,LC4,17,acetylcholine,11,5
80783,TmY3,30803,LC4,17,acetylcholine,24,0
76864,TmY3,30803,LC4,17,acetylcholine,25,0
75627,TmY3,524899,LC4,17,acetylcholine,26,0
59741,TmY3,524899,LC4,17,acetylcholine,27,0
41413,TmY3,524899,LC4,17,acetylcholine,4,6
19292,Li28,33137,LC4,17,gaba,13,0
517557,TmY3,27750,LC4,17,acetylcholine,28,0
42073,T2,27750,LC4,17,acetylcholine,29,0
23893,LT35,27750,LC4,17,gaba,0,0
96910,TmY3,17860,LC4,17,acetylcholine,0,7
55023,TmY3,17860,LC4,17,acetylcholine,12,30
68962,T2,18189,LC4,17,acetylcholine,30,0
21769,LPLC2,18189,LC4,17,acetylcholine,31,0
50263,TmY3,20572,LC4,17,acetylcholine,9,6
15058,LPLC1,20572,LC4,17,acetylcholine,0,1
12242,SAD055,20572,LC4,17,acetylcholine,22,8
10085,Am1,20572,LC4,17,gaba,28,1
58949,TmY3,29469,LC4,17,acetylcholine,21,27
84927,T2,23929,LC4,17,acetylcholine,1,1
77084,T2,23929,LC4,17,acetylcholine,2,1
14778,MeLo8,23929,LC4,17,gaba,30,22
517193,LoVC7,20399,LC4,17,gaba,1,1
80567,TmY3,20399,LC4,17,acetylcholine,3,1
74108,Tm4,20399,LC4,17,acetylcholine,4,1
45421,TmY3,20399,LC4,17,acetylcholine,8,21
15665,SAD064,20399,LC4,17,acetylcholine,25,24
14209,Li28,30087,LC4,17,gaba,7,1
12966,LoVC13,30087,LC4,17,gaba,0,1
955658695,Li17,518439,LC4,17,gaba,20,15
166301,T2,518439,LC4,17,acetylcholine,5,1
119193,Tm4,518439,LC4,17,acetylcholine,6,1
116592,T2,518439,LC4,17,acetylcholine,7,1
55618,TmY3,518439,LC4,17,acetylcholine,8,1
27624,LC4,518439,LC4,17,acetylcholine,24,25
521511,T2,17608,LC4,17,acetylcholine,9,1
79471,T2,17608,LC4,17,acetylcholine,10,1
27194,PVLP046,17608,LC4,17,gaba,18,3
539413,LT56,22847,LC4,17,glutamate,4,14
17289,Li29,22847,LC4,17,gaba,13,1
10093,Am1,22847,LC4,17,gaba,0,2
517193,LoVC7,20673,LC4,17,gaba,1,1
82913,Tm4,20673,LC4,17,acetylcholine,11,1
76687,Tm4,20673,LC4,17,acetylcholine,12,1
76502,T2,20673,LC4,17,acetylcholine,13,1
74955,Tm4,20673,LC4,17,acetylcholine,14,1
69765,Tm4,20673,LC4,17,acetylcholine,15,1
62505,TmY3,20673,LC4,17,acetylcholine,0,28
56762,TmY3,20673,LC4,17,acetylcholine,23,20
48897,TmY3,20673,LC4,17,acetylcholine,16,1
41671,TmY3,20673,LC4,17,acetylcholine,7,2
79123,TmY3,518016,LC4,17,acetylcholine,10,23
12722,LoVC21,518016,LC4,17,gaba,3,1
10085,Am1,518016,LC4,17,gaba,28,1
518205,Tm4,17270,LC4,17,acetylcholine,17,1
51098,TmY3,17270,LC4,17,acetylcholine,18,1
46038,TmY3,17270,LC4,17,acetylcholine,19,1
37256,TmY3,17270,LC4,17,acetylcholine,20,1
12722,LoVC21,17270,LC4,17,gaba,3,1
23875,Li26,516909,LC4,17,gaba,13,21
14635,LC9,516909,LC4,17,acetylcholine,21,1
541805,T2,515900,LC4,17,acetylcholine,22,1
537106,Tm4,515900,LC4,17,acetylcholine,23,1
518130,Li13,515900,LC4,17,gaba,24,1
514900,T2,515900,LC4,17,acetylcholine,25,1
12196,Li29,515900,LC4,17,gaba,28,22
45750,TmY3,19794,LC4,17,acetylcholine,26,1
92406,Tm4,17266,LC4,17,acetylcholine,31,25
78469,Tm4,17266,LC4,17,acetylcholine,27,1
82481,Tm4,20588,LC4,17,acetylcholine,28,1
52151,TmY3,20588,LC4,17,acetylcholine,16,26
49942,TmY3,20588,LC4,17,acetylcholine,25,2
43758,Tlp12,22772,LC4,17,glutamate,29,1
77319,T2,20917,LC4,17,acetylcholine,30,1
67216,T2,20917,LC4,17,acetylcholine,31,1
54423,TmY3,20917,LC4,17,acetylcholine,6,22
54213,TmY3,20917,LC4,17,acetylcholine,0,2
513750,TmY3,77614,LC4,17,acetylcholine,20,12
112420,T2,24338,LC4,17,acetylcholine,1,2
69700,T2,24338,LC4,17,acetylcholine,2,2
64913,T2,24338,LC4,17,acetylcholine,3,2
49441,TmY3,24338,LC4,17,acetylcholine,4,2
10730,LoVC21,22194,LC4,17,gaba,31,0
554467,Tm2,23392,LC4,17,acetylcholine,5,2
58703,T2,21225,LC4,17,acetylcholine,6,2
15261,CB2664,533129,LC4,17,acetylcholine,5,0
54216,TmY3,25584,LC4,17,acetylcholine,7,2
16033,Li28,25584,LC4,17,gaba,6,0
11981,Li28,25584,LC4,17,gaba,2,0
75067,TmY3,22328,LC4,17,acetylcholine,24,19
48986,TmY3,22328,LC4,17,acetylcholine,17,7
253390708,TmY3,514956,LC4,17,acetylcholine,19,31
514717,Tm2,514956,LC4,17,acetylcholine,8,2
17596,Li28,514956,LC4,17,gaba,9,2
535324,TmY3,29514,LC4,17,acetylcholine,9,2
513904,SAD049,29514,LC4,17,acetylcholine,8,14
124024,T2,29514,LC4,17,acetylcholine,10,2
16596,Li28,29514,LC4,17,gaba,1,4
514386,Tm4,22922,LC4,17,acetylcholine,11,2
47407,TmY3,22922,LC4,17,acetylcholine,24,14
521269,TmY3,517752,LC4,17,acetylcholine,12,2
521137,TmY3,517752,LC4,17,acetylcholine,13,2
14528,MeLo8,21165,LC4,17,gaba,0,17
11378,CB1280,21165,LC4,17,acetylcholine,29,16
10051,Li39,21165,LC4,17,gaba,8,0
96990,T2,16628,LC4,17,acetylcholine,14,2
74083,Tm4,16628,LC4,17,acetylcholine,15,2
69153,TmY3,16628,LC4,17,acetylcholine,24,2
66029,T2,16628,LC4,17,acetylcholine,16,2
54245,Tm2,16628,LC4,17,acetylcholine,17,2
16128,LC4,16628,LC4,17,acetylcholine,18,2
92887,T2,519931,LC4,17,acetylcholine,19,2
522889,MeLo8,18478,LC4,17,gaba,15,2
95706,T2,18478,LC4,17,acetylcholine,20,2
72933,TmY3,18478,LC4,17,acetylcholine,21,2
61014,TmY3,18478,LC4,17,acetylcholine,22,2
51884,TmY3,18478,LC4,17,acetylcholine,23,2
44971,Tm4,18478,LC4,17,acetylcholine,24,2
11102,PVLP046,18478,LC4,17,gaba,20,4
35302,TmY3,27624,LC4,17,acetylcholine,11,22
88043,T2,20282,LC4,17,acetylcholine,25,2
533822,TmY3,81112,LC4,17,acetylcholine,26,2
79499,T2,26112,LC4,17,acetylcholine,27,2
63886,TmY3,26112,LC4,17,acetylcholine,18,26
55071,TmY3,26112,LC4,17,acetylcholine,15,13
54029,TmY3,26112,LC4,17,acetylcholine,25,5
25956,Li30,26112,LC4,17,gaba,9,8
57247,TmY3,21336,LC4,17,acetylcholine,20,24
539413,LT56,23792,LC4,17,glutamate,4,14
47842,TmY3,23792,LC4,17,acetylcholine,2,17
542512,TmY3,14888,LC4,17,acetylcholine,28,2
48623,TmY3,14888,LC4,17,acetylcholine,1,23
44094,T2,14888,LC4,17,acetylcholine,29,2
37516,LC9,14888,LC4,17,acetylcholine,30,2
529495,TmY3,519650,LC4,17,acetylcholine,31,2
523479,MeLo8,519650,LC4,17,gaba,0,8
86996,TmY3,519650,LC4,17,acetylcholine,0,3
531015,T2,518730,LC4,17,acetylcholine,1,3
76220,T2,518730,LC4,17,acetylcholine,2,3
533986,TmY3,29417,LC4,17,acetylcholine,3,3
110499,Tm3,29417,LC4,17,acetylcholine,4,3
25484,LC9,29417,LC4,17,acetylcholine,5,3
14209,Li28,29417,LC4,17,gaba,7,1
49240,TmY3,12824,LC4,17,acetylcholine,6,3
67802,T2,527408,LC4,17,acetylcholine,7,3
53402,TmY3,527408,LC4,17,acetylcholine,10,13
48186,TmY3,527408,LC4,17,acetylcholine,7,6
11254,LT41,527408,LC4,17,gaba,31,10
29178,TmY3,12032,LC4,17,acetylcholine,8,3
13308,Li29,12032,LC4,17,gaba,14,19
10611,Li39,12032,LC4,17,gaba,15,0
85679,Li13,111787,LC4,17,gaba,9,3
49810,TmY3,111787,LC4,17,acetylcholine,10,3
521516,Li30,35262,LC4,17,gaba,27,15
58538,TmY3,35262,LC4,17,acetylcholine,8,8
52101,TmY3,23202,LC4,17,acetylcholine,7,25
13600,CB2664,23202,LC4,17,acetylcholine,10,21
10085,Am1,23202,LC4,17,gaba,28,1
95361,Tm4,16128,LC4,17,acetylcholine,11,3
66873,Tm3,16128,LC4,17,acetylcholine,12,3
62154,T2,16128,LC4,17,acetylcholine,13,3
47885,Tm2,16128,LC4,17,acetylcholine,14,3
30656,LC9,16128,LC4,17,acetylcholine,15,3
13797,Li29,16128,LC4,17,gaba,8,29
67016,TmY3,21804,LC4,17,acetylcholine,16,3
62549,TmY3,21804,LC4,17,acetylcholine,17,3
106370,Tm4,20016,LC4,17,acetylcholine,18,3
86713,Tm4,20016,LC4,17,acetylcholine,19,3
80084,T2,20016,LC4,17,acetylcholine,20,3
69128,Tm4,20016,LC4,17,acetylcholine,21,3
62490,TmY3,20016,LC4,17,acetylcholine,28,16
60713,TmY3,20016,LC4,17,acetylcholine,20,17
47759,TmY3,20016,LC4,17,acetylcholine,5,29
22651,Pm7_Li28,20016,LC4,17,gaba,0,6
15440,Li17,20016,LC4,17,gaba,0,3
142774,Tm4,15018,LC4,17,acetylcholine,22,3
80265,TmY3,19260,LC4,17,acetylcholine,23,3
47686,TmY3,19260,LC4,17,acetylcholine,16,16
26524,LC9,19260,LC4,17,acetylcholine,24,3
17289,Li29,19260,LC4,17,gaba,13,1
542992,Tm37,514508,LC4,17,glutamate,25,3
10776,LoVC7,514508,LC4,17,gaba,2,1
56931,TmY3,19550,LC4,17,acetylcholine,26,3
10093,Am1,21151,LC4,17,gaba,0,2
523479,MeLo8,518544,LC4,17,gaba,0,8
82922,T2,19420,LC4,17,acetylcholine,27,3
80265,TmY3,19420,LC4,17,acetylcholine,23,3
72803,Tm4,19420,LC4,17,acetylcholine,28,3
46455,Tlp12,19420,LC4,17,glutamate,29,3
13813,MeLo8,107513,LC4,17,gaba,2,20
52485,TmY3,20542,LC4,17,acetylcholine,30,3
50955,TmY3,20542,LC4,17,acetylcholine,18,14
14528,MeLo8,20542,LC4,17,gaba,0,17
77772,Tm4,29563,LC4,17,acetylcholine,31,3
74807,TmY3,29563,LC4,17,acetylcholine,0,4
56912,TmY3,29563,LC4,17,acetylcholine,21,29
51870,TmY3,29563,LC4,17,acetylcholine,25,11
50311,TmY3,29563,LC4,17,acetylcholine,1,4
36098,LC9,29563,LC4,17,acetylcholine,2,4
99520,T2,17364,LC4,17,acetylcholine,3,4
86352,TmY3,17364,LC4,17,acetylcholine,16,9
79643,Tm4,17364,LC4,17,acetylcholine,4,4
76511,Tm4,17364,LC4,17,acetylcholine,5,4
76359,Tm4,17364,LC4,17,acetylcholine,6,4
16429,Li17,17364,LC4,17,gaba,16,3
20434,PVLP046,37587,LC4,17,gaba,0,21
45100,TmY3,530029,LC4,17,acetylcholine,7,4
15018,LC4,530029,LC4,17,acetylcholine,8,4
13900,MeLo8,530029,LC4,17,gaba,18,2
71739,Tm4,16138,LC4,17,acetylcholine,9,4
53075,TmY3,16138,LC4,17,acetylcholine,30,28
51231,TmY3,16138,LC4,17,acetylcholine,21,18
46586,TmY3,16138,LC4,17,acetylcholine,22,15
67175,T2,18127,LC4,17,acetylcholine,10,4
65266,Tm4,18127,LC4,17,acetylcholine,11,4
16596,Li28,100485,LC4,17,gaba,1,4
68605,T2,21313,LC4,17,acetylcholine,15,17
61622,T2,21313,LC4,17,acetylcholine,12,4
56007,TmY3,21313,LC4,17,acetylcholine,22,31
40026,TmY3,21313,LC4,17,acetylcholine,10,5
13849,MeLo8,21313,LC4,17,gaba,29,21
13051,MeLo8,21313,LC4,17,gaba,20,2
65468,T2,20808,LC4,16,acetylcholine,13,4
49441,TmY3,20808,LC4,16,acetylcholine,4,2
15665,SAD064,20808,LC4,16,acetylcholine,25,24
76042,TmY3,22966,LC4,16,acetylcholine,18,10
68138,TmY3,22966,LC4,16,acetylcholine,29,13
53288,TmY3,22966,LC4,16,acetylcholine,5,14
35006,LC9,22966,LC4,16,acetylcholine,14,4
548699,T2,520449,LC4,16,acetylcholine,15,4
77825,Tm4,520449,LC4,16,acetylcholine,16,4
20440,LC4,520449,LC4,16,acetylcholine,17,4
531017,T2,511914,LC4,16,acetylcholine,18,4
10085,Am1,511914,LC4,16,gaba,28,1
75928,T2,17987,LC4,16,acetylcholine,28,12
75159,T2,17987,LC4,16,acetylcholine,19,4
75170,T2,17987,LC4,16,acetylcholine,20,4
72019,Tm3,17987,LC4,16,acetylcholine,21,4
60627,Tm2,17987,LC4,16,acetylcholine,22,4
56610,TmY3,17987,LC4,16,acetylcholine,23,4
38541,LC9,17987,LC4,16,acetylcholine,24,4
18742,LPLC1,17987,LC4,16,acetylcholine,25,4
12586,LC14a-1,17987,LC4,16,acetylcholine,16,0
10093,Am1,17987,LC4,16,gaba,0,2
83539,T2,19543,LC4,16,acetylcholine,26,4
67796,TmY3,19543,LC4,16,acetylcholine,2,21
52334,TmY3,19543,LC4,16,acetylcholine,31,24
51848,TmY3,19543,LC4,16,acetylcholine,27,4
17010,TmY19b,19543,LC4,16,gaba,28,4
14380,MeLo8,19543,LC4,16,gaba,14,27
88848,T2,28945,LC4,16,acetylcholine,29,4
50644,TmY3,28945,LC4,16,acetylcholine,28,17
80567,TmY3,19634,LC4,16,acetylcholine,3,1
68326,Tm4,17548,LC4,16,acetylcholine,30,4
67997,Tm4,17548,LC4,16,acetylcholine,31,4
45119,Tlp12,17548,LC4,16,glutamate,0,5
35994,LC9,17548,LC4,16,acetylcholine,1,5
24508,LPLC1,17548,LC4,16,acetylcholine,2,5
13776,MeLo8,17548,LC4,16,gaba,0,5
13051,MeLo8,17548,LC4,16,gaba,20,2
537894,TmY3,21721,LC4,16,acetylcholine,3,5
11102,PVLP046,21721,LC4,16,gaba,20,4
533986,TmY3,16917,LC4,16,acetylcholine,3,3
521137,TmY3,16917,LC4,16,acetylcholine,13,2
81367,TmY3,16917,LC4,16,acetylcholine,4,5
59786,TmY3,16917,LC4,16,acetylcholine,5,3
25438,SAD064,16917,LC4,16,acetylcholine,5,5
537008,TmY3,532254,LC4,16,acetylcholine,20,5
162209,Tm4,532254,LC4,16,acetylcholine,6,5
61209,Tm4,532254,LC4,16,acetylcholine,7,5
20264,Li28,532254,LC4,16,gaba,5,2
16596,Li28,532254,LC4,16,gaba,1,4
534943,Tm4,18432,LC4,16,acetylcholine,8,5
83405,T2,18432,LC4,16,acetylcholine,9,5
40524,Tlp12,18432,LC4,16,glutamate,10,5
23472,TmY19b,18432,LC4,16,gaba,20,0
18117,TmY3,18432,LC4,16,acetylcholine,11,5
10085,Am1,18432,LC4,16,gaba,28,1
29755,TmY3,16809,LC4,16,acetylcholine,12,5
23893,LT35,16809,LC4,16,gaba,0,0
11102,PVLP046,16809,LC4,16,gaba,20,4
10085,Am1,16809,LC4,16,gaba,28,1
60594,TmY3,19954,LC4,16,acetylcholine,13,5
17289,Li29,19954,LC4,16,gaba,13,1
86354,TmY3,17668,LC4,16,acetylcholine,14,5
82423,T2,17668,LC4,16,acetylcholine,15,5
75480,TmY3,17668,LC4,16,acetylcholine,16,5
70218,Tm4,17668,LC4,16,acetylcholine,17,5
51164,TmY3,17668,LC4,16,acetylcholine,4,9
22264,TmY3,17668,LC4,16,acetylcholine,6,15
11981,Li28,17668,LC4,16,gaba,2,0
13600,CB2664,20859,LC4,16,acetylcholine,10,21
10251,MeVP53,20859,LC4,16,gaba,13,27
62181,TmY3,38065,LC4,16,acetylcholine,25,16
56912,TmY3,38065,LC4,16,acetylcholine,21,29
48490,TmY3,38065,LC4,16,acetylcholine,13,7
19908,TmY19b,38065,LC4,16,gaba,18,5
11254,LT41,38065,LC4,16,gaba,31,10
513203,TmY3,27829,LC4,16,acetylcholine,29,5
19292,Li28,27829,LC4,16,gaba,13,0
18117,TmY3,27829,LC4,16,acetylcholine,11,5
10158,LT56,27829,LC4,16,glutamate,31,5
66277,T2,17926,LC4,16,acetylcholine,19,5
61887,Tm4,17926,LC4,16,acetylcholine,20,5
44747,TmY3,17926,LC4,16,acetylcholine,21,5
22108,TmY3,17926,LC4,16,acetylcholine,15,8
97329,T2,31262,LC4,16,acetylcholine,22,5
62589,TmY3,31262,LC4,16,acetylcholine,14,20
59007,TmY3,31262,LC4,16,acetylcholine,23,5
30269,LC9,31262,LC4,16,acetylcholine,24,5
19642,Li17,31262,LC4,16,gaba,25,5
16659,PVLP011,31262,LC4,16,gaba,11,20
512139,TmY3,23226,LC4,16,acetylcholine,24,30
30320,TmY3,23226,LC4,16,acetylcholine,26,5
513571,TmY3,518983,LC4,16,acetylcholine,27,5
13112,MeLo8,518983,LC4,16,gaba,9,17
73699,TmY3,12349,LC4,16,acetylcholine,28,5
71792,Tm4,12349,LC4,16,acetylcholine,29,5
24765,T2,12349,LC4,16,acetylcholine,30,5
533470,Li17,17478,LC4,16,gaba,16,4
526194,T2,17478,LC4,16,acetylcholine,31,5
512121,CB1280,17478,LC4,16,acetylcholine,12,21
105425,T2,17478,LC4,16,acetylcholine,0,6
73361,T2,17478,LC4,16,acetylcholine,1,6
17939,PVLP046,17478,LC4,16,gaba,1,19
526898,TmY3,34845,LC4,16,acetylcholine,2,6
75059,T2,34845,LC4,16,acetylcholine,3,6
13577,MeLo8,34845,LC4,16,gaba,21,0
557909,LC9,17653,LC4,16,acetylcholine,4,6
533464,Tm4,17653,LC4,16,acetylcholine,5,6
518765,TmY3,17653,LC4,16,acetylcholine,6,6
516834,TmY3,17653,LC4,16,acetylcholine,7,6
120197,T2,17653,LC4,16,acetylcholine,8,6
90789,Tm3,17653,LC4,16,acetylcholine,9,6
44603,Tm4,17653,LC4,16,acetylcholine,10,6
15428,Li26,17653,LC4,16,gaba,11,6
124041,Tm4,20440,LC4,16,acetylcholine,12,6
69230,T2,22975,LC4,16,acetylcholine,13,6
58196,TmY3,22975,LC4,16,acetylcholine,14,6
56067,Tm2,22975,LC4,16,acetylcholine,15,6
53876,Tm2,22975,LC4,16,acetylcholine,16,6
33713,LC9,22975,LC4,16,acetylcholine,17,6
529359,TmY3,24523,LC4,16,acetylcholine,18,22
520557,Tm4,24523,LC4,16,acetylcholine,18,6
32366,LC9,24523,LC4,16,acetylcholine,19,6
17939,PVLP046,24523,LC4,16,gaba,1,19
33563,LC9,20967,LC4,16,acetylcholine,20,6
30995,T2,20967,LC4,16,acetylcholine,21,6
23832,Li26,20967,LC4,16,gaba,13,19
20440,LC4,20967,LC4,16,acetylcholine,17,4
13191,Li30,20967,LC4,16,gaba,4,2
515919,Tm4,35616,LC4,16,acetylcholine,22,6
82926,TmY3,35616,LC4,16,acetylcholine,23,6
36868,TmY3,35616,LC4,16,acetylcholine,0,14
534236,TmY3,535341,LC4,16,acetylcholine,24,6
84632,TmY3,512366,LC4,16,acetylcholine,25,6
57651,Li14,512366,LC4,16,glutamate,26,6
92981,T2,30480,LC4,16,acetylcholine,27,6
82915,Tm4,30480,LC4,16,acetylcholine,28,6
67875,TmY3,30480,LC4,16,acetylcholine,29,6
50644,TmY3,30480,LC4,16,acetylcholine,28,17
10093,Am1,30480,LC4,16,gaba,0,2
514610,Tm4,31301,LC4,16,acetylcholine,30,6
63546,TmY3,31301,LC4,16,acetylcholine,17,28
25438,SAD064,31301,LC4,16,acetylcholine,5,5
103441,Tm4,512705,LC4,16,acetylcholine,31,6
50119,TmY3,512705,LC4,16,acetylcholine,0,7
15263,Li28,512705,LC4,16,gaba,3,2
51936,TmY3,22034,LC4,16,acetylcholine,18,30
12468,LoVC13,22034,LC4,16,gaba,14,7
540523,Tm4,515476,LC4,16,acetylcholine,1,7
89493,T2,30803,LC4,16,acetylcholine,2,7
81607,T2,30803,LC4,16,acetylcholine,3,7
80984,T2,30803,LC4,16,acetylcholine,4,7
68337,TmY3,30803,LC4,16,acetylcholine,21,19
66282,TmY3,30803,LC4,16,acetylcholine,29,7
32061,LC9,30803,LC4,16,acetylcholine,6,27
536884,Tm4,524899,LC4,16,acetylcholine,5,7
72882,Tm4,524899,LC4,16,acetylcholine,6,7
513904,SAD049,32597,LC4,16,acetylcholine,8,14
64349,TmY3,32597,LC4,16,acetylcholine,7,7
42281,TmY3,32597,LC4,16,acetylcholine,20,13
14452,MeLo8,32597,LC4,16,gaba,21,20
14108,TmY19a,32597,LC4,16,gaba,25,12
532157,TmY3,526286,LC4,16,acetylcholine,31,30
530754,TmY3,526286,LC4,16,acetylcholine,8,7
551295,TmY3,33137,LC4,16,acetylcholine,9,7
102087,TmY3,27750,LC4,16,acetylcholine,16,11
26400,Tlp13,27750,LC4,16,glutamate,10,7
12966,LoVC13,27750,LC4,16,gaba,0,1
12722,LoVC21,27750,LC4,16,gaba,3,1
140050,Tm4,17860,LC4,16,acetylcholine,11,7
87749,TmY3,17860,LC4,16,acetylcholine,12,7
80998,Tm4,17860,LC4,16,acetylcholine,13,7
67155,Tm4,17860,LC4,16,acetylcholine,14,7
55864,TmY3,17860,LC4,16,acetylcholine,5,6
53433,TmY3,17860,LC4,16,acetylcholine,28,4
54766,TmY3,21287,LC4,16,acetylcholine,26,8
10480,MeVP53,21287,LC4,16,gaba,11,7
10093,Am1,21287,LC4,16,gaba,0,2
67458,T2,18189,LC4,16,acetylcholine,15,7
59323,T2,18189,LC4,16,acetylcholine,16,7
51767,TmY3,18189,LC4,16,acetylcholine,4,11
47207,Tm2,18189,LC4,16,acetylcholine,17,7
531010,TmY3,20572,LC4,16,acetylcholine,27,2
145978,TmY3,20572,LC4,16,acetylcholine,15,25
33565,Tm4,20572,LC4,16,acetylcholine,18,7
16040,Pm7_Li28,20572,LC4,16,gaba,7,0
524172,TmY3,29469,LC4,16,acetylcholine,19,7
58538,TmY3,29469,LC4,16,acetylcholine,8,8
63401,TmY3,23929,LC4,16,acetylcholine,20,7
44677,TmY3,23929,LC4,16,acetylcholine,21,7
79162,T2,20399,LC4,16,acetylcholine,22,7
68951,TmY3,20399,LC4,16,acetylcholine,21,15
54503,TmY3,20399,LC4,16,acetylcholine,23,7
49550,TmY3,30087,LC4,16,acetylcholine,24,7
96165,TmY3,518439,LC4,16,acetylcholine,25,7
73542,TmY3,518439,LC4,16,acetylcholine,6,14
73353,TmY3,518439,LC4,16,acetylcholine,3,13
65597,Tm4,518439,LC4,16,acetylcholine,26,7
64193,TmY3,518439,LC4,16,acetylcholine,27,7
43506,LC9,518439,LC4,16,acetylcholine,28,7
55570,TmY3,17608,LC4,16,acetylcholine,29,7
34365,TmY3,17608,LC4,16,acetylcholine,9,15
128578,T2,22847,LC4,16,acetylcholine,30,7
72175,Tlp13,22847,LC4,16,glutamate,31,7
34892,LC9,22847,LC4,16,acetylcholine,0,8
16325,TmY19b,22847,LC4,16,gaba,17,0
73116,T2,20673,LC4,16,acetylcholine,1,8
11254,LT41,20673,LC4,16,gaba,31,10
539284,Tm4,518016,LC4,16,acetylcholine,2,8
14209,Li28,518016,LC4,16,gaba,7,1
84282,Tm4,20976,LC4,16,acetylcholine,3,8
75576,TmY3,20976,LC4,16,acetylcholine,4,23
16596,Li28,31308,LC4,16,gaba,1,4
59741,TmY3,516909,LC4,16,acetylcholine,27,0
37840,TmY3,516909,LC4,16,acetylcholine,4,8
580446,Tm4,515900,LC4,16,acetylcholine,5,8
526199,TmY3,515900,LC4,16,acetylcholine,6,8
61702,Tm2,515900,LC4,16,acetylcholine,7,8
44094,T2,515900,LC4,16,acetylcholine,29,2
41679,Li15,515900,LC4,16,gaba,8,8
20775,LC14a-1,515900,LC4,16,acetylcholine,5,0
18413,Li17,31429,LC4,16,gaba,9,8
93066,Tm4,19794,LC4,16,acetylcholine,10,8
66732,TmY3,19794,LC4,16,acetylcholine,11,8
181704,Tm5Y,17266,LC4,16,acetylcholine,12,8
80103,T2,17266,LC4,16,acetylcholine,13,8
55496,TmY3,17266,LC4,16,acetylcholine,14,8
23030,LPLC1,17266,LC4,16,acetylcholine,10,18
17289,Li29,17266,LC4,16,gaba,13,1
83614,T2,20588,LC4,16,acetylcholine,15,8
63664,Tm2,20588,LC4,16,acetylcholine,16,8
61583,Tm2,20588,LC4,16,acetylcholine,17,8
56118,TmY3,20588,LC4,16,acetylcholine,18,8
532687,TmY3,22772,LC4,16,acetylcholine,12,12
57012,Tm2,22772,LC4,16,acetylcholine,19,8
55920,TmY3,22772,LC4,16,acetylcholine,25,20
54547,TmY3,22772,LC4,16,acetylcholine,20,8
12242,SAD055,22772,LC4,16,acetylcholine,22,8
75229,Tm4,20917,LC4,16,acetylcholine,21,8
61601,T2,20917,LC4,16,acetylcholine,22,8
58739,TmY3,20917,LC4,16,acetylcholine,23,8
55084,TmY3,20917,LC4,16,acetylcholine,8,16
538976,TmY3,77614,LC4,16,acetylcholine,24,8
530630,Tm4,77614,LC4,16,acetylcholine,25,8
129196,T2,77614,LC4,16,acetylcholine,26,8
99224,TmY3,77614,LC4,16,acetylcholine,27,8
80863,T2,77614,LC4,16,acetylcholine,28,8
76175,T2,77614,LC4,16,acetylcholine,29,8
63256,TmY3,77614,LC4,16,acetylcholine,30,8
21509,T2,77614,LC4,16,acetylcholine,31,8
71985,Tm4,24338,LC4,16,acetylcholine,0,9
68274,Tm4,24338,LC4,16,acetylcholine,1,9
58196,TmY3,24338,LC4,16,acetylcholine,14,6
51870,TmY3,24338,LC4,16,acetylcholine,25,11
15665,SAD064,24338,LC4,16,acetylcholine,25,24
71431,TmY3,18396,LC4,16,acetylcholine,2,9
57781,TmY3,18396,LC4,16,acetylcholine,30,9
79678,Tm4,22194,LC4,16,acetylcholine,3,9
75110,T2,22194,LC4,16,acetylcholine,4,9
39692,TmY3,22194,LC4,16,acetylcholine,22,3
30856,LC9,22194,LC4,16,acetylcholine,5,9
15440,Li17,23392,LC4,16,gaba,0,3
10051,Li39,23392,LC4,16,gaba,8,0
69558,T2,21225,LC4,16,acetylcholine,6,9
49322,TmY3,21225,LC4,16,acetylcholine,9,16
48259,Tm2,21225,LC4,16,acetylcholine,7,9
541782,TmY3,533129,LC4,16,acetylcholine,1,27
516875,TmY3,533129,LC4,16,acetylcholine,6,5
56118,TmY3,25584,LC4,16,acetylcholine,18,8
21444,Tlp14,25584,LC4,16,glutamate,8,9
15468,MeLo8,25584,LC4,16,gaba,8,9
12680,TmY19a,28980,LC4,16,gaba,9,9
74807,TmY3,22328,LC4,16,acetylcholine,0,4
44746,TmY3,22328,LC4,16,acetylcholine,13,4
121409,T2,514956,LC4,16,acetylcholine,10,9
120803,T2,29514,LC4,16,acetylcholine,11,9
78690,Tm4,29514,LC4,16,acetylcholine,12,9
61264,TmY3,29514,LC4,16,acetylcholine,13,9
27268,LC9,22922,LC4,16,acetylcholine,13,28
20264,Li28,517752,LC4,16,gaba,5,2
59009,TmY3,21165,LC4,16,acetylcholine,24,27
56644,Tm2,21165,LC4,16,acetylcholine,14,9
53427,TmY3,21165,LC4,16,acetylcholine,31,4
71026,Tm2,16628,LC4,16,acetylcholine,15,9
64026,Tm3,16628,LC4,16,acetylcholine,16,9
56815,TmY3,16628,LC4,16,acetylcholine,17,9
40599,TmY3,16628,LC4,16,acetylcholine,26,15
22940,LC14a-1,16628,LC4,16,acetylcholine,16,7
15194,TmY19a,16628,LC4,16,gaba,23,10
13673,MeLo8,16628,LC4,16,gaba,16,1
543562,TmY3,519931,LC4,16,acetylcholine,3,25
542284,Tm4,18478,LC4,16,acetylcholine,18,9
530970,T2,18478,LC4,16,acetylcholine,19,9
139419,T2,18478,LC4,16,acetylcholine,20,9
74699,TmY3,18478,LC4,16,acetylcholine,21,9
22935,LC14a-1,18478,LC4,16,acetylcholine,18,0
13191,Li30,18478,LC4,16,gaba,4,2
511912,Tm3,27624,LC4,16,acetylcholine,22,9
148364,LC9,27624,LC4,16,acetylcholine,23,9
75313,TmY3,27624,LC4,16,acetylcholine,24,9
36993,T2,27624,LC4,16,acetylcholine,25,9
15018,LC4,27624,LC4,16,acetylcholine,8,4
537029,MeLo8,20282,LC4,16,gaba,8,31
77319,T2,20282,LC4,16,acetylcholine,30,1
74944,T2,20282,LC4,16,acetylcholine,26,9
67289,T2,20282,LC4,16,acetylcholine,27,9
55836,TmY3,20282,LC4,16,acetylcholine,28,9
518655,TmY3,81112,LC4,16,acetylcholine,29,9
146657,T2,81112,LC4,16,acetylcholine,30,9
63082,TmY3,81112,LC4,16,acetylcholine,31,9
23522,TmY19b,81112,LC4,16,gaba,15,16
12196,Li29,81112,LC4,16,gaba,28,22
56493,TmY3,26112,LC4,16,acetylcholine,12,31
54116,TmY3,26112,LC4,16,acetylcholine,29,6
60231,T2,21336,LC4,16,acetylcholine,0,10
48267,TmY3,21336,LC4,16,acetylcholine,7,22
47368,TmY3,21336,LC4,16,acetylcholine,17,6
40026,TmY3,21336,LC4,16,acetylcholine,10,5
80971,Tm4,23792,LC4,16,acetylcholine,1,10
58376,TmY3,23792,LC4,16,acetylcholine,11,15
50667,TmY3,23792,LC4,16,acetylcholine,2,10
14886,Li17,23792,LC4,16,gaba,27,3
118296,T2,14888,LC4,16,acetylcholine,3,10
62275,TmY3,14888,LC4,16,acetylcholine,9,20
31415,TmY3,14888,LC4,16,acetylcholine,8,17
37256,TmY3,519650,LC4,16,acetylcholine,20,1
23396,LC9,519650,LC4,16,acetylcholine,25,17
15666,Li17,519650,LC4,16,gaba,20,8
10611,Li39,519650,LC4,16,gaba,15,0
538976,TmY3,518730,LC4,16,acetylcholine,24,8
532157,TmY3,12824,LC4,16,acetylcholine,31,30
25115,TmY3,12824,LC4,16,acetylcholine,3,23
68138,TmY3,527408,LC4,16,acetylcholine,29,13
56918,TmY3,527408,LC4,16,acetylcholine,4,10
31828,LC9,527408,LC4,16,acetylcholine,30,25
10051,Li39,527408,LC4,16,gaba,8,0
170208,Tm4,12032,LC4,16,acetylcholine,5,10
75627,TmY3,12032,LC4,16,acetylcholine,26,0
534236,TmY3,35262,LC4,16,acetylcholine,24,6
530009,Tm4,35262,LC4,16,acetylcholine,6,10
20264,Li28,35262,LC4,16,gaba,5,2
20078,T2,23202,LC4,16,acetylcholine,7,10
79003,T2,17054,LC4,16,acetylcholine,8,10
64044,T2,17054,LC4,16,acetylcholine,9,10
51934,TmY3,17054,LC4,16,acetylcholine,3,16
50587,TmY3,17054,LC4,16,acetylcholine,10,10
50244,TmY3,17054,LC4,16,acetylcholine,5,11
20964,Li26,17054,LC4,16,gaba,11,10
17939,PVLP046,17054,LC4,16,gaba,1,19
122873,Tm4,16128,LC4,16,acetylcholine,11,10
78044,Tm4,16128,LC4,16,acetylcholine,12,10
75073,T2,16128,LC4,16,acetylcholine,13,10
71859,Tm4,16128,LC4,16,acetylcholine,14,10
58767,TmY3,16128,LC4,16,acetylcholine,15,10
52767,Tm2,16128,LC4,16,acetylcholine,16,10
47749,TmY3,16128,LC4,16,acetylcholine,14,6
44969,Tlp12,16128,LC4,16,glutamate,17,10
43313,TmY3,16128,LC4,16,acetylcholine,11,9
12415,MeLo8,16128,LC4,16,gaba,22,0
68242,TmY3,21804,LC4,16,acetylcholine,18,10
60676,TmY3,21804,LC4,16,acetylcholine,19,10
30542,LC14a-1,21804,LC4,16,acetylcholine,20,10
16633,TmY19b,21804,LC4,16,gaba,21,10
87573,T2,20016,LC4,16,acetylcholine,22,10
63094,TmY3,20016,LC4,16,acetylcholine,22,23
118424,T2,15018,LC4,16,acetylcholine,23,10
32934,MeLo2,15018,LC4,16,acetylcholine,24,10
10085,Am1,15018,LC4,16,gaba,28,1
73910,TmY3,19260,LC4,16,acetylcholine,25,10
46121,TmY3,19260,LC4,16,acetylcholine,13,30
14709,MeLo8,19260,LC4,16,gaba,17,13
513904,SAD049,514508,LC4,16,acetylcholine,8,14
77769,Tm4,19550,LC4,16,acetylcholine,26,10
52545,Tm2,19550,LC4,16,acetylcholine,27,10
52382,TmY3,19550,LC4,16,acetylcholine,28,10
55864,TmY3,21151,LC4,16,acetylcholine,5,6
14709,MeLo8,21151,LC4,16,gaba,17,13
14462,MeLo8,21151,LC4,16,gaba,17,2
10051,Li39,21151,LC4,16,gaba,8,0
114625,Tm4,518544,LC4,16,acetylcholine,29,10
77903,T2,19420,LC4,16,acetylcholine,30,10
77635,TmY3,19420,LC4,16,acetylcholine,31,10
15581,LC9,19420,LC4,16,acetylcholine,22,13
13673,MeLo8,19420,LC4,16,gaba,16,1
85190,TmY3,107513,LC4,16,acetylcholine,0,11
69125,TmY3,107513,LC4,16,acetylcholine,1,11
67990,TmY3,107513,LC4,16,acetylcholine,8,6
57486,TmY3,20542,LC4,16,acetylcholine,16,18
28232,LC9,20542,LC4,16,acetylcholine,17,18
21180,LPLC1,20542,LC4,16,acetylcholine,2,11
48781,TmY3,29563,LC4,16,acetylcholine,23,12
16033,Li28,29563,LC4,16,gaba,6,0
11254,LT41,29563,LC4,16,gaba,31,10
106803,T2,17364,LC4,16,acetylcholine,3,11
95180,Tm4,17364,LC4,16,acetylcholine,4,10
91065,T2,17364,LC4,16,acetylcholine,4,11
75623,Tm4,17364,LC4,16,acetylcholine,12,22
72847,Tm4,17364,LC4,16,acetylcholine,5,11
581358,T2,37587,LC4,16,acetylcholine,6,11
42292,T2,37587,LC4,16,acetylcholine,7,11
537453,Tm4,530029,LC4,16,acetylcholine,8,11
531862,LT41,530029,LC4,16,gaba,31,3
518439,LC4,530029,LC4,16,acetylcholine,9,11
19365,Li17,530029,LC4,16,gaba,10,11
72711,T2,16138,LC4,16,acetylcholine,11,11
44746,TmY3,16138,LC4,16,acetylcholine,13,4
80899,TmY3,18127,LC4,16,acetylcholine,12,11
71029,T2,18127,LC4,16,acetylcholine,13,11
63489,T2,18127,LC4,16,acetylcholine,14,11
17289,Li29,18127,LC4,16,gaba,13,1
517193,LoVC7,21313,LC4,16,gaba,1,1
63747,T2,21313,LC4,16,acetylcholine,15,11
55098,TmY3,21313,LC4,16,acetylcholine,29,26
45005,TmY3,21313,LC4,16,acetylcholine,7,7
23798,LC9,21313,LC4,16,acetylcholine,8,11
68735,T2,20808,LC4,15,acetylcholine,16,11
48704,Tm2,20808,LC4,15,acetylcholine,17,11
44449,TmY3,20808,LC4,15,acetylcholine,18,11
73884,T2,22966,LC4,15,acetylcholine,19,11
548030,T2,520449,LC4,15,acetylcholine,20,11
541557,TmY3,520449,LC4,15,acetylcholine,16,10
128304,LC9,520449,LC4,15,acetylcholine,21,11
68833,T2,520449,LC4,15,acetylcholine,22,11
39683,T2,520449,LC4,15,acetylcholine,23,11
12722,LoVC21,520449,LC4,15,gaba,3,1
10085,Am1,520449,LC4,15,gaba,28,1
81690,TmY3,511914,LC4,15,acetylcholine,24,11
86308,T2,17987,LC4,15,acetylcholine,25,11
61129,Tm2,17987,LC4,15,acetylcholine,26,11
38639,LC9,17987,LC4,15,acetylcholine,27,11
102401,T2,19543,LC4,15,acetylcholine,28,11
73888,T2,19543,LC4,15,acetylcholine,29,11
67295,T2,19543,LC4,15,acetylcholine,27,28
59448,Tm2,19543,LC4,15,acetylcholine,30,11
47065,Tm2,19543,LC4,15,acetylcholine,31,11
16475,PVLP024,19543,LC4,15,gaba,20,7
122820,T3,28945,LC4,15,acetylcholine,0,12
71506,T2,28945,LC4,15,acetylcholine,1,12
56389,TmY3,28945,LC4,15,acetylcholine,24,16
74884,TmY3,19634,LC4,15,acetylcholine,2,12
11378,CB1280,19634,LC4,15,acetylcholine,29,16
69963,Tm3,17548,LC4,15,acetylcholine,3,12
61187,T2,17548,LC4,15,acetylcholine,4,12
49968,Tm2,17548,LC4,15,acetylcholine,5,12
48590,Y14,17548,LC4,15,glutamate,6,12
33352,Li25,17548,LC4,15,gaba,7,12
20584,LPLC2,17548,LC4,15,acetylcholine,8,12
516812,TmY3,21721,LC4,15,acetylcholine,22,9
85277,Tm4,21721,LC4,15,acetylcholine,9,12
49574,TmY3,21721,LC4,15,acetylcholine,4,7
33670,LC9,21721,LC4,15,acetylcholine,10,12
14452,MeLo8,21721,LC4,15,gaba,21,20
531862,LT41,16917,LC4,15,gaba,31,3
519749,Tm4,16917,LC4,15,acetylcholine,11,12
37106,LC9,16917,LC4,15,acetylcholine,1,20
109646,Tm4,532254,LC4,15,acetylcholine,12,12
99810,Tm4,532254,LC4,15,acetylcholine,13,12
79339,TmY3,532254,LC4,15,acetylcholine,19,13
64349,TmY3,532254,LC4,15,acetylcholine,7,7
55618,TmY3,532254,LC4,15,acetylcholine,8,1
29206,TmY3,532254,LC4,15,acetylcholine,14,12
14452,MeLo8,532254,LC4,15,gaba,21,20
10085,Am1,532254,LC4,15,gaba,28,1
10611,Li39,18432,LC4,15,gaba,15,0
516469,TmY3,16809,LC4,15,acetylcholine,24,22
25747,T2,16809,LC4,15,acetylcholine,15,12
69209,T2,19954,LC4,15,acetylcholine,16,12
64341,TmY3,19954,LC4,15,acetylcholine,23,5
51963,TmY3,19954,LC4,15,acetylcholine,14,8
25584,LC4,19954,LC4,15,acetylcholine,17,12
16545,Li28,19954,LC4,15,gaba,30,0
84783,TmY3,17668,LC4,15,acetylcholine,18,12
80265,TmY3,17668,LC4,15,acetylcholine,23,3
73478,T2,17668,LC4,15,acetylcholine,19,12
71200,T2,17668,LC4,15,acetylcholine,20,12
56643,TmY3,17668,LC4,15,acetylcholine,30,18
53080,TmY3,17668,LC4,15,acetylcholine,21,12
19260,LC4,17668,LC4,15,acetylcholine,22,12
542255,T2,20859,LC4,15,acetylcholine,23,12
513525,TmY3,20859,LC4,15,acetylcholine,6,12
49434,Tm4,20859,LC4,15,acetylcholine,24,12
23175,LC14a-1,20859,LC4,15,acetylcholine,20,11
13180,LPLC1,20859,LC4,15,acetylcholine,25,12
12196,Li29,20859,LC4,15,gaba,28,22
76623,Tm4,38065,LC4,15,acetylcholine,26,12
48186,TmY3,38065,LC4,15,acetylcholine,7,6
532101,TmY3,27829,LC4,15,acetylcholine,27,12
516547,TmY3,27829,LC4,15,acetylcholine,5,24
513770,MeLo8,27829,LC4,15,gaba,2,11
77820,Tm4,27829,LC4,15,acetylcholine,28,12
76732,T2,27829,LC4,15,acetylcholine,29,12
40090,TmY3,27829,LC4,15,acetylcholine,30,12
37594,T2,27829,LC4,15,acetylcholine,31,12
64578,T2,17926,LC4,15,acetylcholine,0,13
53983,TmY3,17926,LC4,15,acetylcholine,1,13
43425,TmY3,17926,LC4,15,acetylcholine,16,31
16260,Li17,17926,LC4,15,gaba,4,26
52139,Li14,31262,LC4,15,glutamate,2,13
514060,TmY3,23226,LC4,15,acetylcholine,3,6
15529,Tm4,23226,LC4,15,acetylcholine,3,13
535634,TmY3,518983,LC4,15,acetylcholine,4,13
35448,TmY3,518983,LC4,15,acetylcholine,5,13
154915,T2,12349,LC4,15,acetylcholine,6,13
130280,Tm3,23098,LC4,15,acetylcholine,7,13
104511,Tm4,23098,LC4,15,acetylcholine,8,13
66930,Tm4,23098,LC4,15,acetylcholine,9,13
64660,Tm4,23098,LC4,15,acetylcholine,10,13
54211,TmY3,23098,LC4,15,acetylcholine,31,21
544836,T2,17478,LC4,15,acetylcholine,11,13
537152,Tm4,17478,LC4,15,acetylcholine,12,13
531549,T2,17478,LC4,15,acetylcholine,13,13
529914,T2,17478,LC4,15,acetylcholine,14,13
517288,Tm2,17478,LC4,15,acetylcholine,15,13
516506,Tm2,17478,LC4,15,acetylcholine,16,13
514727,Tm4,17478,LC4,15,acetylcholine,17,13
513244,TmY3,17478,LC4,15,acetylcholine,22,5
309773,T2,17478,LC4,15,acetylcholine,18,13
50561,Tm4,17478,LC4,15,acetylcholine,19,13
46212,T2,17478,LC4,15,acetylcholine,20,13
28490,TmY3,17478,LC4,15,acetylcholine,16,8
20013,Li26,17478,LC4,15,gaba,4,0
12196,Li29,17478,LC4,15,gaba,28,22
19739,TmY3,34845,LC4,15,acetylcholine,21,13
541744,Tm4,17653,LC4,15,acetylcholine,22,13
518090,Y12,17653,LC4,15,glutamate,23,13
182145,T2,17653,LC4,15,acetylcholine,24,13
62568,Tm4,17653,LC4,15,acetylcholine,25,13
50351,Tlp12,17653,LC4,15,glutamate,26,13
35971,T2,17653,LC4,15,acetylcholine,27,13
18399,Li13,17653,LC4,15,gaba,28,13
537008,TmY3,20440,LC4,15,acetylcholine,20,5
92905,Tm4,20440,LC4,15,acetylcholine,29,13
51992,TmY3,20440,LC4,15,acetylcholine,12,17
10611,Li39,20440,LC4,15,gaba,15,0
536602,T2,17340,LC4,15,acetylcholine,30,13
108926,Li17,17340,LC4,15,gaba,31,13
74456,T2,17340,LC4,15,acetylcholine,0,14
79053,T2,22975,LC4,15,acetylcholine,1,14
76446,TmY3,22975,LC4,15,acetylcholine,2,14
67132,TmY3,22975,LC4,15,acetylcholine,3,14
66803,T2,22975,LC4,15,acetylcholine,4,14
66197,T2,22975,LC4,15,acetylcholine,5,14
62749,TmY3,22975,LC4,15,acetylcholine,6,14
15909,Li28,22975,LC4,15,gaba,27,0
138357,Tm3,24523,LC4,15,acetylcholine,7,14
68833,T2,24523,LC4,15,acetylcholine,22,11
45590,T2,24523,LC4,15,acetylcholine,8,14
32136,Tm4,24523,LC4,15,acetylcholine,9,14
23202,LC4,24523,LC4,15,acetylcholine,10,14
18478,LC4,24523,LC4,15,acetylcholine,11,14
526343,T2,20967,LC4,15,acetylcholine,12,14
87825,Tm3,20967,LC4,15,acetylcholine,13,14
32903,TmY3,20967,LC4,15,acetylcholine,17,10
26474,T2,20967,LC4,15,acetylcholine,14,14
12242,SAD055,20967,LC4,15,acetylcholine,22,8
37256,TmY3,35616,LC4,15,acetylcholine,20,1
30298,LC9,35616,LC4,15,acetylcholine,1,3
514455,TmY3,535341,LC4,15,acetylcholine,15,14
10611,Li39,535341,LC4,15,gaba,15,0
146848,T2,512366,LC4,15,acetylcholine,16,14
44379,Li14,30480,LC4,15,glutamate,17,14
25956,Li30,30480,LC4,15,gaba,9,8
12468,LoVC13,30480,LC4,15,gaba,14,7
11254,LT41,30480,LC4,15,gaba,31,10
513904,SAD049,31301,LC4,15,acetylcholine,8,14
83405,T2,31301,LC4,15,acetylcholine,9,5
51705,T2,31301,LC4,15,acetylcholine,18,14
43542,TmY3,31301,LC4,15,acetylcholine,25,23
15710,TmY3,31301,LC4,15,acetylcholine,19,14
518214,TmY3,512705,LC4,15,acetylcholine,3,18
81748,T2,22034,LC4,15,acetylcholine,20,14
43924,TmY3,22034,LC4,15,acetylcholine,30,6
16549,Li30,22034,LC4,15,gaba,27,9
10093,Am1,22034,LC4,15,gaba,0,2
537188,Tm4,515476,LC4,15,acetylcholine,21,14
29700,TmY3,515476,LC4,15,acetylcholine,22,14
10776,LoVC7,515476,LC4,15,gaba,2,1
113522,Tm4,30803,LC4,15,acetylcholine,23,14
111573,T2,30803,LC4,15,acetylcholine,24,14
99874,Tm4,30803,LC4,15,acetylcholine,25,14
96284,Tm4,30803,LC4,15,acetylcholine,26,14
91878,T2,30803,LC4,15,acetylcholine,27,14
91102,Tm3,30803,LC4,15,acetylcholine,28,14
90969,T2,30803,LC4,15,acetylcholine,29,14
80935,T2,30803,LC4,15,acetylcholine,30,14
67875,TmY3,30803,LC4,15,acetylcholine,29,6
56389,TmY3,30803,LC4,15,acetylcholine,24,16
54274,TmY3,30803,LC4,15,acetylcholine,26,9
40833,LC14a-1,30803,LC4,15,acetylcholine,31,14
10093,Am1,30803,LC4,15,gaba,0,2
55921,TmY3,524899,LC4,15,acetylcholine,13,10
52505,TmY3,524899,LC4,15,acetylcholine,0,15
15263,Li28,524899,LC4,15,gaba,3,2
512526,TmY3,526286,LC4,15,acetylcholine,13,15
73825,Tm4,526286,LC4,15,acetylcholine,1,15
32078,TmY3,526286,LC4,15,acetylcholine,2,15
523564,PVLP011,33137,LC4,15,gaba,14,16
513559,LC9,33137,LC4,15,acetylcholine,21,12
124770,Tm4,33137,LC4,15,acetylcholine,3,15
61658,TmY3,33137,LC4,15,acetylcholine,4,15
16459,PVLP024,33137,LC4,15,gaba,5,15
534634,TmY3,27750,LC4,15,acetylcholine,27,27
519481,T2,27750,LC4,15,acetylcholine,6,15
86036,TmY3,27750,LC4,15,acetylcholine,7,15
17596,Li28,27750,LC4,15,gaba,9,2
10611,Li39,27750,LC4,15,gaba,15,0
84128,Tm4,17860,LC4,15,acetylcholine,8,15
57377,TmY3,21287,LC4,15,acetylcholine,19,3
55615,TmY3,21287,LC4,15,acetylcholine,18,23
53433,TmY3,21287,LC4,15,acetylcholine,28,4
14886,Li17,21287,LC4,15,gaba,27,3
13671,MeLo8,21287,LC4,15,gaba,0,10
72779,Tm4,18189,LC4,15,acetylcholine,9,15
51191,TmY3,18189,LC4,15,acetylcholine,26,7
47360,TmY3,18189,LC4,15,acetylcholine,21,24
518000,Y12,20572,LC4,15,glutamate,10,15
11524,TmY19a,20572,LC4,15,gaba,11,15
101971,Tm4,23929,LC4,15,acetylcholine,12,15
78360,T2,23929,LC4,15,acetylcholine,13,15
74174,TmY3,23929,LC4,15,acetylcholine,14,15
24322,Li26,23929,LC4,15,gaba,15,15
17576,Li17,23929,LC4,15,gaba,16,15
14380,MeLo8,23929,LC4,15,gaba,14,27
11254,LT41,23929,LC4,15,gaba,31,10
10051,Li39,23929,LC4,15,gaba,8,0
47759,TmY3,20399,LC4,15,acetylcholine,5,29
559263,Li25,30087,LC4,15,gaba,17,15
518738,TmY3,30087,LC4,15,acetylcholine,18,15
73776,TmY3,30087,LC4,15,acetylcholine,9,22
10611,Li39,30087,LC4,15,gaba,15,0
549203,T2,518439,LC4,15,acetylcholine,19,15
67259,TmY3,518439,LC4,15,acetylcholine,13,9
61904,TmY3,518439,LC4,15,acetylcholine,16,5
44524,LC9,518439,LC4,15,acetylcholine,20,15
17939,PVLP046,518439,LC4,15,gaba,1,19
558175,Y14,17608,LC4,15,glutamate,21,15
545337,T2,17608,LC4,15,acetylcholine,22,15
521504,T2,17608,LC4,15,acetylcholine,23,15
514132,TmY19a,17608,LC4,15,gaba,24,15
102674,T2,17608,LC4,15,acetylcholine,25,15
43160,Li_unclear,17608,LC4,15,gaba,26,15
110546,Tm4,22847,LC4,15,acetylcholine,27,15
100632,T2,22847,LC4,15,acetylcholine,28,15
82935,Tm4,22847,LC4,15,acetylcholine,29,15
53672,TmY3,22847,LC4,15,acetylcholine,25,27
63688,Tm4,20673,LC4,15,acetylcholine,30,15
62403,TmY3,20673,LC4,15,acetylcholine,19,17
17289,Li29,20673,LC4,15,gaba,13,1
16545,Li28,20673,LC4,15,gaba,30,0
12237,SAD055,20673,LC4,15,acetylcholine,24,31
525254,TmY3,518016,LC4,15,acetylcholine,18,0
521516,Li30,518016,LC4,15,gaba,27,15
40090,TmY3,518016,LC4,15,acetylcholine,30,12
44982,TmY3,31308,LC4,15,acetylcholine,4,25
519744,T2,17270,LC4,15,acetylcholine,31,15
10085,Am1,17270,LC4,15,gaba,28,1
23893,LT35,516909,LC4,15,gaba,0,0
17141,TmY3,516909,LC4,15,acetylcholine,6,20
10776,LoVC7,516909,LC4,15,gaba,2,1
526148,T2,515900,LC4,15,acetylcholine,0,16
517600,LPLC1,515900,LC4,15,acetylcholine,1,16
71686,TmY3,515900,LC4,15,acetylcholine,2,16
38432,TmY3,515900,LC4,15,acetylcholine,3,16
15428,Li26,515900,LC4,15,gaba,11,6
13132,LPLC2,515900,LC4,15,acetylcholine,4,16
538976,TmY3,31429,LC4,15,acetylcholine,24,8
513749,T2,31429,LC4,15,acetylcholine,5,16
76030,Tm4,31429,LC4,15,acetylcholine,6,16
67016,TmY3,19794,LC4,15,acetylcholine,16,3
58167,TmY3,19794,LC4,15,acetylcholine,7,16
56670,TmY3,19794,LC4,15,acetylcholine,8,16
27548,LC14a-1,19794,LC4,15,acetylcholine,24,0
19549,LPLC2,19794,LC4,15,acetylcholine,9,16
97779,Tm4,17266,LC4,15,acetylcholine,10,16
87097,Tm4,17266,LC4,15,acetylcholine,11,16
83073,T2,17266,LC4,15,acetylcholine,12,16
81517,Tm4,17266,LC4,15,acetylcholine,13,16
55023,TmY3,17266,LC4,15,acetylcholine,12,30
24802,LPLC1,17266,LC4,15,acetylcholine,14,16
16549,Li30,17266,LC4,15,gaba,27,9
16325,TmY19b,17266,LC4,15,gaba,17,0
77524,Tm4,20588,LC4,15,acetylcholine,15,16
71653,T2,20588,LC4,15,acetylcholine,13,29
67132,TmY3,20588,LC4,15,acetylcholine,3,14
59007,TmY3,20588,LC4,15,acetylcholine,23,5
58553,TmY3,20588,LC4,15,acetylcholine,10,31
42050,TmY3,20588,LC4,15,acetylcholine,16,16
530027,TmY3,22772,LC4,15,acetylcholine,31,6
58028,TmY3,22772,LC4,15,acetylcholine,23,9
15263,Li28,22772,LC4,15,gaba,3,2
13308,Li29,22772,LC4,15,gaba,14,19
55933,TmY3,20917,LC4,15,acetylcholine,17,16
52382,TmY3,20917,LC4,15,acetylcholine,28,10
43549,Tlp12,20917,LC4,15,glutamate,18,16
14118,Li30,20917,LC4,15,gaba,19,0
13997,MeLo8,20917,LC4,15,gaba,15,6
139840,Tm3,77614,LC4,15,acetylcholine,19,16
74256,TmY3,77614,LC4,15,acetylcholine,20,16
40093,T2,77614,LC4,15,acetylcholine,21,16
27194,PVLP046,77614,LC4,15,gaba,18,3
75318,T2,24338,LC4,15,acetylcholine,22,16
70607,T2,24338,LC4,15,acetylcholine,23,16
66538,T2,24338,LC4,15,acetylcholine,24,16
58967,TmY3,24338,LC4,15,acetylcholine,10,0
44449,TmY3,24338,LC4,15,acetylcholine,18,11
41464,TmY3,24338,LC4,15,acetylcholine,12,18
15468,MeLo8,24338,LC4,15,gaba,8,9
48426,TmY3,18396,LC4,15,acetylcholine,25,16
26871,Tlp12,18396,LC4,15,glutamate,26,16
81494,T2,22194,LC4,15,acetylcholine,27,16
61338,Tm2,22194,LC4,15,acetylcholine,28,16
60698,TmY3,22194,LC4,15,acetylcholine,30,13
58553,TmY3,22194,LC4,15,acetylcholine,10,31
52151,TmY3,22194,LC4,15,acetylcholine,16,26
51196,Tm2,22194,LC4,15,acetylcholine,29,16
517193,LoVC7,23392,LC4,15,gaba,1,1
73910,TmY3,23392,LC4,15,acetylcholine,25,10
69540,TmY3,23392,LC4,15,acetylcholine,13,2
63262,T2,23392,LC4,15,acetylcholine,30,16
54211,TmY3,23392,LC4,15,acetylcholine,31,21
96022,Tm4,21225,LC4,15,acetylcholine,31,16
68498,T2,21225,LC4,15,acetylcholine,0,17
66604,TmY3,21225,LC4,15,acetylcholine,1,17
43334,TmY3,21225,LC4,15,acetylcholine,2,17
24612,Li26,21225,LC4,15,gaba,3,17
17289,Li29,21225,LC4,15,gaba,13,1
16260,Li17,21225,LC4,15,gaba,4,26
14106,CB2664,21225,LC4,15,acetylcholine,4,17
529914,T2,533129,LC4,15,acetylcholine,14,13
515633,TmY3,533129,LC4,15,acetylcholine,31,2
31766,TmY3,533129,LC4,15,acetylcholine,5,17
16040,Pm7_Li28,533129,LC4,15,gaba,7,0
79678,Tm4,25584,LC4,15,acetylcholine,3,9
65806,T2,25584,LC4,15,acetylcholine,6,17
44244,TmY3,25584,LC4,15,acetylcholine,7,17
523479,MeLo8,28980,LC4,15,gaba,0,8
60213,Tm2,28980,LC4,15,acetylcholine,8,17
59048,TmY3,28980,LC4,15,acetylcholine,22,17
84981,T2,22328,LC4,15,acetylcholine,9,17
50871,TmY3,22328,LC4,15,acetylcholine,10,17
47465,TmY3,22328,LC4,15,acetylcholine,7,5
459330,TmY3,514956,LC4,15,acetylcholine,14,5
955658695,Li17,29514,LC4,15,gaba,20,15
541569,Tm4,29514,LC4,15,acetylcholine,11,17
535261,Tm4,29514,LC4,15,acetylcholine,12,17
527450,Tlp12,29514,LC4,15,glutamate,13,17
521516,Li30,29514,LC4,15,gaba,27,15
81367,TmY3,29514,LC4,15,acetylcholine,4,5
43103,TmY3,22922,LC4,15,acetylcholine,14,17
14209,Li28,517752,LC4,15,gaba,7,1
88072,T2,21165,LC4,15,acetylcholine,15,17
86119,T2,21165,LC4,15,acetylcholine,16,17
58376,TmY3,21165,LC4,15,acetylcholine,11,15
112056,T2,16628,LC4,15,acetylcholine,17,17
90696,T2,16628,LC4,15,acetylcholine,18,17
69991,T2,16628,LC4,15,acetylcholine,19,17
68702,T2,16628,LC4,15,acetylcholine,20,17
66526,T2,16628,LC4,15,acetylcholine,21,17
53080,TmY3,16628,LC4,15,acetylcholine,21,12
23265,LC9,16628,LC4,15,acetylcholine,22,17
516813,TmY3,519931,LC4,15,acetylcholine,23,17
85146,T2,519931,LC4,15,acetylcholine,24,17
131315,Tm4,18478,LC4,15,acetylcholine,25,17
105302,T2,18478,LC4,15,acetylcholine,26,17
69442,TmY3,18478,LC4,15,acetylcholine,27,17
63018,Tm4,18478,LC4,15,acetylcholine,28,17
59741,TmY3,18478,LC4,15,acetylcholine,27,0
27591,LC9,18478,LC4,15,acetylcholine,29,17
24523,LC4,18478,LC4,15,acetylcholine,30,17
24305,LC14a-1,18478,LC4,15,acetylcholine,9,0
23875,Li26,18478,LC4,15,gaba,13,21
14108,TmY19a,18478,LC4,15,gaba,25,12
12242,SAD055,18478,LC4,15,acetylcholine,22,8
518439,LC4,27624,LC4,15,acetylcholine,9,11
74923,TmY3,27624,LC4,15,acetylcholine,31,17
40535,TmY3,27624,LC4,15,acetylcholine,6,23
14209,Li28,27624,LC4,15,gaba,7,1
11102,PVLP046,27624,LC4,15,gaba,20,4
62546,TmY3,20282,LC4,15,acetylcholine,0,18
59097,TmY3,20282,LC4,15,acetylcholine,1,18
54032,TmY3,20282,LC4,15,acetylcholine,1,16
52804,TmY3,20282,LC4,15,acetylcholine,2,18
518515,Li25,81112,LC4,15,gaba,3,18
109047,T2,81112,LC4,15,acetylcholine,4,18
97579,T2,81112,LC4,15,acetylcholine,5,18
19277,LC14a-1,81112,LC4,15,acetylcholine,3,0
59009,TmY3,26112,LC4,15,acetylcholine,24,27
49654,TmY3,26112,LC4,15,acetylcholine,8,23
33474,SAD049,26112,LC4,15,acetylcholine,24,18
22651,Pm7_Li28,26112,LC4,15,gaba,0,6
16549,Li30,26112,LC4,15,gaba,27,9
11254,LT41,26112,LC4,15,gaba,31,10
75308,T2,21336,LC4,15,acetylcholine,6,18
64588,T2,21336,LC4,15,acetylcholine,7,18
47962,TmY3,21336,LC4,15,acetylcholine,12,4
86303,T2,23792,LC4,15,acetylcholine,8,18
64413,Tm2,23792,LC4,15,acetylcholine,9,18
51936,TmY3,23792,LC4,15,acetylcholine,18,30
13671,MeLo8,23792,LC4,15,gaba,0,10
539117,Tm4,14888,LC4,15,acetylcholine,10,18
56761,T2,14888,LC4,15,acetylcholine,11,18
56617,T2,14888,LC4,15,acetylcholine,12,18
41466,T2,14888,LC4,15,acetylcholine,13,18
16475,PVLP024,14888,LC4,15,gaba,20,7
10085,Am1,14888,LC4,15,gaba,28,1
80757,TmY3,519650,LC4,15,acetylcholine,14,18
40708,TmY3,519650,LC4,15,acetylcholine,15,18
15263,Li28,519650,LC4,15,gaba,3,2
557977,T2,518730,LC4,15,acetylcholine,16,18
512942,TmY3,518730,LC4,15,acetylcholine,12,16
101381,T2,29417,LC4,15,acetylcholine,17,18
53548,TmY3,29417,LC4,15,acetylcholine,18,18
533470,Li17,12824,LC4,15,gaba,16,4
527521,Tm4,12824,LC4,15,acetylcholine,19,18
54909,Tm5Y,12824,LC4,15,acetylcholine,20,18
67063,T2,527408,LC4,15,acetylcholine,21,18
60396,T2,527408,LC4,15,acetylcholine,22,18
53288,TmY3,527408,LC4,15,acetylcholine,5,14
51306,TmY3,527408,LC4,15,acetylcholine,11,13
39206,LPLC1,527408,LC4,15,acetylcholine,23,18
35006,LC9,527408,LC4,15,acetylcholine,14,4
27421,TmY19a,527408,LC4,15,gaba,24,18
16033,Li28,527408,LC4,15,gaba,6,0
517829,Li15,12032,LC4,15,gaba,25,18
84550,Tm4,12032,LC4,15,acetylcholine,26,18
55921,TmY3,12032,LC4,15,acetylcholine,13,10
17777,Li25,12032,LC4,15,gaba,27,18
520100,TmY3,111787,LC4,15,acetylcholine,28,18
13524,MeLo8,111787,LC4,15,gaba,22,16
10085,Am1,111787,LC4,15,gaba,28,1
572944,T2,35262,LC4,15,acetylcholine,29,18
526079,T2,35262,LC4,15,acetylcholine,30,18
82106,T2,23202,LC4,15,acetylcholine,31,18
47407,TmY3,23202,LC4,15,acetylcholine,24,14
46038,TmY3,23202,LC4,15,acetylcholine,19,1
11838,Li17,23202,LC4,15,gaba,0,19
65835,TmY3,17054,LC4,15,acetylcholine,1,19
59303,TmY3,17054,LC4,15,acetylcholine,2,19
56306,Tm2,17054,LC4,15,acetylcholine,3,19
46667,Tm2,17054,LC4,15,acetylcholine,4,19
26634,LC14a-1,17054,LC4,15,acetylcholine,8,3
19249,LPLC2,17054,LC4,15,acetylcholine,5,19
16128,LC4,17054,LC4,15,acetylcholine,18,2
86668,T2,16128,LC4,15,acetylcholine,6,19
78351,T2,16128,LC4,15,acetylcholine,7,19
75873,T2,16128,LC4,15,acetylcholine,8,19
75450,T2,16128,LC4,15,acetylcholine,9,19
64044,T2,16128,LC4,15,acetylcholine,9,10
64035,Tm4,16128,LC4,15,acetylcholine,10,19
64061,T2,16128,LC4,15,acetylcholine,11,19
29128,Li25,16128,LC4,15,gaba,12,19
22264,TmY3,16128,LC4,15,acetylcholine,6,15
21429,Li26,16128,LC4,15,gaba,16,21
11378,CB1280,16128,LC4,15,acetylcholine,29,16
125710,T2,21804,LC4,15,acetylcholine,13,19
112534,T2,21804,LC4,15,acetylcholine,14,19
10787,LT35,21804,LC4,15,gaba,4,0
541667,TmY3,20016,LC4,15,acetylcholine,17,23
62015,TmY3,20016,LC4,15,acetylcholine,9,9
50955,TmY3,20016,LC4,15,acetylcholine,18,14
50573,TmY3,20016,LC4,15,acetylcholine,19,23
25956,Li30,20016,LC4,15,gaba,9,8
529320,Tm3,15018,LC4,15,acetylcholine,15,19
518419,TmY19b,15018,LC4,15,gaba,13,8
515727,TmY3,15018,LC4,15,acetylcholine,16,19
83971,Tm4,15018,LC4,15,acetylcholine,17,19
75763,TmY3,15018,LC4,15,acetylcholine,22,30
38856,LC9,15018,LC4,15,acetylcholine,18,19
27750,LC4,15018,LC4,15,acetylcholine,19,19
20434,PVLP046,15018,LC4,15,gaba,0,21
118371,Tm4,19260,LC4,15,acetylcholine,20,19
11378,CB1280,19260,LC4,15,acetylcholine,29,16
56038,TmY3,514508,LC4,15,acetylcholine,26,19
15516,LC9,514508,LC4,15,acetylcholine,21,19
15019,Li28,514508,LC4,15,gaba,12,0
14452,MeLo8,514508,LC4,15,gaba,21,20
71004,T2,19550,LC4,15,acetylcholine,22,19
61926,T2,19550,LC4,15,acetylcholine,23,19
49701,TmY3,19550,LC4,15,acetylcholine,24,19
16396,TmY19a,19550,LC4,15,gaba,25,19
12237,SAD055,21151,LC4,15,acetylcholine,24,31
521516,Li30,518544,LC4,15,gaba,27,15
10085,Am1,518544,LC4,15,gaba,28,1
79532,T2,19420,LC4,15,acetylcholine,26,19
74884,TmY3,19420,LC4,15,acetylcholine,2,12
72561,Tm4,19420,LC4,15,acetylcholine,27,19
68831,TmY3,19420,LC4,15,acetylcholine,2,9
65867,TmY3,19420,LC4,15,acetylcholine,8,13
88689,T2,107513,LC4,15,acetylcholine,28,19
77048,TmY3,107513,LC4,15,acetylcholine,29,19
76041,T2,20542,LC4,15,acetylcholine,30,19
54503,TmY3,20542,LC4,15,acetylcholine,23,7
14709,MeLo8,20542,LC4,15,gaba,17,13
68404,T2,29563,LC4,15,acetylcholine,31,19
66791,Tm3,29563,LC4,15,acetylcholine,0,20
59737,TmY3,29563,LC4,15,acetylcholine,11,23
55730,TmY3,29563,LC4,15,acetylcholine,1,14
10093,Am1,29563,LC4,15,gaba,0,2
539413,LT56,17364,LC4,15,glutamate,4,14
92068,T2,17364,LC4,15,acetylcholine,1,20
89791,T2,17364,LC4,15,acetylcholine,2,20
83600,Tm4,17364,LC4,15,acetylcholine,3,20
75946,T2,17364,LC4,15,acetylcholine,4,20
64713,TmY3,17364,LC4,15,acetylcholine,12,8
55387,TmY3,17364,LC4,15,acetylcholine,5,20
26967,LC9,17364,LC4,15,acetylcholine,6,20
11378,CB1280,17364,LC4,15,acetylcholine,29,16
11102,PVLP046,17364,LC4,15,gaba,20,4
513904,SAD049,37587,LC4,15,acetylcholine,8,14
78214,T2,37587,LC4,15,acetylcholine,7,20
17608,LC4,37587,LC4,15,acetylcholine,8,20
536397,Li13,530029,LC4,15,gaba,9,20
514715,T2,530029,LC4,15,acetylcholine,10,20
27194,PVLP046,530029,LC4,15,gaba,18,3
14209,Li28,530029,LC4,15,gaba,7,1
15440,Li17,16138,LC4,15,gaba,0,3
75076,T2,18127,LC4,15,acetylcholine,11,20
60337,TmY3,18127,LC4,15,acetylcholine,21,21
59277,TmY3,18127,LC4,15,acetylcholine,21,8
49788,TmY3,18127,LC4,15,acetylcholine,12,19
52750,Tm4,100485,LC4,15,acetylcholine,12,20
49057,Tm4,100485,LC4,15,acetylcholine,13,20
45345,TmY3,100485,LC4,15,acetylcholine,24,7
42686,Tlp13,100485,LC4,15,glutamate,14,20
20264,Li28,100485,LC4,15,gaba,5,2
13875,MeLo8,100485,LC4,15,gaba,25,4
10776,LoVC7,100485,LC4,15,gaba,2,1
58599,T2,21313,LC4,15,acetylcholine,15,20
15468,MeLo8,21313,LC4,15,gaba,8,9
73271,Tm4,20808,LC4,14,acetylcholine,16,20
68694,Tm4,20808,LC4,14,acetylcholine,17,20
64849,Tm3,20808,LC4,14,acetylcholine,18,20
64778,TmY3,20808,LC4,14,acetylcholine,19,20
60863,T2,20808,LC4,14,acetylcholine,20,20
50889,Tm2,20808,LC4,14,acetylcholine,21,20
48547,TmY3,20808,LC4,14,acetylcholine,22,20
43825,Tlp12,20808,LC4,14,glutamate,23,20
74446,Tm4,22966,LC4,14,acetylcholine,24,20
74430,TmY3,22966,LC4,14,acetylcholine,25,20
60396,T2,22966,LC4,14,acetylcholine,22,18
56912,TmY3,22966,LC4,14,acetylcholine,21,29
38884,Li13,22966,LC4,14,gaba,26,20
25192,TmY19b,22966,LC4,14,gaba,27,20
11254,LT41,22966,LC4,14,gaba,31,10
519490,TmY3,520449,LC4,14,acetylcholine,5,4
516047,Tm4,520449,LC4,14,acetylcholine,28,20
79143,TmY3,520449,LC4,14,acetylcholine,29,20
50948,TmY3,520449,LC4,14,acetylcholine,30,20
39323,TmY3,520449,LC4,14,acetylcholine,31,20
15428,Li26,520449,LC4,14,gaba,11,6
533202,TmY3,511914,LC4,14,acetylcholine,16,23
513203,TmY3,511914,LC4,14,acetylcholine,29,5
98372,T2,17987,LC4,14,acetylcholine,0,21
63494,Tm2,17987,LC4,14,acetylcholine,1,21
61714,Tm2,17987,LC4,14,acetylcholine,2,21
55626,TmY3,17987,LC4,14,acetylcholine,3,21
48714,TmY3,17987,LC4,14,acetylcholine,19,25
77524,Tm4,19543,LC4,14,acetylcholine,15,16
71963,T2,19543,LC4,14,acetylcholine,4,21
129191,T3,28945,LC4,14,acetylcholine,5,21
84578,T2,28945,LC4,14,acetylcholine,6,21
80885,Tm4,28945,LC4,14,acetylcholine,7,21
79718,Tm4,28945,LC4,14,acetylcholine,8,21
46302,TmY3,28945,LC4,14,acetylcholine,9,23
16861,TmY19b,28945,LC4,14,gaba,9,21
79532,T2,19634,LC4,14,acetylcholine,26,19
79375,T2,19634,LC4,14,acetylcholine,10,21
72283,Tm4,19634,LC4,14,acetylcholine,11,21
53427,TmY3,19634,LC4,14,acetylcholine,31,4
539413,LT56,17548,LC4,14,glutamate,4,14
70118,Tm4,17548,LC4,14,acetylcholine,12,21
66430,T2,17548,LC4,14,acetylcholine,13,21
64606,T2,17548,LC4,14,acetylcholine,14,21
62982,T2,17548,LC4,14,acetylcholine,15,21
61984,T2,17548,LC4,14,acetylcholine,16,21
46450,Tm2,17548,LC4,14,acetylcholine,17,21
36567,TmY3,17548,LC4,14,acetylcholine,30,8
15829,Li17,17548,LC4,14,gaba,7,4
517995,TmY3,21721,LC4,14,acetylcholine,11,3
151945,T2,21721,LC4,14,acetylcholine,18,21
105006,Tm3,21721,LC4,14,acetylcholine,19,21
103122,T2,21721,LC4,14,acetylcholine,20,21
93891,Tm4,21721,LC4,14,acetylcholine,21,21
75627,TmY3,21721,LC4,14,acetylcholine,26,0
41167,TmY3,21721,LC4,14,acetylcholine,24,17
30769,Tm4,21721,LC4,14,acetylcholine,22,21
13846,Li29,21721,LC4,14,gaba,23,21
45138,LC9,16917,LC4,14,acetylcholine,24,21
33250,TmY3,16917,LC4,14,acetylcholine,25,21
142663,T2,532254,LC4,14,acetylcholine,26,21
21721,LC4,532254,LC4,14,acetylcholine,27,21
73357,T2,16809,LC4,14,acetylcholine,28,21
67545,Li13,16809,LC4,14,gaba,29,21
46141,TmY3,16809,LC4,14,acetylcholine,30,21
63504,Tm4,19954,LC4,14,acetylcholine,31,21
50602,TmY3,19954,LC4,14,acetylcholine,27,11
47823,TmY3,19954,LC4,14,acetylcholine,5,5
24778,LC9,19954,LC4,14,acetylcholine,26,1
14106,CB2664,19954,LC4,14,acetylcholine,4,17
113574,Tm4,17668,LC4,14,acetylcholine,0,22
14581,TmY19a,17668,LC4,14,gaba,1,22
533129,LC4,20859,LC4,14,acetylcholine,2,22
523618,T2,20859,LC4,14,acetylcholine,3,22
519650,LC4,20859,LC4,14,acetylcholine,4,22
70786,Tm4,20859,LC4,14,acetylcholine,5,22
13308,Li29,20859,LC4,14,gaba,14,19
12824,LC4,20859,LC4,14,acetylcholine,9,24
12710,LoVC14,20859,LC4,14,gaba,27,22
96024,Tm4,38065,LC4,14,acetylcholine,6,22
56553,Tm2,38065,LC4,14,acetylcholine,7,22
35079,Tm2,38065,LC4,14,acetylcholine,8,22
16549,Li30,38065,LC4,14,gaba,27,9
518917,Tm4,27829,LC4,14,acetylcholine,9,22
81690,TmY3,27829,LC4,14,acetylcholine,24,11
10085,Am1,27829,LC4,14,gaba,28,1
70269,Tm4,17926,LC4,14,acetylcholine,10,22
68840,TmY3,17926,LC4,14,acetylcholine,25,15
66584,Tm4,17926,LC4,14,acetylcholine,11,22
64625,T2,17926,LC4,14,acetylcholine,12,22
64577,Tm4,17926,LC4,14,acetylcholine,13,22
80693,T2,31262,LC4,14,acetylcholine,14,22
78806,TmY3,31262,LC4,14,acetylcholine,15,22
29385,TmY19a,31262,LC4,14,gaba,16,22
529135,Tm4,23226,LC4,14,acetylcholine,17,22
511914,LC4,23226,LC4,14,acetylcholine,18,22
20264,Li28,23226,LC4,14,gaba,5,2
14209,Li28,23226,LC4,14,gaba,7,1
10611,Li39,23226,LC4,14,gaba,15,0
66320,Tm37,518983,LC4,14,glutamate,19,22
61658,TmY3,518983,LC4,14,acetylcholine,4,15
16040,Pm7_Li28,518983,LC4,14,gaba,7,0
551295,TmY3,12349,LC4,14,acetylcholine,9,7
531493,T2,12349,LC4,14,acetylcholine,20,22
520570,TmY3,12349,LC4,14,acetylcholine,21,22
120272,T2,12349,LC4,14,acetylcholine,22,22
92582,T2,12349,LC4,14,acetylcholine,23,22
82095,TmY3,12349,LC4,14,acetylcholine,24,22
61954,TmY3,12349,LC4,14,acetylcholine,20,19
85981,Tm37,23098,LC4,14,glutamate,25,22
70125,T2,23098,LC4,14,acetylcholine,26,22
69387,T2,23098,LC4,14,acetylcholine,27,22
63747,T2,23098,LC4,14,acetylcholine,15,11
48514,TmY3,23098,LC4,14,acetylcholine,18,18
47240,TmY3,23098,LC4,14,acetylcholine,28,22
24886,LC9,23098,LC4,14,acetylcholine,29,22
15440,Li17,23098,LC4,14,gaba,0,3
11378,CB1280,23098,LC4,14,acetylcholine,29,16
539310,Tm4,17478,LC4,14,acetylcholine,30,22
520429,Tm4,17478,LC4,14,acetylcholine,31,22
515900,LC4,17478,LC4,14,acetylcholine,0,23
514407,Li29,17478,LC4,14,gaba,1,23
61014,TmY3,17478,LC4,14,acetylcholine,22,2
59883,T2,17478,LC4,14,acetylcholine,2,23
45431,T2,17478,LC4,14,acetylcholine,3,23
41452,Li25,17478,LC4,14,gaba,4,23
20412,Y11,17478,LC4,14,glutamate,5,23
56759,Tm2,34845,LC4,14,acetylcholine,6,23
47805,Tlp12,34845,LC4,14,glutamate,7,23
22257,PVLP046,34845,LC4,14,gaba,16,12
542512,TmY3,17653,LC4,14,acetylcholine,28,2
539357,Tm4,17653,LC4,14,acetylcholine,8,23
517567,TmY3,17653,LC4,14,acetylcholine,19,6
516527,T2,17653,LC4,14,acetylcholine,9,23
516507,TmY3,17653,LC4,14,acetylcholine,10,23
512087,LPLC1,17653,LC4,14,acetylcholine,11,23
511890,Li25,17653,LC4,14,gaba,12,23
95241,LPLC2,17653,LC4,14,acetylcholine,13,23
43520,TmY3,17653,LC4,14,acetylcholine,4,27
35041,Tm4,17653,LC4,14,acetylcholine,17,29
31415,TmY3,17653,LC4,14,acetylcholine,8,17
19046,TmY19a,17653,LC4,14,gaba,14,23
17474,Li17,17653,LC4,14,gaba,6,4
514407,Li29,20440,LC4,14,gaba,1,23
14452,MeLo8,20440,LC4,14,gaba,21,20
10776,LoVC7,20440,LC4,14,gaba,2,1
524343,MeLo8,17340,LC4,14,gaba,5,1
81672,T2,17340,LC4,14,acetylcholine,15,23
63609,TmY3,17340,LC4,14,acetylcholine,16,23
32780,TmY3,17340,LC4,14,acetylcholine,25,28
13112,MeLo8,17340,LC4,14,gaba,9,17
56918,TmY3,22975,LC4,14,acetylcholine,4,10
53402,TmY3,22975,LC4,14,acetylcholine,10,13
40675,LC9,22975,LC4,14,acetylcholine,17,23
17576,Li17,22975,LC4,14,gaba,16,15
530743,T2,24523,LC4,14,acetylcholine,18,23
526557,Tm4,24523,LC4,14,acetylcholine,19,23
519053,TmY3,24523,LC4,14,acetylcholine,8,7
47658,Tm2,24523,LC4,14,acetylcholine,20,23
43111,T2,24523,LC4,14,acetylcholine,21,23
25739,Li26,24523,LC4,14,gaba,22,23
17315,Li30,24523,LC4,14,gaba,27,1
10251,MeVP53,24523,LC4,14,gaba,13,27
531288,T2,20967,LC4,14,acetylcholine,23,23
46704,Tm4,20967,LC4,14,acetylcholine,24,23
36688,Tm4,20967,LC4,14,acetylcholine,25,23
32446,Tm2,20967,LC4,14,acetylcholine,26,23
28451,LC9,20967,LC4,14,acetylcholine,10,2
27194,PVLP046,20967,LC4,14,gaba,18,3
15263,Li28,20967,LC4,14,gaba,3,2
50119,TmY3,35616,LC4,14,acetylcholine,0,7
47681,Y11,35616,LC4,14,glutamate,27,23
521516,Li30,535341,LC4,14,gaba,27,15
30675,TmY3,535341,LC4,14,acetylcholine,13,25
529118,T2,512366,LC4,14,acetylcholine,28,23
74923,TmY3,512366,LC4,14,acetylcholine,31,17
74652,TmY3,512366,LC4,14,acetylcholine,29,23
27194,PVLP046,512366,LC4,14,gaba,18,3
102663,Tm4,30480,LC4,14,acetylcholine,30,23
98759,T2,30480,LC4,14,acetylcholine,31,23
98086,T2,30480,LC4,14,acetylcholine,0,24
80783,TmY3,30480,LC4,14,acetylcholine,24,0
74365,T2,30480,LC4,14,acetylcholine,1,24
30803,LC4,30480,LC4,14,acetylcholine,2,24
22651,Pm7_Li28,30480,LC4,14,gaba,0,6
13671,MeLo8,30480,LC4,14,gaba,0,10
36151,T2,31301,LC4,14,acetylcholine,3,24
31570,LC9,31301,LC4,14,acetylcholine,15,19
19739,TmY3,31301,LC4,14,acetylcholine,21,13
10085,Am1,31301,LC4,14,gaba,28,1
540511,TmY3,512705,LC4,14,acetylcholine,1,10
534236,TmY3,512705,LC4,14,acetylcholine,24,6
521516,Li30,512705,LC4,14,gaba,27,15
520302,T2,512705,LC4,14,acetylcholine,4,24
22874,TmY3,512705,LC4,14,acetylcholine,5,24
13524,MeLo8,512705,LC4,14,gaba,22,16
10085,Am1,512705,LC4,14,gaba,28,1
532716,Tm4,22034,LC4,14,acetylcholine,6,24
84169,Tm4,22034,LC4,14,acetylcholine,7,24
79499,T2,22034,LC4,14,acetylcholine,27,2
74807,TmY3,22034,LC4,14,acetylcholine,0,4
70645,T2,22034,LC4,14,acetylcholine,8,24
54122,TmY3,22034,LC4,14,acetylcholine,11,2
52540,TmY3,22034,LC4,14,acetylcholine,15,10
30480,LC4,22034,LC4,14,acetylcholine,9,24
27891,LC9,22034,LC4,14,acetylcholine,30,17
17289,Li29,22034,LC4,14,gaba,13,1
116540,T2,515476,LC4,14,acetylcholine,10,24
106954,TmY3,515476,LC4,14,acetylcholine,11,24
85382,TmY3,515476,LC4,14,acetylcholine,2,15
68400,Tm37,515476,LC4,14,glutamate,12,24
51829,TmY3,515476,LC4,14,acetylcholine,13,24
18140,TmY19b,515476,LC4,14,gaba,5,8
92659,T2,30803,LC4,14,acetylcholine,14,24
84327,T2,30803,LC4,14,acetylcholine,15,24
62983,Tlp13,30803,LC4,14,glutamate,16,24
48490,TmY3,30803,LC4,14,acetylcholine,13,7
33474,SAD049,30803,LC4,14,acetylcholine,24,18
16549,Li30,30803,LC4,14,gaba,27,9
15909,Li28,30803,LC4,14,gaba,27,0
146152,T2,524899,LC4,14,acetylcholine,17,24
129906,T2,524899,LC4,14,acetylcholine,18,24
94740,TmY3,524899,LC4,14,acetylcholine,17,3
64164,T2,524899,LC4,14,acetylcholine,19,24
54547,TmY3,524899,LC4,14,acetylcholine,20,8
535586,Tm4,32597,LC4,14,acetylcholine,20,24
147414,Tm4,32597,LC4,14,acetylcholine,21,24
89909,Tm4,32597,LC4,14,acetylcholine,22,24
48426,TmY3,32597,LC4,14,acetylcholine,25,16
532156,TmY3,526286,LC4,14,acetylcholine,8,26
516547,TmY3,526286,LC4,14,acetylcholine,5,24
66109,T2,526286,LC4,14,acetylcholine,23,24
541820,TmY3,33137,LC4,14,acetylcholine,24,24
28247,TmY3,27750,LC4,14,acetylcholine,3,0
27194,PVLP046,27750,LC4,14,gaba,18,3
25484,LC9,27750,LC4,14,acetylcholine,5,3
22257,PVLP046,27750,LC4,14,gaba,16,12
15677,T2,27750,LC4,14,acetylcholine,25,24
90689,T2,17860,LC4,14,acetylcholine,26,24
80602,Tm4,17860,LC4,14,acetylcholine,27,24
79583,Tm4,17860,LC4,14,acetylcholine,28,24
75081,Tm4,17860,LC4,14,acetylcholine,29,24
60404,TmY3,17860,LC4,14,acetylcholine,15,15
53672,TmY3,17860,LC4,14,acetylcholine,25,27
16325,TmY19b,17860,LC4,14,gaba,17,0
16007,TmY19a,17860,LC4,14,gaba,19,2
517193,LoVC7,21287,LC4,14,gaba,1,1
88643,T2,21287,LC4,14,acetylcholine,30,24
86494,T2,21287,LC4,14,acetylcholine,31,24
51172,TmY3,21287,LC4,14,acetylcholine,14,29
23047,Li28,21287,LC4,14,gaba,20,0
55706,TmY3,18189,LC4,14,acetylcholine,7,11
52382,TmY3,18189,LC4,14,acetylcholine,28,10
49894,TmY3,18189,LC4,14,acetylcholine,5,10
48721,TmY3,18189,LC4,14,acetylcholine,22,7
16545,Li28,18189,LC4,14,gaba,30,0
16396,TmY19a,18189,LC4,14,gaba,25,19
16128,LC4,18189,LC4,14,acetylcholine,18,2
513598,T2,20572,LC4,14,acetylcholine,0,25
161816,T2,20572,LC4,14,acetylcholine,1,25
12196,Li29,20572,LC4,14,gaba,28,22
536374,TmY3,29469,LC4,14,acetylcholine,2,25
515792,T2,29469,LC4,14,acetylcholine,3,25
103012,T2,29469,LC4,14,acetylcholine,4,25
70081,T2,29469,LC4,14,acetylcholine,5,25
27245,Tm4,29469,LC4,14,acetylcholine,6,25
18808,Tm2,29469,LC4,14,acetylcholine,7,25
10611,Li39,29469,LC4,14,gaba,15,0
75665,T2,23929,LC4,14,acetylcholine,8,25
72830,TmY3,23929,LC4,14,acetylcholine,9,25
69234,T2,23929,LC4,14,acetylcholine,10,25
67449,TmY3,23929,LC4,14,acetylcholine,11,25
60852,Li14,23929,LC4,14,glutamate,12,25
29598,LPLC2,23929,LC4,14,acetylcholine,13,25
82064,T2,20399,LC4,14,acetylcholine,14,25
76687,Tm4,20399,LC4,14,acetylcholine,12,1
60713,TmY3,20399,LC4,14,acetylcholine,20,17
30192,Li25,20399,LC4,14,gaba,15,25
16765,TmY3,30087,LC4,14,acetylcholine,16,25
530029,LC4,518439,LC4,14,acetylcholine,17,25
517883,Tm4,518439,LC4,14,acetylcholine,18,25
90709,T2,518439,LC4,14,acetylcholine,19,25
85382,TmY3,518439,LC4,14,acetylcholine,2,15
68705,TmY3,518439,LC4,14,acetylcholine,1,9
45530,LC9,518439,LC4,14,acetylcholine,20,25
542285,Tm4,17608,LC4,14,acetylcholine,21,25
96165,TmY3,17608,LC4,14,acetylcholine,25,7
83188,T2,17608,LC4,14,acetylcholine,22,25
60941,TmY3,17608,LC4,14,acetylcholine,23,25
55999,TmY3,17608,LC4,14,acetylcholine,15,18
23893,LT35,17608,LC4,14,gaba,0,0
10611,Li39,17608,LC4,14,gaba,15,0
101782,Tm4,22847,LC4,14,acetylcholine,24,25
70759,Tm4,22847,LC4,14,acetylcholine,25,25
55496,TmY3,22847,LC4,14,acetylcholine,14,8
49654,TmY3,22847,LC4,14,acetylcholine,8,23
33474,SAD049,22847,LC4,14,acetylcholine,24,18
29190,MeLo12,22847,LC4,14,glutamate,26,25
26333,LPLC1,22847,LC4,14,acetylcholine,27,25
16545,Li28,22847,LC4,14,gaba,30,0
15665,SAD064,22847,LC4,14,acetylcholine,25,24
117351,T2,20673,LC4,14,acetylcholine,28,25
78344,T2,20673,LC4,14,acetylcholine,29,25
24090,Li26,20673,LC4,14,gaba,30,25
10051,Li39,20673,LC4,14,gaba,8,0
15986,MeLo8,518016,LC4,14,gaba,25,7
534172,Tm4,20976,LC4,14,acetylcholine,31,25
517979,Tm4,20976,LC4,14,acetylcholine,0,26
10085,Am1,20976,LC4,14,gaba,28,1
523824,TmY3,31308,LC4,14,acetylcholine,9,21
523479,MeLo8,31308,LC4,14,gaba,0,8
512121,CB1280,31308,LC4,14,acetylcholine,12,21
59048,TmY3,31308,LC4,14,acetylcholine,22,17
539332,T2,17270,LC4,14,acetylcholine,1,26
534843,TmY3,17270,LC4,14,acetylcholine,2,26
530754,TmY3,17270,LC4,14,acetylcholine,8,7
518918,T2,17270,LC4,14,acetylcholine,3,26
513770,MeLo8,17270,LC4,14,gaba,2,11
31493,Tm4,17270,LC4,14,acetylcholine,4,26
20859,LC4,17270,LC4,14,acetylcholine,5,26
10158,LT56,17270,LC4,14,glutamate,31,5
550526,T2,516909,LC4,14,acetylcholine,6,26
57404,TmY3,516909,LC4,14,acetylcholine,7,26
12242,SAD055,516909,LC4,14,acetylcholine,22,8
10611,Li39,516909,LC4,14,gaba,15,0
535057,T2,515900,LC4,14,acetylcholine,8,26
533237,T2,515900,LC4,14,acetylcholine,9,26
519490,TmY3,515900,LC4,14,acetylcholine,5,4
515602,Li25,515900,LC4,14,gaba,10,26
98415,T2,515900,LC4,14,acetylcholine,11,26
80062,T2,515900,LC4,14,acetylcholine,12,26
53678,TmY3,515900,LC4,14,acetylcholine,18,12
48898,T2,515900,LC4,14,acetylcholine,13,26
39323,TmY3,515900,LC4,14,acetylcholine,31,20
38183,Tm4,515900,LC4,14,acetylcholine,14,26
28086,T2,515900,LC4,14,acetylcholine,15,26
22682,Tm4,515900,LC4,14,acetylcholine,16,26
10251,MeVP53,515900,LC4,14,gaba,13,27
549667,Tm4,31429,LC4,14,acetylcholine,17,26
513750,TmY3,31429,LC4,14,acetylcholine,20,12
21992,T2,31429,LC4,14,acetylcholine,18,26
15986,MeLo8,31429,LC4,14,gaba,25,7
15263,Li28,31429,LC4,14,gaba,3,2
10158,LT56,31429,LC4,14,glutamate,31,5
85193,Tm4,19794,LC4,14,acetylcholine,19,26
78100,Tm3,19794,LC4,14,acetylcholine,20,26
75170,T2,19794,LC4,14,acetylcholine,20,4
51905,Tm4,19794,LC4,14,acetylcholine,21,26
16633,TmY19b,19794,LC4,14,gaba,21,10
142675,Tm4,17266,LC4,14,acetylcholine,22,26
112920,Tm4,17266,LC4,14,acetylcholine,23,26
103808,T2,17266,LC4,14,acetylcholine,24,26
92296,T2,17266,LC4,14,acetylcholine,25,26
89286,T2,17266,LC4,14,acetylcholine,26,26
55387,TmY3,17266,LC4,14,acetylcholine,5,20
53376,TmY3,17266,LC4,14,acetylcholine,27,25
46031,Li14,17266,LC4,14,glutamate,27,26
12237,SAD055,17266,LC4,14,acetylcholine,24,31
67796,TmY3,20588,LC4,14,acetylcholine,2,21
63339,Tm2,20588,LC4,14,acetylcholine,28,26
29017,LC9,20588,LC4,14,acetylcholine,29,26
19642,Li17,20588,LC4,14,gaba,25,5
14079,MeLo8,20588,LC4,14,gaba,30,26
10480,MeVP53,20588,LC4,14,gaba,11,7
535415,Tm3,22772,LC4,14,acetylcholine,31,26
531569,Tm4,22772,LC4,14,acetylcholine,0,27
132985,T2,22772,LC4,14,acetylcholine,1,27
57404,TmY3,22772,LC4,14,acetylcholine,7,26
37840,TmY3,22772,LC4,14,acetylcholine,4,8
12004,MeLo8,22772,LC4,14,gaba,13,12
78162,Tm4,20917,LC4,14,acetylcholine,2,27
77041,T2,20917,LC4,14,acetylcholine,3,27
60235,TmY3,20917,LC4,14,acetylcholine,4,27
55836,TmY3,20917,LC4,14,acetylcholine,28,9
51981,TmY3,20917,LC4,14,acetylcholine,30,16
47382,TmY3,20917,LC4,14,acetylcholine,5,27
26800,LC9,20917,LC4,14,acetylcholine,6,27
10730,LoVC21,20917,LC4,14,gaba,31,0
526372,Tm4,77614,LC4,14,acetylcholine,7,27
81608,Tm4,77614,LC4,14,acetylcholine,8,27
23525,Tlp14,77614,LC4,14,glutamate,9,27
20477,TmY3,77614,LC4,14,acetylcholine,23,16
16917,LC4,77614,LC4,14,acetylcholine,10,27
16900,TmY19b,77614,LC4,14,gaba,11,27
14209,Li28,77614,LC4,14,gaba,7,1
13308,Li29,77614,LC4,14,gaba,14,19
11102,PVLP046,77614,LC4,14,gaba,20,4
74860,Tm3,24338,LC4,14,acetylcholine,12,27
56918,TmY3,24338,LC4,14,acetylcholine,4,10
55166,Tm2,24338,LC4,14,acetylcholine,13,27
54004,Tm2,24338,LC4,14,acetylcholine,14,27
48986,TmY3,24338,LC4,14,acetylcholine,17,7
17576,Li17,24338,LC4,14,gaba,16,15
142774,Tm4,18396,LC4,14,acetylcholine,22,3
77048,TmY3,18396,LC4,14,acetylcholine,29,19
73542,TmY3,18396,LC4,14,acetylcholine,6,14
44524,LC9,18396,LC4,14,acetylcholine,20,15
78930,Tm4,22194,LC4,14,acetylcholine,15,27
78856,Tm3,22194,LC4,14,acetylcholine,16,27
52826,Tm2,22194,LC4,14,acetylcholine,17,27
48547,TmY3,22194,LC4,14,acetylcholine,22,20
18931,TmY19b,22194,LC4,14,gaba,18,27
11254,LT41,22194,LC4,14,gaba,31,10
68713,T2,23392,LC4,14,acetylcholine,19,27
65218,Tm4,23392,LC4,14,acetylcholine,20,27
46324,TmY3,23392,LC4,14,acetylcholine,16,30
22139,LC9,23392,LC4,14,acetylcholine,21,27
80899,TmY3,21225,LC4,14,acetylcholine,12,11
71086,Tm2,21225,LC4,14,acetylcholine,22,27
68293,T2,21225,LC4,14,acetylcholine,23,27
64605,Tm2,21225,LC4,14,acetylcholine,24,27
61353,T2,21225,LC4,14,acetylcholine,25,27
53983,TmY3,21225,LC4,14,acetylcholine,1,13
46881,TmY3,21225,LC4,14,acetylcholine,12,11
39381,Tlp12,21225,LC4,14,glutamate,26,27
534513,TmY3,533129,LC4,14,acetylcholine,20,1
513142,Tm2,533129,LC4,14,acetylcholine,27,27
77683,Tm4,533129,LC4,14,acetylcholine,28,27
51562,T2,533129,LC4,14,acetylcholine,29,27
38784,T2,533129,LC4,14,acetylcholine,20,9
17340,LC4,533129,LC4,14,acetylcholine,30,27
13308,Li29,533129,LC4,14,gaba,14,19
64058,T2,25584,LC4,14,acetylcholine,31,27
58320,TmY3,25584,LC4,14,acetylcholine,26,11
57247,TmY3,25584,LC4,14,acetylcholine,20,24
55706,TmY3,25584,LC4,14,acetylcholine,7,11
10093,Am1,25584,LC4,14,gaba,0,2
545796,T2,28980,LC4,14,acetylcholine,0,28
539949,TmY3,28980,LC4,14,acetylcholine,1,28
539491,Tm4,28980,LC4,14,acetylcholine,2,28
535466,TmY3,28980,LC4,14,acetylcholine,4,16
527677,T2,28980,LC4,14,acetylcholine,3,28
512139,TmY3,28980,LC4,14,acetylcholine,24,30
10611,Li39,28980,LC4,14,gaba,15,0
10085,Am1,28980,LC4,14,gaba,28,1
74562,Tm4,22328,LC4,14,acetylcholine,4,28
72452,T2,22328,LC4,14,acetylcholine,5,28
64260,T2,22328,LC4,14,acetylcholine,6,28
55697,Tm37,22328,LC4,14,glutamate,7,28
44449,TmY3,22328,LC4,14,acetylcholine,18,11
33474,SAD049,22328,LC4,14,acetylcholine,24,18
580081,Tm4,514956,LC4,14,acetylcholine,8,28
524107,Tm2,514956,LC4,14,acetylcholine,9,28
515727,TmY3,514956,LC4,14,acetylcholine,16,19
96165,TmY3,514956,LC4,14,acetylcholine,25,7
53548,TmY3,514956,LC4,14,acetylcholine,18,18
901578,Tm2,29514,LC4,14,acetylcholine,10,28
73362,TmY3,29514,LC4,14,acetylcholine,11,28
33250,TmY3,29514,LC4,14,acetylcholine,25,21
547885,T2,22922,LC4,14,acetylcholine,12,28
539078,Tm4,22922,LC4,14,acetylcholine,13,28
530027,TmY3,22922,LC4,14,acetylcholine,31,6
13191,Li30,22922,LC4,14,gaba,4,2
514455,TmY3,517752,LC4,14,acetylcholine,15,14
99943,Tm4,517752,LC4,14,acetylcholine,14,28
10611,Li39,517752,LC4,14,gaba,15,0
69765,Tm4,21165,LC4,14,acetylcholine,15,1
63094,TmY3,21165,LC4,14,acetylcholine,22,23
58964,Tm2,21165,LC4,14,acetylcholine,15,28
45421,TmY3,21165,LC4,14,acetylcholine,8,21
17289,Li29,21165,LC4,14,gaba,13,1
82279,TmY3,16628,LC4,14,acetylcholine,16,28
69587,T2,16628,LC4,14,acetylcholine,17,28
64442,Tm3,16628,LC4,14,acetylcholine,18,28
93447,T2,519931,LC4,14,acetylcholine,19,28
88748,T2,519931,LC4,14,acetylcholine,20,28
82367,Tm4,519931,LC4,14,acetylcholine,21,28
80757,TmY3,519931,LC4,14,acetylcholine,14,18
39227,TmY3,519931,LC4,14,acetylcholine,22,28
15182,Li17,519931,LC4,14,gaba,17,1
15019,Li28,519931,LC4,14,gaba,12,0
543265,Tm4,18478,LC4,14,acetylcholine,23,28
519287,LC9,18478,LC4,14,acetylcholine,24,28
131263,Tm4,18478,LC4,14,acetylcholine,25,28
99867,Tm5Y,18478,LC4,14,acetylcholine,26,28
59316,Tm4,18478,LC4,14,acetylcholine,27,28
546164,T2,27624,LC4,14,acetylcholine,28,28
525160,TmY3,27624,LC4,14,acetylcholine,29,28
169570,Y11,27624,LC4,14,glutamate,30,28
163416,TmY3,27624,LC4,14,acetylcholine,31,28
153594,T2,27624,LC4,14,acetylcholine,0,29
38730,LC9,27624,LC4,14,acetylcholine,7,23
29257,LC14a-1,27624,LC4,14,acetylcholine,6,1
96281,TmY3,20282,LC4,14,acetylcholine,1,29
71963,T2,20282,LC4,14,acetylcholine,4,21
62452,TmY3,20282,LC4,14,acetylcholine,2,29
518069,T2,81112,LC4,14,acetylcholine,3,29
89515,T2,81112,LC4,14,acetylcholine,4,29
19969,TmY19a,81112,LC4,14,gaba,5,29
539413,LT56,26112,LC4,14,glutamate,4,14
84962,Tm4,26112,LC4,14,acetylcholine,6,29
84694,Tm4,26112,LC4,14,acetylcholine,7,29
82123,Tm4,26112,LC4,14,acetylcholine,8,29
80885,Tm4,26112,LC4,14,acetylcholine,7,21
77238,Tm4,26112,LC4,14,acetylcholine,9,29
31371,LC9,26112,LC4,14,acetylcholine,10,29
16545,Li28,26112,LC4,14,gaba,30,0
68276,T2,21336,LC4,14,acetylcholine,11,29
65806,T2,21336,LC4,14,acetylcholine,6,17
65468,T2,21336,LC4,14,acetylcholine,13,4
54216,TmY3,21336,LC4,14,acetylcholine,7,2
49248,Tm2,21336,LC4,14,acetylcholine,12,29
44244,TmY3,21336,LC4,14,acetylcholine,7,17
16659,PVLP011,21336,LC4,14,gaba,11,20
77148,T2,23792,LC4,14,acetylcholine,13,29
76943,T2,23792,LC4,14,acetylcholine,14,29
76371,T2,23792,LC4,14,acetylcholine,15,29
17289,Li29,23792,LC4,14,gaba,13,1
541744,Tm4,14888,LC4,14,acetylcholine,22,13
513249,Tm4,14888,LC4,14,acetylcholine,16,29
107145,T2,14888,LC4,14,acetylcholine,17,29
50948,TmY3,14888,LC4,14,acetylcholine,30,20
42303,TmY3,14888,LC4,14,acetylcholine,19,11
90540,T2,519650,LC4,14,acetylcholine,18,29
23916,Li26,519650,LC4,14,gaba,19,29
23314,LC9,519650,LC4,14,acetylcholine,20,29
17375,SAD064,519650,LC4,14,acetylcholine,21,29
16596,Li28,519650,LC4,14,gaba,1,4
12004,MeLo8,519650,LC4,14,gaba,13,12
10085,Am1,519650,LC4,14,gaba,28,1
516678,T2,518730,LC4,14,acetylcholine,22,29
513770,MeLo8,518730,LC4,14,gaba,2,11
82547,Tm3,518730,LC4,14,acetylcholine,23,29
70183,TmY3,518730,LC4,14,acetylcholine,24,29
165011,T2,29417,LC4,14,acetylcholine,25,29
113859,Tm4,29417,LC4,14,acetylcholine,26,29
12722,LoVC21,29417,LC4,14,gaba,3,1
513770,MeLo8,12824,LC4,14,gaba,2,11
512201,LC9,12824,LC4,14,acetylcholine,30,2
63663,Tm4,12824,LC4,14,acetylcholine,27,29
63280,T2,527408,LC4,14,acetylcholine,28,29
37703,Tlp12,527408,LC4,14,glutamate,29,29
15909,Li28,527408,LC4,14,gaba,27,0
529801,Y11,12032,LC4,14,glutamate,30,29
144887,T2,12032,LC4,14,acetylcholine,31,29
93193,Tm4,12032,LC4,14,acetylcholine,0,30
89288,TmY3,12032,LC4,14,acetylcholine,29,4
68705,TmY3,12032,LC4,14,acetylcholine,1,9
42836,Tlp13,12032,LC4,14,glutamate,1,30
12331,MeLo8,12032,LC4,14,gaba,8,2
12004,MeLo8,12032,LC4,14,gaba,13,12
536374,TmY3,111787,LC4,14,acetylcholine,2,25
15986,MeLo8,111787,LC4,14,gaba,25,7
512528,TmY3,35262,LC4,14,acetylcholine,26,5
30675,TmY3,35262,LC4,14,acetylcholine,13,25
16765,TmY3,35262,LC4,14,acetylcholine,16,25
12722,LoVC21,35262,LC4,14,gaba,3,1
94713,T2,23202,LC4,14,acetylcholine,2,30
82926,TmY3,23202,LC4,14,acetylcholine,23,6
67508,TmY3,23202,LC4,14,acetylcholine,0,12
59308,Tm4,23202,LC4,14,acetylcholine,3,30
20859,LC4,23202,LC4,14,acetylcholine,5,26
15804,LPLC2,23202,LC4,14,acetylcholine,4,30
13524,MeLo8,23202,LC4,14,gaba,22,16
13107,LC9,23202,LC4,14,acetylcholine,5,30
554508,T2,17054,LC4,14,acetylcholine,6,30
86308,T2,17054,LC4,14,acetylcholine,25,11
76368,T2,17054,LC4,14,acetylcholine,7,30
72127,T2,17054,LC4,14,acetylcholine,8,30
69205,T2,17054,LC4,14,acetylcholine,15,31
65892,TmY3,17054,LC4,14,acetylcholine,9,30
63429,Tm4,17054,LC4,14,acetylcholine,10,30
62132,TmY3,17054,LC4,14,acetylcholine,11,30
52407,TmY3,17054,LC4,14,acetylcholine,12,26
41999,TmY3,17054,LC4,14,acetylcholine,21,26
14118,Li30,17054,LC4,14,gaba,19,0
65362,Tm4,16128,LC4,14,acetylcholine,12,30
64739,Tm3,16128,LC4,14,acetylcholine,13,30
64460,T2,16128,LC4,14,acetylcholine,14,30
62659,Tm4,16128,LC4,14,acetylcholine,15,30
55250,Tm2,16128,LC4,14,acetylcholine,16,30
42708,Y14,16128,LC4,14,glutamate,17,30
10480,MeVP53,16128,LC4,14,gaba,11,7
97570,TmY3,21804,LC4,14,acetylcholine,18,30
66579,TmY3,21804,LC4,14,acetylcholine,19,30
61246,TmY3,21804,LC4,14,acetylcholine,20,30
37048,Tlp12,21804,LC4,14,glutamate,21,30
22305,TmY19b,21804,LC4,14,gaba,22,30
19642,Li17,21804,LC4,14,gaba,25,5
16659,PVLP011,21804,LC4,14,gaba,11,20
88570,T2,20016,LC4,14,acetylcholine,23,30
81926,T2,20016,LC4,14,acetylcholine,24,30
31592,LPLC1,20016,LC4,14,acetylcholine,25,30
17280,Li28,20016,LC4,14,gaba,1,0
160764,T2,15018,LC4,14,acetylcholine,26,30
115777,Tm2,15018,LC4,14,acetylcholine,27,30
90285,T2,15018,LC4,14,acetylcholine,28,30
85190,TmY3,15018,LC4,14,acetylcholine,0,11
45100,TmY3,15018,LC4,14,acetylcholine,7,4
17596,Li28,15018,LC4,14,gaba,9,2
56291,TmY3,19260,LC4,14,acetylcholine,29,30
14106,CB2664,19260,LC4,14,acetylcholine,4,17
12415,MeLo8,19260,LC4,14,gaba,22,0
537533,Tm4,514508,LC4,14,acetylcholine,30,30
513183,Tm4,514508,LC4,14,acetylcholine,31,30
91305,Tm4,514508,LC4,14,acetylcholine,0,31
17939,PVLP046,514508,LC4,14,gaba,1,19
76840,T2,19550,LC4,14,acetylcholine,3,31
73704,Tm4,19550,LC4,14,acetylcholine,1,31
68467,T2,19550,LC4,14,acetylcholine,2,31
63709,T2,19550,LC4,14,acetylcholine,3,31
61756,T2,19550,LC4,14,acetylcholine,4,31
60360,T2,19550,LC4,14,acetylcholine,5,31
58844,Tm4,19550,LC4,14,acetylcholine,6,31
54213,TmY3,19550,LC4,14,acetylcholine,0,2
17939,PVLP046,19550,LC4,14,gaba,1,19
17289,Li29,19550,LC4,14,gaba,13,1
87749,TmY3,21151,LC4,14,acetylcholine,12,7
63019,Tm2,21151,LC4,14,acetylcholine,7,31
53659,TmY3,21151,LC4,14,acetylcholine,8,31
52163,TmY3,21151,LC4,14,acetylcholine,10,16
47432,TmY3,21151,LC4,14,acetylcholine,13,24
13797,Li29,21151,LC4,14,gaba,8,29
75576,TmY3,518544,LC4,14,acetylcholine,4,23
84783,TmY3,19420,LC4,14,acetylcholine,18,12
80567,TmY3,19420,LC4,14,acetylcholine,3,1
73910,TmY3,19420,LC4,14,acetylcholine,25,10
56643,TmY3,19420,LC4,14,acetylcholine,30,18
55198,TmY3,19420,LC4,14,acetylcholine,9,31
53376,TmY3,19420,LC4,14,acetylcholine,27,25
71946,TmY3,107513,LC4,14,acetylcholine,0,9
35082,Li25,107513,LC4,14,gaba,10,31
118371,Tm4,20542,LC4,14,acetylcholine,20,19
56291,TmY3,20542,LC4,14,acetylcholine,29,30
11378,CB1280,20542,LC4,14,acetylcholine,29,16
54237,TmY3,29563,LC4,14,acetylcholine,30,7
13926,MeLo8,29563,LC4,14,gaba,11,31
88214,T2,17364,LC4,14,acetylcholine,12,31
86564,Tm3,17364,LC4,14,acetylcholine,13,31
85832,T2,17364,LC4,14,acetylcholine,14,31
76879,T2,17364,LC4,14,acetylcholine,15,31
68415,T2,17364,LC4,14,acetylcholine,16,31
64671,Tm2,17364,LC4,14,acetylcholine,17,31
52163,TmY3,17364,LC4,14,acetylcholine,10,16
47432,TmY3,17364,LC4,14,acetylcholine,13,24
520494,TmY3,37587,LC4,14,acetylcholine,28,21
54586,Tm2,37587,LC4,14,acetylcholine,18,31
13577,MeLo8,37587,LC4,14,gaba,21,0
10085,Am1,37587,LC4,14,gaba,28,1
515727,TmY3,530029,LC4,14,acetylcholine,16,19
112198,Tm4,530029,LC4,14,acetylcholine,19,31
73044,TmY3,530029,LC4,14,acetylcholine,28,3
18396,LC4,530029,LC4,14,acetylcholine,20,31
10085,Am1,530029,LC4,14,gaba,28,1
109289,Tm4,16138,LC4,14,acetylcholine,21,31
85440,Tm3,16138,LC4,14,acetylcholine,22,31
70724,T2,16138,LC4,14,acetylcholine,23,31
69380,Tm3,16138,LC4,14,acetylcholine,24,31
68678,T2,16138,LC4,14,acetylcholine,25,31
51050,TmY3,16138,LC4,14,acetylcholine,17,8
46324,TmY3,16138,LC4,14,acetylcholine,16,30
40331,Tlp12,16138,LC4,14,glutamate,26,31
30923,TmY3,16138,LC4,14,acetylcholine,27,31
10093,Am1,16138,LC4,14,gaba,0,2
112646,Tm4,18127,LC4,14,acetylcholine,28,31
106948,Tm4,18127,LC4,14,acetylcholine,29,31
70812,TmY3,18127,LC4,14,acetylcholine,24,10
63058,T2,18127,LC4,14,acetylcholine,30,31
48894,TmY3,18127,LC4,14,acetylcholine,9,19
48130,Tm2,18127,LC4,14,acetylcholine,31,31
562463,Tm4,100485,LC4,14,acetylcholine,0,0
533254,TmY3,100485,LC4,14,acetylcholine,10,10
531862,LT41,100485,LC4,14,gaba,31,3
81367,TmY3,100485,LC4,14,acetylcholine,4,5
51829,TmY3,100485,LC4,14,acetylcholine,13,24
30320,TmY3,100485,LC4,14,acetylcholine,26,5
66188,T2,21313,LC4,14,acetylcholine,1,0
63030,Tm4,21313,LC4,14,acetylcholine,2,0
59361,TmY3,21313,LC4,14,acetylcholine,28,26
48475,TmY3,21313,LC4,14,acetylcholine,3,0
44244,TmY3,21313,LC4,14,acetylcholine,7,17
13588,Li30,21313,LC4,14,gaba,12,1
72542,Tm4,20808,LC4,13,acetylcholine,4,0
71929,T2,20808,LC4,13,acetylcholine,5,0
70239,T2,20808,LC4,13,acetylcholine,6,0
44592,TmY3,20808,LC4,13,acetylcholine,7,10
39692,TmY3,20808,LC4,13,acetylcholine,22,3
14245,MeLo8,20808,LC4,13,gaba,9,10
80993,T2,22966,LC4,13,acetylcholine,7,0
74678,TmY3,22966,LC4,13,acetylcholine,16,14
65312,T2,22966,LC4,13,acetylcholine,8,0
55926,Tm2,22966,LC4,13,acetylcholine,9,0
51134,Y12,22966,LC4,13,glutamate,10,0
40833,LC14a-1,22966,LC4,13,acetylcholine,31,14
17576,Li17,22966,LC4,13,gaba,16,15
12468,LoVC13,22966,LC4,13,gaba,14,7
520292,Tm4,520449,LC4,13,acetylcholine,11,0
514030,Li25,520449,LC4,13,gaba,12,0
513770,MeLo8,520449,LC4,13,gaba,2,11
93329,TmY3,520449,LC4,13,acetylcholine,3,22
82124,Tm4,520449,LC4,13,acetylcholine,13,0
81751,Tm4,520449,LC4,13,acetylcholine,14,0
61092,Y14,520449,LC4,13,glutamate,15,0
541820,TmY3,511914,LC4,13,acetylcholine,24,24
533050,Tm4,511914,LC4,13,acetylcholine,16,0
515524,Tm2,511914,LC4,13,acetylcholine,17,0
512201,LC9,511914,LC4,13,acetylcholine,30,2
15261,CB2664,511914,LC4,13,acetylcholine,5,0
539413,LT56,17987,LC4,13,glutamate,4,14
101065,T2,17987,LC4,13,acetylcholine,18,0
99502,T2,17987,LC4,13,acetylcholine,19,0
70420,Tm2,17987,LC4,13,acetylcholine,20,0
63580,TmY3,17987,LC4,13,acetylcholine,12,24
63067,TmY3,17987,LC4,13,acetylcholine,21,0
60660,T2,17987,LC4,13,acetylcholine,22,0
37427,LC14a-1,17987,LC4,13,acetylcholine,19,1
16633,TmY19b,17987,LC4,13,gaba,21,10
75832,T2,19543,LC4,13,acetylcholine,23,0
65806,T2,19543,LC4,13,acetylcholine,6,17
56118,TmY3,19543,LC4,13,acetylcholine,18,8
46230,TmY3,19543,LC4,13,acetylcholine,24,0
42050,TmY3,19543,LC4,13,acetylcholine,16,16
30856,LC9,19543,LC4,13,acetylcholine,5,9
23434,Li26,19543,LC4,13,gaba,25,0
10480,MeVP53,19543,LC4,13,gaba,11,7
119054,Tm4,28945,LC4,13,acetylcholine,26,0
81855,Tm4,28945,LC4,13,acetylcholine,27,0
78306,T2,28945,LC4,13,acetylcholine,28,0
67097,Tm2,28945,LC4,13,acetylcholine,29,0
66282,TmY3,28945,LC4,13,acetylcholine,29,7
60333,TmY3,28945,LC4,13,acetylcholine,21,4
54237,TmY3,28945,LC4,13,acetylcholine,30,7
52051,TmY3,28945,LC4,13,acetylcholine,29,17
44782,TmY3,28945,LC4,13,acetylcholine,12,15
22975,LC4,28945,LC4,13,acetylcholine,30,0
106370,Tm4,19634,LC4,13,acetylcholine,18,3
27194,PVLP046,19634,LC4,13,gaba,18,3
65963,T2,17548,LC4,13,acetylcholine,21,10
59965,Tm4,17548,LC4,13,acetylcholine,31,0
59714,Tm4,17548,LC4,13,acetylcholine,0,1
51837,TmY3,17548,LC4,13,acetylcholine,1,1
39287,TmY3,17548,LC4,13,acetylcholine,29,8
30682,LC9,17548,LC4,13,acetylcholine,2,1
16659,PVLP011,17548,LC4,13,gaba,11,20
12638,MeLo8,17548,LC4,13,gaba,11,1
549301,Tm4,21721,LC4,13,acetylcholine,3,1
90265,Tm4,21721,LC4,13,acetylcholine,4,1
14108,TmY19a,21721,LC4,13,gaba,25,12
10776,LoVC7,21721,LC4,13,gaba,2,1
539377,T2,16917,LC4,13,acetylcholine,5,1
77923,T2,16917,LC4,13,acetylcholine,6,1
65799,Tlp12,16917,LC4,13,glutamate,7,1
49057,Tm4,16917,LC4,13,acetylcholine,13,20
45582,T2,16917,LC4,13,acetylcholine,8,1
15666,Li17,16917,LC4,13,gaba,20,8
167010,Tm4,532254,LC4,13,acetylcholine,9,1
107632,T2,532254,LC4,13,acetylcholine,10,1
47296,Li14,532254,LC4,13,glutamate,11,1
25944,Li26,532254,LC4,13,gaba,12,1
525253,T2,18432,LC4,13,acetylcholine,13,1
77614,LC4,18432,LC4,13,acetylcholine,20,31
36817,TmY3,18432,LC4,13,acetylcholine,12,25
22257,PVLP046,18432,LC4,13,gaba,16,12
15263,Li28,18432,LC4,13,gaba,3,2
530029,LC4,16809,LC4,13,acetylcholine,17,25
86963,Li14,16809,LC4,13,glutamate,14,1
65990,T2,19954,LC4,13,acetylcholine,15,1
64058,T2,19954,LC4,13,acetylcholine,31,27
61835,T2,19954,LC4,13,acetylcholine,16,1
48415,Tm2,19954,LC4,13,acetylcholine,17,1
16475,PVLP024,19954,LC4,13,gaba,20,7
13849,MeLo8,19954,LC4,13,gaba,29,21
539413,LT56,17668,LC4,13,glutamate,4,14
123754,Tm4,17668,LC4,13,acetylcholine,18,1
110145,Tm4,17668,LC4,13,acetylcholine,19,1
90084,T2,17668,LC4,13,acetylcholine,20,1
82922,T2,17668,LC4,13,acetylcholine,27,3
81992,T2,17668,LC4,13,acetylcholine,21,1
80821,T2,17668,LC4,13,acetylcholine,22,1
74578,TmY3,17668,LC4,13,acetylcholine,23,1
24100,Li15,17668,LC4,13,gaba,29,20
534514,T2,20859,LC4,13,acetylcholine,24,1
525997,Tm4,20859,LC4,13,acetylcholine,25,1
517569,TmY3,20859,LC4,13,acetylcholine,26,1
63987,Tm2,20859,LC4,13,acetylcholine,27,1
17403,Tlp12,20859,LC4,13,glutamate,28,1
522456,TmY3,38065,LC4,13,acetylcholine,23,19
79189,T2,38065,LC4,13,acetylcholine,29,1
539331,Tm4,27829,LC4,13,acetylcholine,30,1
535936,Tm4,27829,LC4,13,acetylcholine,31,1
518465,Tm4,27829,LC4,13,acetylcholine,0,2
101018,T2,27829,LC4,13,acetylcholine,1,2
88049,Tm2,27829,LC4,13,acetylcholine,2,2
57193,Tm2,27829,LC4,13,acetylcholine,3,2
54009,Tm4,27829,LC4,13,acetylcholine,4,2
26668,TmY3,27829,LC4,13,acetylcholine,19,28
23006,Tm4,27829,LC4,13,acetylcholine,5,2
12242,SAD055,27829,LC4,13,acetylcholine,22,8
80899,TmY3,17926,LC4,13,acetylcholine,12,11
61037,Tm4,17926,LC4,13,acetylcholine,6,2
59965,Tm4,17926,LC4,13,acetylcholine,31,0
52677,Tm2,17926,LC4,13,acetylcholine,7,2
51934,TmY3,17926,LC4,13,acetylcholine,3,16
10052,LoVC14,17926,LC4,13,gaba,8,2
100675,Tm4,31262,LC4,13,acetylcholine,9,2
95878,Tm3,31262,LC4,13,acetylcholine,10,2
94741,T2,31262,LC4,13,acetylcholine,11,2
77654,T2,31262,LC4,13,acetylcholine,12,2
561561,Tm4,23226,LC4,13,acetylcholine,13,2
539727,Tm4,23226,LC4,13,acetylcholine,14,2
529495,TmY3,23226,LC4,13,acetylcholine,31,2
521269,TmY3,23226,LC4,13,acetylcholine,12,2
160295,T2,23226,LC4,13,acetylcholine,15,2
59048,TmY3,23226,LC4,13,acetylcholine,22,17
10085,Am1,23226,LC4,13,gaba,28,1
519090,TmY3,518983,LC4,13,acetylcholine,16,2
78364,T2,518983,LC4,13,acetylcholine,17,2
56891,TmY3,518983,LC4,13,acetylcholine,18,2
41601,TmY3,518983,LC4,13,acetylcholine,7,0
516148,TmY3,12349,LC4,13,acetylcholine,19,2
111903,LPLC2,12349,LC4,13,acetylcholine,20,2
73427,Li14,12349,LC4,13,glutamate,21,2
71920,Tm2,12349,LC4,13,acetylcholine,22,2
63660,Li13,12349,LC4,13,gaba,23,2
72896,Tm3,23098,LC4,13,acetylcholine,24,2
42006,TmY3,23098,LC4,13,acetylcholine,14,17
28076,Tm2,23098,LC4,13,acetylcholine,25,2
16260,Li17,23098,LC4,13,gaba,4,26
13849,MeLo8,23098,LC4,13,gaba,29,21
12475,LoVC15,23098,LC4,13,gaba,17,20
10730,LoVC21,23098,LC4,13,gaba,31,0
550080,Tm2,17478,LC4,13,acetylcholine,26,2
537985,T2,17478,LC4,13,acetylcholine,27,2
530092,MeLo2,17478,LC4,13,acetylcholine,28,2
525905,T2,17478,LC4,13,acetylcholine,29,2
517567,TmY3,17478,LC4,13,acetylcholine,19,6
102612,Tm4,17478,LC4,13,acetylcholine,30,2
88648,Tm4,17478,LC4,13,acetylcholine,31,2
52505,TmY3,17478,LC4,13,acetylcholine,0,15
35386,LC9,17478,LC4,13,acetylcholine,0,3
31766,TmY3,17478,LC4,13,acetylcholine,5,17
20437,T2,34845,LC4,13,acetylcholine,1,3
536976,TmY3,17653,LC4,13,acetylcholine,3,8
534433,Tlp12,17653,LC4,13,glutamate,2,3
519934,Li25,17653,LC4,13,gaba,3,3
516276,T2,17653,LC4,13,acetylcholine,4,3
46286,Tm2,17653,LC4,13,acetylcholine,5,3
542272,Tm4,20440,LC4,13,acetylcholine,6,3
535466,TmY3,20440,LC4,13,acetylcholine,4,16
79339,TmY3,20440,LC4,13,acetylcholine,19,13
575414,T2,17340,LC4,13,acetylcholine,7,3
527169,TmY3,17340,LC4,13,acetylcholine,14,10
523564,PVLP011,17340,LC4,13,gaba,14,16
520554,Tm4,17340,LC4,13,acetylcholine,8,3
21331,LC9,17340,LC4,13,acetylcholine,30,5
15263,Li28,17340,LC4,13,gaba,3,2
61960,T2,22975,LC4,13,acetylcholine,9,3
53156,TmY3,22975,LC4,13,acetylcholine,4,12
34276,LC9,22975,LC4,13,acetylcholine,10,3
29017,LC9,22975,LC4,13,acetylcholine,29,26
28945,LC4,22975,LC4,13,acetylcholine,11,3
24235,TmY19a,22975,LC4,13,gaba,12,3
537452,T2,24523,LC4,13,acetylcholine,13,3
516909,LC4,24523,LC4,13,acetylcholine,14,3
68553,Tm3,24523,LC4,13,acetylcholine,15,3
25115,TmY3,24523,LC4,13,acetylcholine,3,23
12722,LoVC21,24523,LC4,13,gaba,3,1
10345,LT40,24523,LC4,13,gaba,16,3
526361,Tm4,20967,LC4,13,acetylcholine,17,3
519154,Tlp13,20967,LC4,13,glutamate,18,3
518698,TmY3,20967,LC4,13,acetylcholine,19,29
118296,T2,20967,LC4,13,acetylcholine,3,10
15019,Li28,20967,LC4,13,gaba,12,0
13600,CB2664,20967,LC4,13,acetylcholine,10,21
10345,LT40,20967,LC4,13,gaba,16,3
532564,TmY3,35616,LC4,13,acetylcholine,19,3
10085,Am1,35616,LC4,13,gaba,28,1
543127,T2,535341,LC4,13,acetylcholine,20,3
523853,T2,535341,LC4,13,acetylcholine,21,3
54807,TmY3,535341,LC4,13,acetylcholine,19,10
22874,TmY3,535341,LC4,13,acetylcholine,5,24
16596,Li28,535341,LC4,13,gaba,1,4
13949,T2,535341,LC4,13,acetylcholine,22,3
516070,Li17,512366,LC4,13,gaba,20,22
146236,Tm2,512366,LC4,13,acetylcholine,23,3
132420,T2,512366,LC4,13,acetylcholine,24,3
46141,TmY3,512366,LC4,13,acetylcholine,30,21
18350,PVLP046,512366,LC4,13,gaba,25,3
10085,Am1,512366,LC4,13,gaba,28,1
517193,LoVC7,30480,LC4,13,gaba,1,1
116105,Tm4,30480,LC4,13,acetylcholine,26,3
97913,T2,30480,LC4,13,acetylcholine,13,23
92791,Tm4,30480,LC4,13,acetylcholine,27,3
89493,T2,30480,LC4,13,acetylcholine,2,7
86453,Tm4,30480,LC4,13,acetylcholine,28,3
39745,LC9,30480,LC4,13,acetylcholine,29,3
34864,LC9,30480,LC4,13,acetylcholine,30,3
25870,LPLC1,30480,LC4,13,acetylcholine,31,3
11102,PVLP046,30480,LC4,13,gaba,20,4
80634,Tm3,31301,LC4,13,acetylcholine,0,4
52176,TmY3,31301,LC4,13,acetylcholine,18,28
36817,TmY3,31301,LC4,13,acetylcholine,12,25
531352,Tlp12,512705,LC4,13,glutamate,1,4
75320,T2,512705,LC4,13,acetylcholine,2,4
41265,TmY3,512705,LC4,13,acetylcholine,30,11
36247,TmY3,512705,LC4,13,acetylcholine,7,20
14979,MeLo8,512705,LC4,13,gaba,23,13
78996,Tm4,22034,LC4,13,acetylcholine,3,4
63886,TmY3,22034,LC4,13,acetylcholine,18,26
54766,TmY3,22034,LC4,13,acetylcholine,26,8
48781,TmY3,22034,LC4,13,acetylcholine,23,12
24920,LPLC1,22034,LC4,13,acetylcholine,4,4
133433,T2,515476,LC4,13,acetylcholine,5,4
112914,TmY18,515476,LC4,13,acetylcholine,6,4
84947,T2,515476,LC4,13,acetylcholine,7,4
54089,Li14,515476,LC4,13,glutamate,8,4
25592,T2,515476,LC4,13,acetylcholine,9,4
98086,T2,30803,LC4,13,acetylcholine,0,24
75536,T2,30803,LC4,13,acetylcholine,10,4
69216,Y14,30803,LC4,13,glutamate,28,30
60684,TmY3,30803,LC4,13,acetylcholine,26,6
33995,LC9,30803,LC4,13,acetylcholine,11,4
28945,LC4,30803,LC4,13,acetylcholine,11,3
66988,Tm37,524899,LC4,13,glutamate,12,4
129396,Tm4,32597,LC4,13,acetylcholine,13,4
69458,TmY3,32597,LC4,13,acetylcholine,12,9
55082,TmY3,32597,LC4,13,acetylcholine,24,24
34532,LC9,32597,LC4,13,acetylcholine,14,4
13813,MeLo8,32597,LC4,13,gaba,2,20
10085,Am1,32597,LC4,13,gaba,28,1
939928,T2,526286,LC4,13,acetylcholine,15,4
81690,TmY3,526286,LC4,13,acetylcholine,24,11
73266,Tm4,526286,LC4,13,acetylcholine,16,4
60756,Tm4,526286,LC4,13,acetylcholine,17,4
47254,Y12,526286,LC4,13,glutamate,18,4
36247,TmY3,526286,LC4,13,acetylcholine,7,20
10085,Am1,526286,LC4,13,gaba,28,1
520330,MeLo8,33137,LC4,13,gaba,20,16
93682,TmY3,33137,LC4,13,acetylcholine,19,4
47857,Tm2,33137,LC4,13,acetylcholine,20,4
35844,TmY3,33137,LC4,13,acetylcholine,1,31
13308,Li29,33137,LC4,13,gaba,14,19
42279,TmY3,27750,LC4,13,acetylcholine,5,25
11894,MeLo8,27750,LC4,13,gaba,24,15
11102,PVLP046,27750,LC4,13,gaba,20,4
10085,Am1,27750,LC4,13,gaba,28,1
539413,LT56,17860,LC4,13,glutamate,4,14
81788,Tm3,17860,LC4,13,acetylcholine,21,4
77299,Tm3,17860,LC4,13,acetylcholine,22,4
55387,TmY3,17860,LC4,13,acetylcholine,5,20
77489,Tm4,21287,LC4,13,acetylcholine,23,4
63656,TmY3,21287,LC4,13,acetylcholine,3,15
55496,TmY3,21287,LC4,13,acetylcholine,14,8
74681,Tm4,18189,LC4,13,acetylcholine,24,4
61394,T2,18189,LC4,13,acetylcholine,7,16
52429,TmY3,18189,LC4,13,acetylcholine,25,4
49516,TmY3,18189,LC4,13,acetylcholine,15,9
46208,Tm2,18189,LC4,13,acetylcholine,26,4
16475,PVLP024,18189,LC4,13,gaba,20,7
14198,MeLo8,18189,LC4,13,gaba,23,7
11628,LT40,18189,LC4,13,gaba,27,4
11378,CB1280,18189,LC4,13,acetylcholine,29,16
47637,Tm2,20572,LC4,13,acetylcholine,28,4
41629,Li13,20572,LC4,13,gaba,29,4
33369,TmY3,20572,LC4,13,acetylcholine,2,23
517557,TmY3,29469,LC4,13,acetylcholine,28,0
100826,T2,29469,LC4,13,acetylcholine,30,4
80510,Tm2,29469,LC4,13,acetylcholine,31,4
57496,Y14,29469,LC4,13,glutamate,0,5
56079,T2,29469,LC4,13,acetylcholine,1,5
15986,MeLo8,29469,LC4,13,gaba,25,7
539413,LT56,23929,LC4,13,glutamate,4,14
81940,T2,23929,LC4,13,acetylcholine,2,5
81874,T2,23929,LC4,13,acetylcholine,3,5
65312,T2,23929,LC4,13,acetylcholine,8,0
62838,TmY3,23929,LC4,13,acetylcholine,9,0
57166,TmY3,23929,LC4,13,acetylcholine,4,5
56061,Li13,23929,LC4,13,gaba,5,5
20434,PVLP046,23929,LC4,13,gaba,0,21
104128,Tm3,20399,LC4,13,acetylcholine,6,5
90860,Tm3,20399,LC4,13,acetylcholine,7,5
81496,T2,20399,LC4,13,acetylcholine,8,5
74706,T2,20399,LC4,13,acetylcholine,9,5
74400,Tm4,20399,LC4,13,acetylcholine,10,5
68831,TmY3,20399,LC4,13,acetylcholine,2,9
14709,MeLo8,20399,LC4,13,gaba,17,13
540241,T2,30087,LC4,13,acetylcholine,11,5
514112,TmY3,30087,LC4,13,acetylcholine,12,5
512812,TmY3,30087,LC4,13,acetylcholine,27,24
73317,T2,30087,LC4,13,acetylcholine,13,5
10158,LT56,30087,LC4,13,glutamate,31,5
140058,T2,518439,LC4,13,acetylcholine,14,5
75290,TmY3,518439,LC4,13,acetylcholine,29,14
65937,Tm2,518439,LC4,13,acetylcholine,15,5
56038,TmY3,518439,LC4,13,acetylcholine,26,19
48118,TmY19a,518439,LC4,13,gaba,16,5
17596,Li28,518439,LC4,13,gaba,9,2
553295,T2,17608,LC4,13,acetylcholine,17,5
119071,T2,17608,LC4,13,acetylcholine,18,5
96176,Tm4,17608,LC4,13,acetylcholine,22,25
86991,T2,17608,LC4,13,acetylcholine,19,5
62961,Tm2,17608,LC4,13,acetylcholine,20,5
45100,TmY3,17608,LC4,13,acetylcholine,7,4
43952,Tm2,17608,LC4,13,acetylcholine,21,5
105560,Tm4,22847,LC4,13,acetylcholine,22,5
103742,Tm5Y,22847,LC4,13,acetylcholine,23,5
100094,T2,22847,LC4,13,acetylcholine,24,5
85595,Tm4,22847,LC4,13,acetylcholine,25,5
56493,TmY3,22847,LC4,13,acetylcholine,12,31
51692,Li14,22847,LC4,13,glutamate,26,5
50683,Li15,22847,LC4,13,gaba,27,5
29563,LC4,22847,LC4,13,acetylcholine,28,5
17699,TmY19a,22847,LC4,13,gaba,22,19
530434,Tm3,20673,LC4,13,acetylcholine,29,5
75797,T2,20673,LC4,13,acetylcholine,30,5
61435,TmY3,20673,LC4,13,acetylcholine,4,15
51050,TmY3,20673,LC4,13,acetylcholine,17,8
48283,TmY3,20673,LC4,13,acetylcholine,12,7
110246,Tm4,518016,LC4,13,acetylcholine,31,5
51806,Tm4,518016,LC4,13,acetylcholine,0,6
26173,Y12,518016,LC4,13,glutamate,1,6
527070,Tm4,20976,LC4,13,acetylcholine,2,6
66751,Tm4,20976,LC4,13,acetylcholine,3,6
13191,Li30,20976,LC4,13,gaba,4,2
520546,Tm2,31308,LC4,13,acetylcholine,4,6
80757,TmY3,31308,LC4,13,acetylcholine,14,18
43103,TmY3,31308,LC4,13,acetylcholine,14,17
15019,Li28,31308,LC4,13,gaba,12,0
518204,TmY3,17270,LC4,13,acetylcholine,1,5
20555,Tlp14,17270,LC4,13,glutamate,5,6
11838,Li17,17270,LC4,13,gaba,0,19
111933,Tm3,516909,LC4,13,acetylcholine,6,6
96060,Tm3,516909,LC4,13,acetylcholine,7,6
90963,Tm4,516909,LC4,13,acetylcholine,8,6
31766,TmY3,516909,LC4,13,acetylcholine,5,17
13600,CB2664,516909,LC4,13,acetylcholine,10,21
533161,TmY3,515900,LC4,13,acetylcholine,1,11
530348,T2,515900,LC4,13,acetylcholine,9,6
518743,T2,515900,LC4,13,acetylcholine,10,6
167463,Tm3,515900,LC4,13,acetylcholine,11,6
128394,T2,515900,LC4,13,acetylcholine,12,6
120197,T2,515900,LC4,13,acetylcholine,8,6
57202,TmY3,515900,LC4,13,acetylcholine,5,21
19046,TmY19a,515900,LC4,13,gaba,14,23
17653,LC4,515900,LC4,13,acetylcholine,13,6
10158,LT56,515900,LC4,13,glutamate,31,5
514971,Li13,31429,LC4,13,gaba,14,6
72820,T2,31429,LC4,13,acetylcholine,15,6
62581,TmY3,31429,LC4,13,acetylcholine,10,27
19292,Li28,31429,LC4,13,gaba,13,0
86687,Tm4,19794,LC4,13,acetylcholine,16,6
76720,T2,19794,LC4,13,acetylcholine,17,6
76334,TmY3,19794,LC4,13,acetylcholine,11,26
73797,T2,19794,LC4,13,acetylcholine,18,6
64514,TmY3,19794,LC4,13,acetylcholine,19,6
60961,TmY3,19794,LC4,13,acetylcholine,18,21
57385,Tm2,19794,LC4,13,acetylcholine,20,6
55933,TmY3,19794,LC4,13,acetylcholine,17,16
53637,TmY3,19794,LC4,13,acetylcholine,7,9
28400,LC9,19794,LC4,13,acetylcholine,21,6
13997,MeLo8,19794,LC4,13,gaba,15,6
102420,T2,17266,LC4,13,acetylcholine,22,6
85239,Tm4,17266,LC4,13,acetylcholine,23,6
68781,Tlp13,17266,LC4,13,glutamate,24,6
59466,TmY3,17266,LC4,13,acetylcholine,24,4
55756,TmY3,17266,LC4,13,acetylcholine,27,10
29963,LC9,17266,LC4,13,acetylcholine,25,6
29076,LC9,17266,LC4,13,acetylcholine,26,6
22940,LC14a-1,17266,LC4,13,acetylcholine,16,7
16415,Li30,17266,LC4,13,gaba,11,4
537029,MeLo8,20588,LC4,13,gaba,8,31
82558,T2,20588,LC4,13,acetylcholine,27,6
80112,Tm4,20588,LC4,13,acetylcholine,28,6
78653,T2,20588,LC4,13,acetylcholine,29,6
75899,T2,20588,LC4,13,acetylcholine,30,6
73875,T2,20588,LC4,13,acetylcholine,31,6
68858,T2,20588,LC4,13,acetylcholine,0,7
44677,TmY3,20588,LC4,13,acetylcholine,21,7
22305,TmY19b,20588,LC4,13,gaba,22,30
531247,T2,22772,LC4,13,acetylcholine,1,7
77503,T2,22772,LC4,13,acetylcholine,2,7
13408,MeLo8,22772,LC4,13,gaba,15,5
67908,TmY3,20917,LC4,13,acetylcholine,3,7
67289,T2,20917,LC4,13,acetylcholine,27,9
67196,T2,20917,LC4,13,acetylcholine,4,7
64634,T2,20917,LC4,13,acetylcholine,5,7
52959,Tm2,20917,LC4,13,acetylcholine,6,7
530854,Li14,77614,LC4,13,glutamate,7,7
523564,PVLP011,77614,LC4,13,gaba,14,16
63609,TmY3,77614,LC4,13,acetylcholine,16,23
17596,Li28,77614,LC4,13,gaba,9,2
78902,Tm2,24338,LC4,13,acetylcholine,8,7
67338,T2,24338,LC4,13,acetylcholine,9,7
62569,T2,24338,LC4,13,acetylcholine,10,7
39200,Y12,24338,LC4,13,glutamate,11,7
33474,SAD049,24338,LC4,13,acetylcholine,24,18
10480,MeVP53,24338,LC4,13,gaba,11,7
73372,TmY3,18396,LC4,13,acetylcholine,12,7
27750,LC4,18396,LC4,13,acetylcholine,19,19
24105,LC14a-1,18396,LC4,13,acetylcholine,26,4
69186,Tm3,22194,LC4,13,acetylcholine,13,7
62089,Tm3,22194,LC4,13,acetylcholine,14,7
58967,TmY3,22194,LC4,13,acetylcholine,10,0
54887,Tm2,22194,LC4,13,acetylcholine,15,7
51848,TmY3,22194,LC4,13,acetylcholine,27,4
33388,Li13,22194,LC4,13,gaba,16,7
17010,TmY19b,22194,LC4,13,gaba,28,4
15468,MeLo8,22194,LC4,13,gaba,8,9
79257,Tm3,23392,LC4,13,acetylcholine,17,7
77520,Tm4,23392,LC4,13,acetylcholine,18,7
69978,T2,23392,LC4,13,acetylcholine,19,7
24110,LC9,23392,LC4,13,acetylcholine,20,18
23792,LC4,23392,LC4,13,acetylcholine,20,7
100831,Tm4,21225,LC4,13,acetylcholine,21,7
70321,Tm3,21225,LC4,13,acetylcholine,22,7
65009,T2,21225,LC4,13,acetylcholine,23,7
26751,Li26,21225,LC4,13,gaba,24,7
21850,LPLC1,21225,LC4,13,acetylcholine,25,7
13588,Li30,21225,LC4,13,gaba,12,1
13376,Li30,21225,LC4,13,gaba,10,0
543988,Tm4,533129,LC4,13,acetylcholine,26,7
20641,Tm2,533129,LC4,13,acetylcholine,27,7
10251,MeVP53,533129,LC4,13,gaba,13,27
69915,TmY3,25584,LC4,13,acetylcholine,13,13
66207,T2,25584,LC4,13,acetylcholine,28,7
54423,TmY3,25584,LC4,13,acetylcholine,6,22
15909,Li28,25584,LC4,13,gaba,27,0
523411,TmY3,28980,LC4,13,acetylcholine,29,10
515828,Tm2,28980,LC4,13,acetylcholine,29,7
76472,Tm3,28980,LC4,13,acetylcholine,30,7
19847,Tm2,28980,LC4,13,acetylcholine,31,7
10776,LoVC7,28980,LC4,13,gaba,2,1
539413,LT56,22328,LC4,13,glutamate,4,14
68966,Tm4,22328,LC4,13,acetylcholine,0,8
67855,Tm4,22328,LC4,13,acetylcholine,1,8
17289,Li29,22328,LC4,13,gaba,13,1
15440,Li17,22328,LC4,13,gaba,0,3
531862,LT41,514956,LC4,13,gaba,31,3
80369,Tm4,514956,LC4,13,acetylcholine,2,8
71431,TmY3,514956,LC4,13,acetylcholine,2,9
71616,T2,514956,LC4,13,acetylcholine,3,8
69125,TmY3,514956,LC4,13,acetylcholine,1,11
15018,LC4,514956,LC4,13,acetylcholine,8,4
13900,MeLo8,514956,LC4,13,gaba,18,2
88689,T2,29514,LC4,13,acetylcholine,28,19
80151,T2,29514,LC4,13,acetylcholine,4,8
35082,Li25,29514,LC4,13,gaba,10,31
29700,TmY3,29514,LC4,13,acetylcholine,22,14
512121,CB1280,22922,LC4,13,acetylcholine,12,21
23279,Tm2,22922,LC4,13,acetylcholine,5,8
92913,T2,517752,LC4,13,acetylcholine,6,8
62105,Tm4,517752,LC4,13,acetylcholine,7,8
134029,Tm3,21165,LC4,13,acetylcholine,8,8
86192,T2,21165,LC4,13,acetylcholine,9,8
85123,Tm2,21165,LC4,13,acetylcholine,10,8
82114,T2,21165,LC4,13,acetylcholine,11,8
80413,Tm4,21165,LC4,13,acetylcholine,12,8
74400,Tm4,21165,LC4,13,acetylcholine,10,5
16611,TmY19b,21165,LC4,13,gaba,10,12
547703,TmY3,16628,LC4,13,acetylcholine,13,8
547645,Tm4,16628,LC4,13,acetylcholine,14,8
526832,TmY3,16628,LC4,13,acetylcholine,8,4
106881,Tm4,16628,LC4,13,acetylcholine,15,8
72923,Tm4,16628,LC4,13,acetylcholine,16,8
70217,T2,16628,LC4,13,acetylcholine,17,8
66691,Tm4,16628,LC4,13,acetylcholine,18,8
64784,T2,16628,LC4,13,acetylcholine,19,8
63178,Tm4,16628,LC4,13,acetylcholine,20,8
63058,T2,16628,LC4,13,acetylcholine,30,31
32975,LC9,16628,LC4,13,acetylcholine,21,8
516812,TmY3,519931,LC4,13,acetylcholine,22,9
515474,TmY3,519931,LC4,13,acetylcholine,27,13
512121,CB1280,519931,LC4,13,acetylcholine,12,21
137521,T2,519931,LC4,13,acetylcholine,22,8
20967,LC4,519931,LC4,13,acetylcholine,23,8
15666,Li17,519931,LC4,13,gaba,20,8
12710,LoVC14,519931,LC4,13,gaba,27,22
10085,Am1,519931,LC4,13,gaba,28,1
50561,Tm4,18478,LC4,13,acetylcholine,19,13
41413,TmY3,18478,LC4,13,acetylcholine,4,6
13308,Li29,18478,LC4,13,gaba,14,19
12710,LoVC14,18478,LC4,13,gaba,27,22
518402,Y12,27624,LC4,13,glutamate,24,8
149606,T2,27624,LC4,13,acetylcholine,25,8
116774,T2,27624,LC4,13,acetylcholine,26,8
83188,T2,27624,LC4,13,acetylcholine,22,25
42202,TmY19a,27624,LC4,13,gaba,27,8
18655,T2,27624,LC4,13,acetylcholine,28,8
10158,LT56,27624,LC4,13,glutamate,31,5
133855,Tm4,20282,LC4,13,acetylcholine,29,8
86520,T2,20282,LC4,13,acetylcholine,30,8
82940,T2,20282,LC4,13,acetylcholine,31,8
80764,T2,20282,LC4,13,acetylcholine,0,9
78508,T2,20282,LC4,13,acetylcholine,1,9
77979,T2,20282,LC4,13,acetylcholine,2,9
59642,Tm2,20282,LC4,13,acetylcholine,3,9
56670,TmY3,20282,LC4,13,acetylcholine,8,16
52738,Li14,20282,LC4,13,glutamate,4,9
45310,TmY3,20282,LC4,13,acetylcholine,2,12
15468,MeLo8,20282,LC4,13,gaba,8,9
535634,TmY3,81112,LC4,13,acetylcholine,4,13
520570,TmY3,81112,LC4,13,acetylcholine,21,22
518983,LC4,81112,LC4,13,acetylcholine,5,9
518743,T2,81112,LC4,13,acetylcholine,10,6
513495,TmY19a,81112,LC4,13,gaba,6,9
102066,Tm4,81112,LC4,13,acetylcholine,7,9
87737,T2,81112,LC4,13,acetylcholine,8,9
54008,LC9,81112,LC4,13,acetylcholine,9,9
52132,T2,81112,LC4,13,acetylcholine,10,9
19830,LPLC2,81112,LC4,13,acetylcholine,11,9
13110,LPLC1,81112,LC4,13,acetylcholine,12,9
87056,Tm4,26112,LC4,13,acetylcholine,13,9
82846,Tm4,26112,LC4,13,acetylcholine,14,9
80416,Tm4,26112,LC4,13,acetylcholine,15,9
79537,Tm4,26112,LC4,13,acetylcholine,16,9
74676,T2,26112,LC4,13,acetylcholine,17,9
13671,MeLo8,26112,LC4,13,gaba,0,10
71306,Tm4,21336,LC4,13,acetylcholine,18,9
15468,MeLo8,21336,LC4,13,gaba,8,9
522456,TmY3,23792,LC4,13,acetylcholine,23,19
123677,Tm4,23792,LC4,13,acetylcholine,19,9
110633,TmY18,23792,LC4,13,acetylcholine,20,9
90028,T2,23792,LC4,13,acetylcholine,21,9
80291,Tm4,23792,LC4,13,acetylcholine,22,9
79952,T2,23792,LC4,13,acetylcholine,28,18
47759,TmY3,23792,LC4,13,acetylcholine,5,29
27194,PVLP046,23792,LC4,13,gaba,18,3
11254,LT41,23792,LC4,13,gaba,31,10
526184,TmY3,14888,LC4,13,acetylcholine,23,9
526199,TmY3,14888,LC4,13,acetylcholine,6,8
520415,Tm4,14888,LC4,13,acetylcholine,24,9
10933,MeLo8,14888,LC4,13,gaba,25,6
532564,TmY3,519650,LC4,13,acetylcholine,19,3
530737,Tm2,519650,LC4,13,acetylcholine,25,9
70197,Tm4,519650,LC4,13,acetylcholine,26,9
15019,Li28,519650,LC4,13,gaba,12,0
10776,LoVC7,519650,LC4,13,gaba,2,1
60553,Tm2,518730,LC4,13,acetylcholine,27,9
28393,LC9,518730,LC4,13,acetylcholine,8,5
10085,Am1,518730,LC4,13,gaba,28,1
524328,T2,29417,LC4,13,acetylcholine,28,9
519474,T2,29417,LC4,13,acetylcholine,29,9
73044,TmY3,29417,LC4,13,acetylcholine,28,3
11102,PVLP046,29417,LC4,13,gaba,20,4
551340,TmY3,12824,LC4,13,acetylcholine,30,9
544294,TmY3,12824,LC4,13,acetylcholine,18,19
516874,TmY3,12824,LC4,13,acetylcholine,28,8
515900,LC4,12824,LC4,13,acetylcholine,0,23
515812,T2,12824,LC4,13,acetylcholine,31,9
47637,Tm2,12824,LC4,13,acetylcholine,28,4
17478,LC4,12824,LC4,13,acetylcholine,0,10
76446,TmY3,527408,LC4,13,acetylcholine,2,14
74162,Tm4,527408,LC4,13,acetylcholine,1,10
72821,Tm4,527408,LC4,13,acetylcholine,2,10
62954,T2,527408,LC4,13,acetylcholine,3,10
58576,T2,527408,LC4,13,acetylcholine,4,10
51870,TmY3,527408,LC4,13,acetylcholine,25,11
50311,TmY3,527408,LC4,13,acetylcholine,1,4
41464,TmY3,527408,LC4,13,acetylcholine,12,18
38884,Li13,527408,LC4,13,gaba,26,20
27194,PVLP046,527408,LC4,13,gaba,18,3
544753,Tm4,12032,LC4,13,acetylcholine,5,10
524039,Li15,12032,LC4,13,gaba,12,10
176583,T2,12032,LC4,13,acetylcholine,6,10
159578,Tm4,12032,LC4,13,acetylcholine,7,10
107928,T2,12032,LC4,13,acetylcholine,8,10
97867,Tm5Y,12032,LC4,13,acetylcholine,9,10
86677,Tm2,12032,LC4,13,acetylcholine,10,10
82434,Tm3,12032,LC4,13,acetylcholine,11,10
56485,TmY3,12032,LC4,13,acetylcholine,23,4
28656,LPLC1,12032,LC4,13,acetylcholine,12,10
28252,Li25,12032,LC4,13,gaba,13,10
16596,Li28,12032,LC4,13,gaba,1,4
572944,T2,111787,LC4,13,acetylcholine,29,18
512155,LC9,111787,LC4,13,acetylcholine,31,13
133960,LC9,111787,LC4,13,acetylcholine,26,3
34413,Li25,111787,LC4,13,gaba,14,10
532612,T2,35262,LC4,13,acetylcholine,15,10
524172,TmY3,35262,LC4,13,acetylcholine,19,7
514407,Li29,35262,LC4,13,gaba,1,23
513904,SAD049,35262,LC4,13,acetylcholine,8,14
93592,TmY3,35262,LC4,13,acetylcholine,16,10
15986,MeLo8,35262,LC4,13,gaba,25,7
10085,Am1,35262,LC4,13,gaba,28,1
525633,Tlp12,23202,LC4,13,glutamate,17,10
24523,LC4,23202,LC4,13,acetylcholine,30,17
21282,LPLC1,23202,LC4,13,acetylcholine,18,10
92061,Tm4,17054,LC4,13,acetylcholine,19,10
79866,Tm4,17054,LC4,13,acetylcholine,20,10
76513,Tm4,17054,LC4,13,acetylcholine,21,10
72077,Tm4,17054,LC4,13,acetylcholine,22,10
71442,Tm4,17054,LC4,13,acetylcholine,23,10
66716,Tm4,17054,LC4,13,acetylcholine,24,10
64933,T2,17054,LC4,13,acetylcholine,25,10
64460,T2,17054,LC4,13,acetylcholine,14,30
63400,Tm4,17054,LC4,13,acetylcholine,26,10
46279,Tm2,17054,LC4,13,acetylcholine,27,10
38002,LC9,17054,LC4,13,acetylcholine,28,10
19842,LPLC2,17054,LC4,13,acetylcholine,29,10
17280,Li28,17054,LC4,13,gaba,1,0
12638,MeLo8,17054,LC4,13,gaba,11,1
107210,Tm4,16128,LC4,13,acetylcholine,30,10
86892,T2,16128,LC4,13,acetylcholine,31,10
66098,T2,16128,LC4,13,acetylcholine,0,11
45162,TmY3,16128,LC4,13,acetylcholine,3,5
39732,Tlp12,16128,LC4,13,glutamate,1,11
26010,Li15,16128,LC4,13,gaba,2,11
19454,PVLP024,16128,LC4,13,gaba,3,11
18189,LC4,16128,LC4,13,acetylcholine,4,11
17926,LC4,16128,LC4,13,acetylcholine,5,11
51629,TmY3,21804,LC4,13,acetylcholine,6,11
87749,TmY3,20016,LC4,13,acetylcholine,12,7
55692,TmY3,20016,LC4,13,acetylcholine,11,30
55615,TmY3,20016,LC4,13,acetylcholine,18,23
52256,TmY3,20016,LC4,13,acetylcholine,8,22
25178,LPLC1,20016,LC4,13,acetylcholine,7,11
14106,CB2664,20016,LC4,13,acetylcholine,4,17
955658695,Li17,15018,LC4,13,gaba,20,15
529778,Tlp14,15018,LC4,13,glutamate,8,11
514956,LC4,15018,LC4,13,acetylcholine,9,11
120095,T2,15018,LC4,13,acetylcholine,10,11
105183,Tm4,15018,LC4,13,acetylcholine,11,11
98287,Tm3,15018,LC4,13,acetylcholine,12,11
63667,Tm4,15018,LC4,13,acetylcholine,13,11
28651,T2,15018,LC4,13,acetylcholine,14,11
14868,Li25,15018,LC4,13,gaba,15,11
105399,Tm4,19260,LC4,13,acetylcholine,16,11
78172,TmY3,19260,LC4,13,acetylcholine,15,30
71578,Tm2,19260,LC4,13,acetylcholine,17,11
45491,Tlp12,19260,LC4,13,glutamate,18,11
42091,Tm2,19260,LC4,13,acetylcholine,19,11
33231,Tm4,19260,LC4,13,acetylcholine,20,11
17364,LC4,19260,LC4,13,acetylcholine,21,11
11981,Li28,19260,LC4,13,gaba,2,0
535324,TmY3,514508,LC4,13,acetylcholine,9,2
518729,TmY3,514508,LC4,13,acetylcholine,5,16
91749,T2,514508,LC4,13,acetylcholine,22,11
36917,TmY3,514508,LC4,13,acetylcholine,23,27
10611,Li39,514508,LC4,13,gaba,15,0
91475,T2,19550,LC4,13,acetylcholine,23,11
85663,T2,19550,LC4,13,acetylcholine,24,11
77295,T2,19550,LC4,13,acetylcholine,25,11
71544,Tm4,19550,LC4,13,acetylcholine,26,11
64634,T2,19550,LC4,13,acetylcholine,5,7
62221,T2,19550,LC4,13,acetylcholine,27,11
60399,T2,19550,LC4,13,acetylcholine,28,11
36758,Li25,19550,LC4,13,gaba,29,11
16659,PVLP011,19550,LC4,13,gaba,11,20
11372,LC9,19550,LC4,13,acetylcholine,30,11
80606,TmY3,21151,LC4,13,acetylcholine,18,6
75972,Tm4,21151,LC4,13,acetylcholine,31,11
65867,TmY3,21151,LC4,13,acetylcholine,8,13
54371,TmY3,21151,LC4,13,acetylcholine,5,19
116947,T2,518544,LC4,13,acetylcholine,0,12
10776,LoVC7,518544,LC4,13,gaba,2,1
10611,Li39,518544,LC4,13,gaba,15,0
90035,Tm3,19420,LC4,13,acetylcholine,1,12
86769,T2,19420,LC4,13,acetylcholine,2,12
83529,T2,19420,LC4,13,acetylcholine,3,12
72106,Tm4,19420,LC4,13,acetylcholine,4,12
71134,T2,19420,LC4,13,acetylcholine,5,12
57084,Tm2,19420,LC4,13,acetylcholine,6,12
53659,TmY3,19420,LC4,13,acetylcholine,8,31
51988,TmY3,19420,LC4,13,acetylcholine,18,15
51164,TmY3,19420,LC4,13,acetylcholine,4,9
533254,TmY3,107513,LC4,13,acetylcholine,10,10
89907,T2,107513,LC4,13,acetylcholine,7,12
35105,LC9,107513,LC4,13,acetylcholine,8,12
115650,Tm4,20542,LC4,13,acetylcholine,9,12
79523,T2,20542,LC4,13,acetylcholine,10,12
76391,T2,20542,LC4,13,acetylcholine,11,12
74706,T2,20542,LC4,13,acetylcholine,9,5
73910,TmY3,20542,LC4,13,acetylcholine,25,10
74490,Tm4,29563,LC4,13,acetylcholine,12,12
67063,T2,29563,LC4,13,acetylcholine,21,18
61695,T2,29563,LC4,13,acetylcholine,13,12
23929,LC4,29563,LC4,13,acetylcholine,9,25
16611,TmY19b,29563,LC4,13,gaba,10,12
116273,Tm4,17364,LC4,13,acetylcholine,14,12
83471,T2,17364,LC4,13,acetylcholine,15,12
81669,T2,17364,LC4,13,acetylcholine,16,12
78949,Tm3,17364,LC4,13,acetylcholine,17,12
76816,Tm4,17364,LC4,13,acetylcholine,18,12
55146,TmY3,17364,LC4,13,acetylcholine,19,12
44914,TmY3,17364,LC4,13,acetylcholine,6,19
24100,Li15,17364,LC4,13,gaba,29,20
23263,LC14a-1,17364,LC4,13,acetylcholine,26,0
17926,LC4,17364,LC4,13,acetylcholine,5,11
516931,TmY3,37587,LC4,13,acetylcholine,20,12
163416,TmY3,37587,LC4,13,acetylcholine,31,28
22735,T2,37587,LC4,13,acetylcholine,21,12
532032,Tm2,530029,LC4,13,acetylcholine,22,12
53548,TmY3,530029,LC4,13,acetylcholine,18,18
73054,T2,16138,LC4,13,acetylcholine,23,12
48283,TmY3,16138,LC4,13,acetylcholine,12,7
24110,LC9,16138,LC4,13,acetylcholine,20,18
16033,Li28,16138,LC4,13,gaba,6,0
97265,Tm4,18127,LC4,13,acetylcholine,24,12
85664,TmY3,18127,LC4,13,acetylcholine,26,25
69875,T2,18127,LC4,13,acetylcholine,25,12
68498,T2,18127,LC4,13,acetylcholine,0,17
64625,T2,18127,LC4,13,acetylcholine,12,22
64485,T2,18127,LC4,13,acetylcholine,26,12
50651,Tm2,18127,LC4,13,acetylcholine,27,12
47240,TmY3,18127,LC4,13,acetylcholine,28,22
45948,TmY3,18127,LC4,13,acetylcholine,13,11
44747,TmY3,18127,LC4,13,acetylcholine,21,5
42091,Tm2,18127,LC4,13,acetylcholine,19,11
41762,TmY3,18127,LC4,13,acetylcholine,15,3
20964,Li26,18127,LC4,13,gaba,11,10
13051,MeLo8,18127,LC4,13,gaba,20,2
524687,Tm4,100485,LC4,13,acetylcholine,16,17
521137,TmY3,100485,LC4,13,acetylcholine,13,2
519082,TmY3,100485,LC4,13,acetylcholine,2,14
107834,Tm4,21313,LC4,13,acetylcholine,28,12
105589,Tm4,21313,LC4,13,acetylcholine,29,12
70112,T2,21313,LC4,13,acetylcholine,30,12
66173,Tm4,21313,LC4,13,acetylcholine,31,12
62560,T2,21313,LC4,13,acetylcholine,0,13
60438,T2,21313,LC4,13,acetylcholine,1,13
43334,TmY3,21313,LC4,13,acetylcholine,2,17
38038,Tlp12,21313,LC4,13,glutamate,2,13
547091,T2,20808,LC4,12,acetylcholine,3,13
527699,SAD064,20808,LC4,12,acetylcholine,4,13
120742,Tm4,20808,LC4,12,acetylcholine,5,13
75746,T2,20808,LC4,12,acetylcholine,6,13
74089,Tm4,20808,LC4,12,acetylcholine,7,13
73527,Tm4,20808,LC4,12,acetylcholine,8,13
72893,T2,20808,LC4,12,acetylcholine,9,13
66167,T2,20808,LC4,12,acetylcholine,10,13
51050,TmY3,20808,LC4,12,acetylcholine,17,8
48073,TmY3,20808,LC4,12,acetylcholine,6,7
23434,Li26,20808,LC4,12,gaba,25,0
14528,MeLo8,20808,LC4,12,gaba,0,17
13594,MeLo8,20808,LC4,12,gaba,5,12
539413,LT56,22966,LC4,12,glutamate,4,14
118724,Tm4,22966,LC4,12,acetylcholine,11,13
106249,Tm3,22966,LC4,12,acetylcholine,12,13
98798,Tm4,22966,LC4,12,acetylcholine,13,13
91878,T2,22966,LC4,12,acetylcholine,27,14
87320,Tm4,22966,LC4,12,acetylcholine,14,13
81940,T2,22966,LC4,12,acetylcholine,2,5
77962,Tm4,22966,LC4,12,acetylcholine,15,13
76864,TmY3,22966,LC4,12,acetylcholine,25,0
66765,Tm2,22966,LC4,12,acetylcholine,16,13
62954,T2,22966,LC4,12,acetylcholine,3,10
59593,T2,22966,LC4,12,acetylcholine,17,13
32107,LOP_LO_unclear,22966,LC4,12,glutamate,18,13
29563,LC4,22966,LC4,12,acetylcholine,28,5
28630,TmY19a,22966,LC4,12,gaba,19,13
27421,TmY19a,22966,LC4,12,gaba,24,18
14778,MeLo8,22966,LC4,12,gaba,30,22
14380,MeLo8,22966,LC4,12,gaba,14,27
526199,TmY3,520449,LC4,12,acetylcholine,6,8
522370,TmY3,520449,LC4,12,acetylcholine,19,22
72072,Tm4,520449,LC4,12,acetylcholine,20,13
54485,TmY3,520449,LC4,12,acetylcholine,22,6
29298,LC9,520449,LC4,12,acetylcholine,21,13
17653,LC4,520449,LC4,12,acetylcholine,13,6
17474,Li17,520449,LC4,12,gaba,6,4
13600,CB2664,520449,LC4,12,acetylcholine,10,21
10345,LT40,520449,LC4,12,gaba,16,3
530754,TmY3,511914,LC4,12,acetylcholine,8,7
41702,Tlp12,511914,LC4,12,glutamate,22,13
28369,Tm2,511914,LC4,12,acetylcholine,23,13
99852,Tm4,17987,LC4,12,acetylcholine,24,13
94346,T2,17987,LC4,12,acetylcholine,25,13
94004,T2,17987,LC4,12,acetylcholine,26,13
83665,T2,17987,LC4,12,acetylcholine,27,13
82688,T2,17987,LC4,12,acetylcholine,28,13
76368,T2,17987,LC4,12,acetylcholine,7,30
74766,T2,17987,LC4,12,acetylcholine,14,21
64294,T2,17987,LC4,12,acetylcholine,29,13
62091,Tm2,17987,LC4,12,acetylcholine,30,13
56753,Tm2,17987,LC4,12,acetylcholine,31,13
30370,Li15,17987,LC4,12,gaba,0,14
127819,Tm4,19543,LC4,12,acetylcholine,1,14
77987,T2,19543,LC4,12,acetylcholine,2,14
70127,T2,19543,LC4,12,acetylcholine,3,14
65636,T2,19543,LC4,12,acetylcholine,4,14
17289,Li29,19543,LC4,12,gaba,13,1
83251,Tm4,28945,LC4,12,acetylcholine,5,14
82974,Tm4,28945,LC4,12,acetylcholine,6,14
77448,T2,28945,LC4,12,acetylcholine,7,14
67305,T2,28945,LC4,12,acetylcholine,8,14
29845,Tlp14,28945,LC4,12,glutamate,9,14
17939,PVLP046,28945,LC4,12,gaba,1,19
10051,Li39,28945,LC4,12,gaba,8,0
122500,Tm4,19634,LC4,12,acetylcholine,10,14
121791,Tm4,19634,LC4,12,acetylcholine,11,14
118795,Tm4,19634,LC4,12,acetylcholine,12,14
82312,T2,19634,LC4,12,acetylcholine,13,14
79843,T2,19634,LC4,12,acetylcholine,14,14
79342,T2,19634,LC4,12,acetylcholine,15,14
77635,TmY3,19634,LC4,12,acetylcholine,31,10
77024,Tm5Y,19634,LC4,12,acetylcholine,16,14
46121,TmY3,19634,LC4,12,acetylcholine,13,30
16415,Li30,19634,LC4,12,gaba,11,4
75142,T2,17548,LC4,12,acetylcholine,17,14
71921,T2,17548,LC4,12,acetylcholine,18,14
68416,T2,17548,LC4,12,acetylcholine,19,14
68113,Tm4,17548,LC4,12,acetylcholine,20,14
67458,T2,17548,LC4,12,acetylcholine,15,7
62453,T2,17548,LC4,12,acetylcholine,21,14
14106,CB2664,17548,LC4,12,acetylcholine,4,17
11378,CB1280,17548,LC4,12,acetylcholine,29,16
534275,Tm2,21721,LC4,12,acetylcholine,22,14
523479,MeLo8,21721,LC4,12,gaba,0,8
519900,LoVC15,21721,LC4,12,gaba,23,14
105604,T2,21721,LC4,12,acetylcholine,24,14
10611,Li39,21721,LC4,12,gaba,15,0
955658695,Li17,16917,LC4,12,gaba,20,15
533985,Tm37,16917,LC4,12,glutamate,25,14
522922,Tm3,16917,LC4,12,acetylcholine,26,14
134704,Tm4,16917,LC4,12,acetylcholine,27,14
89465,T2,16917,LC4,12,acetylcholine,28,14
55833,Tm37,16917,LC4,12,glutamate,29,14
49550,TmY3,16917,LC4,12,acetylcholine,24,7
16596,Li28,16917,LC4,12,gaba,1,4
10085,Am1,16917,LC4,12,gaba,28,1
557220,T2,532254,LC4,12,acetylcholine,30,14
544124,T2,532254,LC4,12,acetylcholine,31,14
537894,TmY3,532254,LC4,12,acetylcholine,3,5
514407,Li29,532254,LC4,12,gaba,1,23
103718,T2,532254,LC4,12,acetylcholine,0,15
86942,Tm4,532254,LC4,12,acetylcholine,1,15
36917,TmY3,532254,LC4,12,acetylcholine,23,27
29892,LC9,532254,LC4,12,acetylcholine,2,15
24105,LC14a-1,532254,LC4,12,acetylcholine,26,4
20434,PVLP046,532254,LC4,12,gaba,0,21
18140,TmY19b,532254,LC4,12,gaba,5,8
543789,T2,18432,LC4,12,acetylcholine,3,15
519026,T2,18432,LC4,12,acetylcholine,4,15
512293,T2,18432,LC4,12,acetylcholine,5,15
45157,T2,18432,LC4,12,acetylcholine,6,15
17375,SAD064,18432,LC4,12,acetylcholine,21,29
16459,PVLP024,18432,LC4,12,gaba,5,15
76920,T2,16809,LC4,12,acetylcholine,7,15
47747,Y12,16809,LC4,12,glutamate,8,15
15018,LC4,16809,LC4,12,acetylcholine,8,4
13577,MeLo8,16809,LC4,12,gaba,21,0
71359,T2,19954,LC4,12,acetylcholine,9,15
66207,T2,19954,LC4,12,acetylcholine,28,7
47962,TmY3,19954,LC4,12,acetylcholine,12,4
25566,Li26,19954,LC4,12,gaba,10,15
17548,LC4,19954,LC4,12,acetylcholine,11,15
17010,TmY19b,19954,LC4,12,gaba,28,4
75771,Tm3,17668,LC4,12,acetylcholine,12,15
75267,T2,17668,LC4,12,acetylcholine,13,15
74884,TmY3,17668,LC4,12,acetylcholine,2,12
74325,Tm4,17668,LC4,12,acetylcholine,14,15
71987,Tm4,17668,LC4,12,acetylcholine,15,15
70296,Tm4,17668,LC4,12,acetylcholine,16,15
53376,TmY3,17668,LC4,12,acetylcholine,27,25
14106,CB2664,17668,LC4,12,acetylcholine,4,17
10480,MeVP53,17668,LC4,12,gaba,11,7
531010,TmY3,20859,LC4,12,acetylcholine,27,2
527085,TmY3,20859,LC4,12,acetylcholine,17,16
516704,TmY3,20859,LC4,12,acetylcholine,25,13
511890,Li25,20859,LC4,12,gaba,12,23
76221,T2,20859,LC4,12,acetylcholine,17,15
46444,Tm2,20859,LC4,12,acetylcholine,18,15
34557,LC9,20859,LC4,12,acetylcholine,19,15
22669,Tm4,20859,LC4,12,acetylcholine,20,15
15182,Li17,20859,LC4,12,gaba,17,1
94826,Tm4,38065,LC4,12,acetylcholine,18,27
92089,Tm4,38065,LC4,12,acetylcholine,21,15
90932,T2,38065,LC4,12,acetylcholine,22,15
67305,T2,38065,LC4,12,acetylcholine,8,14
29563,LC4,38065,LC4,12,acetylcholine,28,5
538091,TmY3,27829,LC4,12,acetylcholine,23,15
530639,Tm3,27829,LC4,12,acetylcholine,24,15
516376,TmY3,27829,LC4,12,acetylcholine,6,24
81171,Tm3,27829,LC4,12,acetylcholine,25,15
72820,T2,27829,LC4,12,acetylcholine,15,6
69679,Tm4,27829,LC4,12,acetylcholine,26,15
16459,PVLP024,27829,LC4,12,gaba,5,15
12722,LoVC21,27829,LC4,12,gaba,3,1
103497,Tm3,17926,LC4,12,acetylcholine,27,15
68249,T2,17926,LC4,12,acetylcholine,28,15
67997,Tm4,17926,LC4,12,acetylcholine,31,4
64317,T2,17926,LC4,12,acetylcholine,29,15
63195,Tm4,17926,LC4,12,acetylcholine,30,15
62773,Tm4,17926,LC4,12,acetylcholine,31,15
60916,T2,17926,LC4,12,acetylcholine,0,16
51963,TmY3,17926,LC4,12,acetylcholine,14,8
43327,TmY3,17926,LC4,12,acetylcholine,22,2
29148,LC9,17926,LC4,12,acetylcholine,1,16
27194,PVLP046,17926,LC4,12,gaba,18,3
17987,LC4,17926,LC4,12,acetylcholine,8,18
17289,Li29,17926,LC4,12,gaba,13,1
16628,LC4,17926,LC4,12,acetylcholine,30,29
74510,T2,31262,LC4,12,acetylcholine,2,16
73875,T2,31262,LC4,12,acetylcholine,31,6
42484,Li13,31262,LC4,12,gaba,3,16
30542,LC14a-1,31262,LC4,12,acetylcholine,20,10
11981,Li28,31262,LC4,12,gaba,2,0
135605,T2,23226,LC4,12,acetylcholine,4,16
79327,T2,23226,LC4,12,acetylcholine,5,16
78541,Tlp12,23226,LC4,12,glutamate,6,16
45442,TmY3,23226,LC4,12,acetylcholine,19,19
20955,Tm37,23226,LC4,12,glutamate,7,16
552920,T2,518983,LC4,12,acetylcholine,8,16
539838,Tm37,518983,LC4,12,glutamate,9,16
539967,T2,518983,LC4,12,acetylcholine,10,16
522373,TmY3,518983,LC4,12,acetylcholine,11,16
514030,Li25,518983,LC4,12,gaba,12,0
128304,LC9,518983,LC4,12,acetylcholine,21,11
105620,T2,518983,LC4,12,acetylcholine,12,16
82686,T2,518983,LC4,12,acetylcholine,13,16
22740,T2,518983,LC4,12,acetylcholine,14,16
21331,LC9,518983,LC4,12,acetylcholine,30,5
541590,T2,12349,LC4,12,acetylcholine,15,16
524778,Li26,12349,LC4,12,gaba,16,16
512066,Li14,12349,LC4,12,glutamate,17,16
512023,Li25,12349,LC4,12,gaba,18,16
170244,T2,12349,LC4,12,acetylcholine,19,16
120509,TmY3,12349,LC4,12,acetylcholine,20,16
90923,Li13,12349,LC4,12,gaba,21,16
101099,Tm4,23098,LC4,12,acetylcholine,22,16
97265,Tm4,23098,LC4,12,acetylcholine,24,12
78172,TmY3,23098,LC4,12,acetylcholine,15,30
68081,Tm4,23098,LC4,12,acetylcholine,23,16
66604,TmY3,23098,LC4,12,acetylcholine,1,17
52328,TmY3,23098,LC4,12,acetylcholine,19,18
47427,Tm2,23098,LC4,12,acetylcholine,24,16
543805,T2,17478,LC4,12,acetylcholine,25,16
530970,T2,17478,LC4,12,acetylcholine,19,9
525997,Tm4,17478,LC4,12,acetylcholine,25,1
520428,TmY3,17478,LC4,12,acetylcholine,26,16
511968,T2,17478,LC4,12,acetylcholine,27,16
123170,T2,17478,LC4,12,acetylcholine,28,16
82983,T2,17478,LC4,12,acetylcholine,29,16
54953,Tm2,17478,LC4,12,acetylcholine,30,16
50868,Tm2,17478,LC4,12,acetylcholine,31,16
12824,LC4,17478,LC4,12,acetylcholine,9,24
11102,PVLP046,17478,LC4,12,gaba,20,4
534025,T2,34845,LC4,12,acetylcholine,0,17
529696,Tm3,34845,LC4,12,acetylcholine,1,17
52494,TmY3,34845,LC4,12,acetylcholine,11,24
31050,Tm2,34845,LC4,12,acetylcholine,2,17
25438,SAD064,34845,LC4,12,acetylcholine,5,5
10085,Am1,34845,LC4,12,gaba,28,1
580402,LC9,17653,LC4,12,acetylcholine,3,17
535130,TmY3,17653,LC4,12,acetylcholine,2,27
520415,Tm4,17653,LC4,12,acetylcholine,24,9
517651,Tm2,17653,LC4,12,acetylcholine,4,17
71964,Tm4,17653,LC4,12,acetylcholine,5,17
71303,Tm4,17653,LC4,12,acetylcholine,6,17
66140,Y14,17653,LC4,12,glutamate,7,17
54223,T2,17653,LC4,12,acetylcholine,8,17
52186,Tm3,17653,LC4,12,acetylcholine,9,17
41466,T2,17653,LC4,12,acetylcholine,13,18
33476,LC9,17653,LC4,12,acetylcholine,5,27
25064,T2,17653,LC4,12,acetylcholine,10,17
13405,CB4179,17653,LC4,12,gaba,11,17
516813,TmY3,20440,LC4,12,acetylcholine,23,17
512199,Li17,20440,LC4,12,gaba,1,2
29876,TmY3,20440,LC4,12,acetylcholine,7,15
27194,PVLP046,20440,LC4,12,gaba,18,3
17478,LC4,20440,LC4,12,acetylcholine,0,10
535221,TmY3,17340,LC4,12,acetylcholine,14,11
518654,T2,17340,LC4,12,acetylcholine,12,17
515151,T2,17340,LC4,12,acetylcholine,13,17
88482,Tm4,17340,LC4,12,acetylcholine,14,17
65897,TmY3,17340,LC4,12,acetylcholine,10,15
16459,PVLP024,17340,LC4,12,gaba,5,15
13846,Li29,17340,LC4,12,gaba,23,21
11102,PVLP046,17340,LC4,12,gaba,20,4
65742,Tm3,22975,LC4,12,acetylcholine,15,17
63614,T2,22975,LC4,12,acetylcholine,16,17
30480,LC4,22975,LC4,12,acetylcholine,9,24
16459,PVLP024,22975,LC4,12,gaba,5,15
14155,CB2940,22975,LC4,12,acetylcholine,17,17
535402,TmY3,24523,LC4,12,acetylcholine,0,23
534843,TmY3,24523,LC4,12,acetylcholine,2,26
530868,T2,24523,LC4,12,acetylcholine,18,17
102103,T2,24523,LC4,12,acetylcholine,19,17
49240,TmY3,24523,LC4,12,acetylcholine,6,3
47429,Tm4,24523,LC4,12,acetylcholine,20,17
13600,CB2664,24523,LC4,12,acetylcholine,10,21
526074,T2,20967,LC4,12,acetylcholine,21,17
518597,T2,20967,LC4,12,acetylcholine,22,17
110000,T2,20967,LC4,12,acetylcholine,23,17
15261,CB2664,20967,LC4,12,acetylcholine,5,0
516520,Tlp12,35616,LC4,12,glutamate,24,17
133960,LC9,35616,LC4,12,acetylcholine,26,3
65642,T2,35616,LC4,12,acetylcholine,25,17
58157,TmY3,35616,LC4,12,acetylcholine,31,17
23314,LC9,35616,LC4,12,acetylcholine,20,29
524576,T2,535341,LC4,12,acetylcholine,26,17
523479,MeLo8,535341,LC4,12,gaba,0,8
514298,TmY3,535341,LC4,12,acetylcholine,18,17
165776,Tm4,535341,LC4,12,acetylcholine,27,17
44982,TmY3,535341,LC4,12,acetylcholine,4,25
14209,Li28,535341,LC4,12,gaba,7,1
523564,PVLP011,512366,LC4,12,gaba,14,16
164430,Li13,512366,LC4,12,gaba,28,17
132063,T2,512366,LC4,12,acetylcholine,29,17
107513,LC4,512366,LC4,12,acetylcholine,30,17
98841,T2,512366,LC4,12,acetylcholine,31,17
73427,Li14,512366,LC4,12,glutamate,21,2
66468,Tm2,512366,LC4,12,acetylcholine,0,18
63660,Li13,512366,LC4,12,gaba,23,2
25438,SAD064,512366,LC4,12,acetylcholine,5,5
25286,LPLC2,512366,LC4,12,acetylcholine,1,18
22257,PVLP046,512366,LC4,12,gaba,16,12
10158,LT56,512366,LC4,12,glutamate,31,5
100585,T2,30480,LC4,12,acetylcholine,2,18
91449,T2,30480,LC4,12,acetylcholine,3,18
88418,Tm4,30480,LC4,12,acetylcholine,4,18
84962,Tm4,30480,LC4,12,acetylcholine,6,29
84694,Tm4,30480,LC4,12,acetylcholine,7,29
84327,T2,30480,LC4,12,acetylcholine,15,24
83391,Tm4,30480,LC4,12,acetylcholine,5,18
70081,T2,31301,LC4,12,acetylcholine,5,25
65731,T2,31301,LC4,12,acetylcholine,6,18
18413,Li17,31301,LC4,12,gaba,9,8
15986,MeLo8,31301,LC4,12,gaba,25,7
549654,T2,512705,LC4,12,acetylcholine,7,18
518204,TmY3,512705,LC4,12,acetylcholine,1,5
512943,TmY3,512705,LC4,12,acetylcholine,3,19
108312,Tm3,512705,LC4,12,acetylcholine,8,18
85679,Li13,512705,LC4,12,gaba,9,3
77896,Tm4,512705,LC4,12,acetylcholine,9,18
51098,TmY3,512705,LC4,12,acetylcholine,18,1
25438,SAD064,512705,LC4,12,acetylcholine,5,5
19454,PVLP024,512705,LC4,12,gaba,3,11
16596,Li28,512705,LC4,12,gaba,1,4
78771,Tm4,22034,LC4,12,acetylcholine,10,18
58376,TmY3,22034,LC4,12,acetylcholine,11,15
52432,TmY3,22034,LC4,12,acetylcholine,23,15
41671,TmY3,22034,LC4,12,acetylcholine,7,2
27194,PVLP046,22034,LC4,12,gaba,18,3
23047,Li28,22034,LC4,12,gaba,20,0
15665,SAD064,22034,LC4,12,acetylcholine,25,24
512987,Tm3,515476,LC4,12,acetylcholine,11,18
90827,Tm4,515476,LC4,12,acetylcholine,12,18
73362,TmY3,515476,LC4,12,acetylcholine,11,28
61264,TmY3,515476,LC4,12,acetylcholine,13,9
30661,LC9,515476,LC4,12,acetylcholine,11,12
14452,MeLo8,515476,LC4,12,gaba,21,20
115917,T2,30803,LC4,12,acetylcholine,13,18
92746,Tm4,30803,LC4,12,acetylcholine,14,18
83769,T2,30803,LC4,12,acetylcholine,15,18
75626,Tm2,30803,LC4,12,acetylcholine,16,18
70668,Tm4,30803,LC4,12,acetylcholine,17,18
56912,TmY3,30803,LC4,12,acetylcholine,21,29
51026,Li14,30803,LC4,12,glutamate,18,18
35253,Y11,30803,LC4,12,glutamate,19,18
31262,LC4,30803,LC4,12,acetylcholine,20,18
22975,LC4,30803,LC4,12,acetylcholine,30,0
13926,MeLo8,30803,LC4,12,gaba,11,31
514407,Li29,524899,LC4,12,gaba,1,23
141813,T2,524899,LC4,12,acetylcholine,21,18
131135,T2,524899,LC4,12,acetylcholine,22,18
89288,TmY3,524899,LC4,12,acetylcholine,29,4
58028,TmY3,524899,LC4,12,acetylcholine,23,9
41370,TmY3,524899,LC4,12,acetylcholine,8,15
37840,TmY3,524899,LC4,12,acetylcholine,4,8
24663,LC9,524899,LC4,12,acetylcholine,23,18
10611,Li39,524899,LC4,12,gaba,15,0
10158,LT56,524899,LC4,12,glutamate,31,5
546550,TmY3,32597,LC4,12,acetylcholine,24,18
519082,TmY3,32597,LC4,12,acetylcholine,2,14
515502,Tm4,32597,LC4,12,acetylcholine,25,18
116540,T2,32597,LC4,12,acetylcholine,10,24
73372,TmY3,32597,LC4,12,acetylcholine,12,7
43213,TmY3,32597,LC4,12,acetylcholine,26,18
10776,LoVC7,32597,LC4,12,gaba,2,1
10611,Li39,32597,LC4,12,gaba,15,0
539744,Tm2,526286,LC4,12,acetylcholine,27,18
530868,T2,526286,LC4,12,acetylcholine,18,17
70167,Li17,526286,LC4,12,gaba,23,6
35816,Tm4,526286,LC4,12,acetylcholine,28,18
541994,TmY3,33137,LC4,12,acetylcholine,28,13
534847,T2,33137,LC4,12,acetylcholine,29,18
520221,TmY3,33137,LC4,12,acetylcholine,9,7
513770,MeLo8,33137,LC4,12,gaba,2,11
12722,LoVC21,33137,LC4,12,gaba,3,1
546071,T2,27750,LC4,12,acetylcholine,30,18
545709,T2,27750,LC4,12,acetylcholine,31,18
115020,T2,27750,LC4,12,acetylcholine,0,19
70502,T2,27750,LC4,12,acetylcholine,1,19
43542,TmY3,27750,LC4,12,acetylcholine,25,23
20264,Li28,27750,LC4,12,gaba,5,2
19365,Li17,27750,LC4,12,gaba,10,11
554572,TmY18,17860,LC4,12,acetylcholine,2,19
91915,T2,17860,LC4,12,acetylcholine,3,19
86746,T2,17860,LC4,12,acetylcholine,4,19
81865,T2,17860,LC4,12,acetylcholine,5,19
77853,Tm4,17860,LC4,12,acetylcholine,6,19
77220,T2,17860,LC4,12,acetylcholine,7,19
34253,LC9,17860,LC4,12,acetylcholine,8,19
90028,T2,21287,LC4,12,acetylcholine,21,9
86952,T2,21287,LC4,12,acetylcholine,9,19
79848,Tm4,21287,LC4,12,acetylcholine,10,19
64438,TmY3,21287,LC4,12,acetylcholine,3,3
56383,Y14,21287,LC4,12,glutamate,11,19
34253,LC9,21287,LC4,12,acetylcholine,8,19
100831,Tm4,18189,LC4,12,acetylcholine,21,7
51262,Tm2,18189,LC4,12,acetylcholine,12,19
49701,TmY3,18189,LC4,12,acetylcholine,24,19
49199,TmY3,18189,LC4,12,acetylcholine,31,18
42876,Tm2,18189,LC4,12,acetylcholine,13,19
33252,Li25,18189,LC4,12,gaba,14,19
16033,Li28,18189,LC4,12,gaba,6,0
13797,Li29,18189,LC4,12,gaba,8,29
522889,MeLo8,20572,LC4,12,gaba,15,2
515125,Tm4,20572,LC4,12,acetylcholine,15,19
514407,Li29,20572,LC4,12,gaba,1,23
63174,Tm4,20572,LC4,12,acetylcholine,16,19
32108,Li25,20572,LC4,12,gaba,17,19
26747,LC9,20572,LC4,12,acetylcholine,1,29
20078,T2,20572,LC4,12,acetylcholine,7,10
15261,CB2664,20572,LC4,12,acetylcholine,5,0
11838,Li17,20572,LC4,12,gaba,0,19
10611,Li39,20572,LC4,12,gaba,15,0
546210,T2,29469,LC4,12,acetylcholine,18,19
544160,Tm4,29469,LC4,12,acetylcholine,19,19
535939,T2,29469,LC4,12,acetylcholine,20,19
519741,Tm2,29469,LC4,12,acetylcholine,21,19
513904,SAD049,29469,LC4,12,acetylcholine,8,14
512441,Tm2,29469,LC4,12,acetylcholine,22,19
53347,T2,29469,LC4,12,acetylcholine,23,19
36817,TmY3,29469,LC4,12,acetylcholine,12,25
25438,SAD064,29469,LC4,12,acetylcholine,5,5
105231,T2,23929,LC4,12,acetylcholine,24,19
85098,T2,23929,LC4,12,acetylcholine,25,19
76764,TmY3,23929,LC4,12,acetylcholine,26,19
68345,T2,23929,LC4,12,acetylcholine,28,15
62749,TmY3,23929,LC4,12,acetylcholine,6,14
81074,T2,20399,LC4,12,acetylcholine,27,19
77569,T2,20399,LC4,12,acetylcholine,28,19
71145,T2,20399,LC4,12,acetylcholine,29,19
53427,TmY3,20399,LC4,12,acetylcholine,31,4
22945,Li26,20399,LC4,12,gaba,30,19
17289,Li29,20399,LC4,12,gaba,13,1
11378,CB1280,20399,LC4,12,acetylcholine,29,16
533871,Tm2,30087,LC4,12,acetylcholine,31,19
521516,Li30,30087,LC4,12,gaba,27,15
514216,Tm4,30087,LC4,12,acetylcholine,0,20
513904,SAD049,30087,LC4,12,acetylcholine,8,14
551590,TmY3,518439,LC4,12,acetylcholine,1,20
515476,LC4,518439,LC4,12,acetylcholine,2,20
513904,SAD049,518439,LC4,12,acetylcholine,8,14
512199,Li17,518439,LC4,12,gaba,1,2
145535,Tm4,518439,LC4,12,acetylcholine,3,20
95750,Tm3,518439,LC4,12,acetylcholine,4,20
80367,Tm4,518439,LC4,12,acetylcholine,5,20
43213,TmY3,518439,LC4,12,acetylcholine,26,18
21900,TmY19a,518439,LC4,12,gaba,6,20
16809,LC4,518439,LC4,12,acetylcholine,7,20
543010,TmY3,17608,LC4,12,acetylcholine,8,20
539472,Y14,17608,LC4,12,glutamate,9,20
82240,Tm2,17608,LC4,12,acetylcholine,10,20
75763,TmY3,17608,LC4,12,acetylcholine,22,30
61904,TmY3,17608,LC4,12,acetylcholine,16,5
31269,TmY19a,17608,LC4,12,gaba,11,20
18350,PVLP046,17608,LC4,12,gaba,25,3
14209,Li28,17608,LC4,12,gaba,7,1
113016,Tm4,22847,LC4,12,acetylcholine,12,20
97779,Tm4,22847,LC4,12,acetylcholine,10,16
97300,Tm3,22847,LC4,12,acetylcholine,13,20
95028,Tm4,22847,LC4,12,acetylcholine,20,28
85593,T2,22847,LC4,12,acetylcholine,14,20
82135,TmY3,22847,LC4,12,acetylcholine,19,27
80416,Tm4,22847,LC4,12,acetylcholine,15,9
77368,Tm4,22847,LC4,12,acetylcholine,15,20
57377,TmY3,22847,LC4,12,acetylcholine,19,3
10480,MeVP53,22847,LC4,12,gaba,11,7
67353,T2,20673,LC4,12,acetylcholine,16,20
57486,TmY3,20673,LC4,12,acetylcholine,16,18
54503,TmY3,20673,LC4,12,acetylcholine,23,7
48730,Li14,20673,LC4,12,glutamate,17,20
45421,TmY3,20673,LC4,12,acetylcholine,8,21
35563,Y12,20673,LC4,12,glutamate,18,20
14528,MeLo8,20673,LC4,12,gaba,0,17
537086,T2,518016,LC4,12,acetylcholine,19,20
520558,T2,518016,LC4,12,acetylcholine,20,20
516376,TmY3,518016,LC4,12,acetylcholine,6,24
101866,T2,518016,LC4,12,acetylcholine,21,20
190741,Tm3,20976,LC4,12,acetylcholine,22,20
100485,LC4,20976,LC4,12,acetylcholine,23,20
79486,Tm3,20976,LC4,12,acetylcholine,24,20
49854,TmY3,20976,LC4,12,acetylcholine,6,2
43103,TmY3,20976,LC4,12,acetylcholine,14,17
37256,TmY3,20976,LC4,12,acetylcholine,20,1
21469,Li25,20976,LC4,12,gaba,25,20
11838,Li17,20976,LC4,12,gaba,0,19
529495,TmY3,31308,LC4,12,acetylcholine,31,2
515474,TmY3,31308,LC4,12,acetylcholine,27,13
40933,TmY3,31308,LC4,12,acetylcholine,21,6
39227,TmY3,31308,LC4,12,acetylcholine,22,28
543178,Tm4,17270,LC4,12,acetylcholine,26,20
40090,TmY3,17270,LC4,12,acetylcholine,30,12
15261,CB2664,17270,LC4,12,acetylcholine,5,0
13600,CB2664,17270,LC4,12,acetylcholine,10,21
539132,TmY3,516909,LC4,12,acetylcholine,31,11
522889,MeLo8,516909,LC4,12,gaba,15,2
110047,T2,516909,LC4,12,acetylcholine,27,20
81537,Tm4,516909,LC4,12,acetylcholine,28,20
56500,Tm2,516909,LC4,12,acetylcholine,29,20
44834,T2,516909,LC4,12,acetylcholine,30,20
24523,LC4,516909,LC4,12,acetylcholine,30,17
23202,LC4,516909,LC4,12,acetylcholine,10,14
20434,PVLP046,516909,LC4,12,gaba,0,21
15261,CB2664,516909,LC4,12,acetylcholine,5,0
542766,T2,515900,LC4,12,acetylcholine,31,20
542512,TmY3,515900,LC4,12,acetylcholine,28,2
542051,T2,515900,LC4,12,acetylcholine,0,21
532515,Tm4,515900,LC4,12,acetylcholine,1,21
526286,LC4,515900,LC4,12,acetylcholine,2,21
87027,Tm4,515900,LC4,12,acetylcholine,3,21
83244,Tm4,515900,LC4,12,acetylcholine,4,21
71022,Tm4,515900,LC4,12,acetylcholine,5,21
41901,Tlp12,515900,LC4,12,glutamate,6,21
35765,Tlp12,515900,LC4,12,glutamate,7,21
531862,LT41,31429,LC4,12,gaba,31,3
516913,TmY3,31429,LC4,12,acetylcholine,8,21
80933,TmY3,31429,LC4,12,acetylcholine,23,11
547651,T2,19794,LC4,12,acetylcholine,9,21
94004,T2,19794,LC4,12,acetylcholine,26,13
74826,TmY3,19794,LC4,12,acetylcholine,10,21
68467,T2,19794,LC4,12,acetylcholine,2,31
65374,TmY3,19794,LC4,12,acetylcholine,6,9
58739,TmY3,19794,LC4,12,acetylcholine,23,8
51320,TmY3,19794,LC4,12,acetylcholine,11,21
28642,Li26,19794,LC4,12,gaba,12,21
19642,Li17,19794,LC4,12,gaba,25,5
16459,PVLP024,19794,LC4,12,gaba,5,15
111382,Tm4,17266,LC4,12,acetylcholine,13,21
99576,T2,17266,LC4,12,acetylcholine,14,21
96569,T2,17266,LC4,12,acetylcholine,15,21
95588,T2,17266,LC4,12,acetylcholine,16,21
94077,T2,17266,LC4,12,acetylcholine,17,21
88770,Tm4,17266,LC4,12,acetylcholine,18,21
84523,Tm4,17266,LC4,12,acetylcholine,19,21
55692,TmY3,17266,LC4,12,acetylcholine,11,30
50486,Tlp12,17266,LC4,12,glutamate,20,21
13797,Li29,17266,LC4,12,gaba,8,29
81393,T2,20588,LC4,12,acetylcholine,21,21
78625,T2,20588,LC4,12,acetylcholine,22,21
75553,Tm4,20588,LC4,12,acetylcholine,23,21
70460,T2,20588,LC4,12,acetylcholine,24,21
66677,T2,20588,LC4,12,acetylcholine,25,21
22328,LC4,20588,LC4,12,acetylcholine,26,21
20282,LC4,20588,LC4,12,acetylcholine,27,21
14380,MeLo8,20588,LC4,12,gaba,14,27
516813,TmY3,22772,LC4,12,acetylcholine,23,17
90570,Tm4,22772,LC4,12,acetylcholine,28,21
55344,Tm4,22772,LC4,12,acetylcholine,29,21
50674,TmY3,22772,LC4,12,acetylcholine,7,24
41413,TmY3,22772,LC4,12,acetylcholine,4,6
27194,PVLP046,22772,LC4,12,gaba,18,3
77582,T2,20917,LC4,12,acetylcholine,30,21
66565,Tm4,20917,LC4,12,acetylcholine,31,21
58022,Tm2,20917,LC4,12,acetylcholine,0,22
49701,TmY3,20917,LC4,12,acetylcholine,24,19
25402,Tlp12,20917,LC4,12,glutamate,1,22
524408,Tm37,77614,LC4,12,glutamate,2,22
524343,MeLo8,77614,LC4,12,gaba,5,1
66250,TmY3,77614,LC4,12,acetylcholine,3,22
42361,Tm2,77614,LC4,12,acetylcholine,4,22
35262,LC4,77614,LC4,12,acetylcholine,5,22
32139,T2,77614,LC4,12,acetylcholine,6,22
15263,Li28,77614,LC4,12,gaba,3,2
10158,LT56,77614,LC4,12,glutamate,31,5
10085,Am1,77614,LC4,12,gaba,28,1
74536,Tm4,24338,LC4,12,acetylcholine,7,22
65373,T2,24338,LC4,12,acetylcholine,8,22
58576,T2,24338,LC4,12,acetylcholine,4,10
52083,Tm2,24338,LC4,12,acetylcholine,9,22
50311,TmY3,24338,LC4,12,acetylcholine,1,4
47696,TmY3,24338,LC4,12,acetylcholine,18,7
47229,Tm2,24338,LC4,12,acetylcholine,10,22
14245,MeLo8,24338,LC4,12,gaba,9,10
531862,LT41,18396,LC4,12,gaba,31,3
530029,LC4,18396,LC4,12,acetylcholine,17,25
87766,Tm2,18396,LC4,12,acetylcholine,11,22
68888,T2,18396,LC4,12,acetylcholine,12,22
27194,PVLP046,18396,LC4,12,gaba,18,3
17596,Li28,18396,LC4,12,gaba,9,2
10085,Am1,18396,LC4,12,gaba,28,1
80170,Tm4,22194,LC4,12,acetylcholine,13,22
68858,T2,22194,LC4,12,acetylcholine,0,7
68342,Tm3,22194,LC4,12,acetylcholine,14,22
67728,T2,22194,LC4,12,acetylcholine,15,22
61958,Tm2,22194,LC4,12,acetylcholine,16,22
58527,TmY3,22194,LC4,12,acetylcholine,11,17
55912,Tm2,22194,LC4,12,acetylcholine,17,22
46230,TmY3,22194,LC4,12,acetylcholine,24,0
11102,PVLP046,22194,LC4,12,gaba,20,4
79225,Tm2,23392,LC4,12,acetylcholine,18,22
70997,Tm4,23392,LC4,12,acetylcholine,19,22
70812,TmY3,23392,LC4,12,acetylcholine,24,10
69916,T2,23392,LC4,12,acetylcholine,20,22
66243,Tm4,23392,LC4,12,acetylcholine,21,22
48475,TmY3,23392,LC4,12,acetylcholine,3,0
47240,TmY3,23392,LC4,12,acetylcholine,28,22
30923,TmY3,23392,LC4,12,acetylcholine,27,31
10730,LoVC21,23392,LC4,12,gaba,31,0
64577,Tm4,21225,LC4,12,acetylcholine,13,22
63642,T2,21225,LC4,12,acetylcholine,22,22
61968,T2,21225,LC4,12,acetylcholine,23,22
43552,Tm37,21225,LC4,12,glutamate,24,22
12638,MeLo8,21225,LC4,12,gaba,11,1
540532,T2,533129,LC4,12,acetylcholine,25,22
185409,Tm2,533129,LC4,12,acetylcholine,26,22
81667,Tm4,533129,LC4,12,acetylcholine,27,22
46212,T2,533129,LC4,12,acetylcholine,20,13
12710,LoVC14,533129,LC4,12,gaba,27,22
12242,SAD055,533129,LC4,12,acetylcholine,22,8
104497,Tm4,25584,LC4,12,acetylcholine,28,22
102401,T2,25584,LC4,12,acetylcholine,28,11
75832,T2,25584,LC4,12,acetylcholine,23,0
74031,T2,25584,LC4,12,acetylcholine,29,22
67632,T2,25584,LC4,12,acetylcholine,30,22
36650,Tlp12,25584,LC4,12,glutamate,31,22
10480,MeVP53,25584,LC4,12,gaba,11,7
515570,T2,28980,LC4,12,acetylcholine,0,23
514407,Li29,28980,LC4,12,gaba,1,23
41167,TmY3,28980,LC4,12,acetylcholine,24,17
39227,TmY3,28980,LC4,12,acetylcholine,22,28
20264,Li28,28980,LC4,12,gaba,5,2
75706,Tm4,22328,LC4,12,acetylcholine,1,23
74177,Tm4,22328,LC4,12,acetylcholine,2,23
70724,T2,22328,LC4,12,acetylcholine,23,31
58848,Tm37,22328,LC4,12,glutamate,3,23
56765,Tm2,22328,LC4,12,acetylcholine,4,23
53280,TmY3,22328,LC4,12,acetylcholine,5,20
47613,Tm2,22328,LC4,12,acetylcholine,5,23
46357,Tm2,22328,LC4,12,acetylcholine,6,23
33477,Y12,22328,LC4,12,glutamate,7,23
16659,PVLP011,22328,LC4,12,gaba,11,20
11254,LT41,22328,LC4,12,gaba,31,10
551028,T2,514956,LC4,12,acetylcholine,8,23
515986,Tm2,514956,LC4,12,acetylcholine,9,23
128844,Tm4,514956,LC4,12,acetylcholine,10,23
104417,T2,514956,LC4,12,acetylcholine,11,23
10085,Am1,514956,LC4,12,gaba,28,1
84947,T2,29514,LC4,12,acetylcholine,7,4
23893,LT35,29514,LC4,12,gaba,0,0
15666,Li17,29514,LC4,12,gaba,20,8
543562,TmY3,22922,LC4,12,acetylcholine,3,25
517979,Tm4,22922,LC4,12,acetylcholine,0,26
40708,TmY3,22922,LC4,12,acetylcholine,15,18
15666,Li17,22922,LC4,12,gaba,20,8
13600,CB2664,22922,LC4,12,acetylcholine,10,21
10085,Am1,22922,LC4,12,gaba,28,1
521516,Li30,517752,LC4,12,gaba,27,15
514407,Li29,517752,LC4,12,gaba,1,23
54784,T2,517752,LC4,12,acetylcholine,12,23
33590,LC9,517752,LC4,12,acetylcholine,13,23
16765,TmY3,517752,LC4,12,acetylcholine,16,25
124702,Tm4,21165,LC4,12,acetylcholine,14,23
117110,Tm4,21165,LC4,12,acetylcholine,15,23
75888,Tm4,21165,LC4,12,acetylcholine,19,21
69128,Tm4,21165,LC4,12,acetylcholine,21,3
11102,PVLP046,21165,LC4,12,gaba,20,4
545048,Tm4,16628,LC4,12,acetylcholine,16,23
99219,Tm4,16628,LC4,12,acetylcholine,17,23
82305,T2,16628,LC4,12,acetylcholine,18,23
71200,T2,16628,LC4,12,acetylcholine,20,12
58767,TmY3,16628,LC4,12,acetylcholine,15,10
52633,Tm4,16628,LC4,12,acetylcholine,19,23
50547,TmY3,16628,LC4,12,acetylcholine,22,10
20865,LPLC1,16628,LC4,12,acetylcholine,20,23
11378,CB1280,16628,LC4,12,acetylcholine,29,16
10052,LoVC14,16628,LC4,12,gaba,8,2
533941,Tm4,519931,LC4,12,acetylcholine,21,23
518730,LC4,519931,LC4,12,acetylcholine,22,23
125927,LPLC1,519931,LC4,12,acetylcholine,23,23
72866,Tm4,519931,LC4,12,acetylcholine,24,23
30735,Tm4,519931,LC4,12,acetylcholine,25,23
20150,LC9,519931,LC4,12,acetylcholine,24,9
10611,Li39,519931,LC4,12,gaba,15,0
545727,Tm4,18478,LC4,12,acetylcholine,26,23
112880,Tm4,18478,LC4,12,acetylcholine,27,23
111338,Tm4,18478,LC4,12,acetylcholine,28,23
86753,Tm4,18478,LC4,12,acetylcholine,29,23
52505,TmY3,18478,LC4,12,acetylcholine,0,15
50253,Tm5Y,18478,LC4,12,acetylcholine,30,23
46828,T2,18478,LC4,12,acetylcholine,31,23
13405,CB4179,18478,LC4,12,gaba,11,17
10158,LT56,18478,LC4,12,glutamate,31,5
531401,Y12,27624,LC4,12,glutamate,0,24
159740,T2,27624,LC4,12,acetylcholine,1,24
84269,T2,27624,LC4,12,acetylcholine,2,24
48278,Tlp12,27624,LC4,12,glutamate,3,24
23541,LC14a-1,27624,LC4,12,acetylcholine,10,1
21618,Y14,27624,LC4,12,glutamate,4,24
542002,Li25,20282,LC4,12,gaba,5,24
116321,Tm4,20282,LC4,12,acetylcholine,6,24
65116,Tm4,20282,LC4,12,acetylcholine,7,24
64458,Tm37,20282,LC4,12,glutamate,8,24
58739,TmY3,20282,LC4,12,acetylcholine,23,8
57842,TmY3,20282,LC4,12,acetylcholine,9,24
40131,LC9,20282,LC4,12,acetylcholine,10,24
36254,TmY19a,20282,LC4,12,gaba,11,24
26800,LC9,20282,LC4,12,acetylcholine,6,27
16475,PVLP024,20282,LC4,12,gaba,20,7
533329,T2,81112,LC4,12,acetylcholine,12,24
524778,Li26,81112,LC4,12,gaba,16,16
523564,PVLP011,81112,LC4,12,gaba,14,16
517917,Tm4,81112,LC4,12,acetylcholine,13,24
92582,T2,81112,LC4,12,acetylcholine,23,22
62718,Tm4,81112,LC4,12,acetylcholine,14,24
60559,Tm2,81112,LC4,12,acetylcholine,15,24
19046,TmY19a,81112,LC4,12,gaba,14,23
13112,MeLo8,81112,LC4,12,gaba,9,17
80563,Tm4,26112,LC4,12,acetylcholine,16,24
15909,Li28,26112,LC4,12,gaba,27,0
15665,SAD064,26112,LC4,12,acetylcholine,25,24
104144,T2,21336,LC4,12,acetylcholine,17,24
72982,T2,21336,LC4,12,acetylcholine,7,26
66349,Tm4,21336,LC4,12,acetylcholine,18,24
65542,T2,21336,LC4,12,acetylcholine,19,24
62911,Tm4,21336,LC4,12,acetylcholine,20,24
58221,T2,21336,LC4,12,acetylcholine,0,22
55464,Tm2,21336,LC4,12,acetylcholine,21,24
54744,Tm2,21336,LC4,12,acetylcholine,22,24
53075,TmY3,21336,LC4,12,acetylcholine,30,28
50333,TmY3,21336,LC4,12,acetylcholine,22,18
47993,Tm2,21336,LC4,12,acetylcholine,23,24
21540,LPLC1,21336,LC4,12,acetylcholine,24,24
17289,Li29,21336,LC4,12,gaba,13,1
15281,Li17,21336,LC4,12,gaba,0,15
84422,Tm4,23792,LC4,12,acetylcholine,25,24
78831,T2,23792,LC4,12,acetylcholine,26,24
78580,T2,23792,LC4,12,acetylcholine,27,24
77522,T2,23792,LC4,12,acetylcholine,28,24
75540,Tm4,23792,LC4,12,acetylcholine,29,24
55674,TmY3,23792,LC4,12,acetylcholine,27,6
55571,Tm2,23792,LC4,12,acetylcholine,30,24
51770,TmY3,23792,LC4,12,acetylcholine,6,13
24920,LPLC1,23792,LC4,12,acetylcholine,4,4
549652,TmY3,14888,LC4,12,acetylcholine,24,6
537452,T2,14888,LC4,12,acetylcholine,13,3
535057,T2,14888,LC4,12,acetylcholine,8,26
519078,T2,14888,LC4,12,acetylcholine,14,28
512285,T2,14888,LC4,12,acetylcholine,31,24
111073,T2,14888,LC4,12,acetylcholine,0,25
72570,Tm4,14888,LC4,12,acetylcholine,1,25
65253,Tm4,14888,LC4,12,acetylcholine,2,25
36687,Li25,14888,LC4,12,gaba,3,25
35971,T2,14888,LC4,12,acetylcholine,27,13
17653,LC4,14888,LC4,12,acetylcholine,13,6
15019,Li28,14888,LC4,12,gaba,12,0
11498,LPLC2,14888,LC4,12,acetylcholine,4,25
535638,T2,519650,LC4,12,acetylcholine,5,25
532687,TmY3,519650,LC4,12,acetylcholine,12,12
517714,Tm4,519650,LC4,12,acetylcholine,6,25
75576,TmY3,519650,LC4,12,acetylcholine,4,23
519825,Tm2,518730,LC4,12,acetylcholine,7,25
110223,T2,518730,LC4,12,acetylcholine,8,25
77215,Tm4,518730,LC4,12,acetylcholine,9,25
51705,T2,518730,LC4,12,acetylcholine,18,14
10158,LT56,29417,LC4,12,glutamate,31,5
10085,Am1,29417,LC4,12,gaba,28,1
534912,TmY3,12824,LC4,12,acetylcholine,11,0
532968,Tm4,12824,LC4,12,acetylcholine,10,25
531423,Tm4,12824,LC4,12,acetylcholine,11,25
512525,TmY3,12824,LC4,12,acetylcholine,12,25
50803,T2,12824,LC4,12,acetylcholine,13,25
33369,TmY3,12824,LC4,12,acetylcholine,2,23
25739,Li26,12824,LC4,12,gaba,22,23
23202,LC4,12824,LC4,12,acetylcholine,10,14
20859,LC4,12824,LC4,12,acetylcholine,5,26
19454,PVLP024,12824,LC4,12,gaba,3,11
17653,LC4,12824,LC4,12,acetylcholine,13,6
11838,Li17,12824,LC4,12,gaba,0,19
10345,LT40,12824,LC4,12,gaba,16,3
70732,Y14,527408,LC4,12,glutamate,14,25
61366,T2,527408,LC4,12,acetylcholine,15,25
58340,Tm4,527408,LC4,12,acetylcholine,16,25
15073,MeLo8,527408,LC4,12,gaba,15,4
537385,Tm4,12032,LC4,12,acetylcholine,17,25
526014,TmY3,12032,LC4,12,acetylcholine,6,11
131271,Tm4,12032,LC4,12,acetylcholine,18,25
103122,T2,12032,LC4,12,acetylcholine,20,21
84077,T2,12032,LC4,12,acetylcholine,19,25
20181,Li14,12032,LC4,12,glutamate,18,31
12242,SAD055,12032,LC4,12,acetylcholine,22,8
539875,T2,111787,LC4,12,acetylcholine,20,25
531862,LT41,111787,LC4,12,gaba,31,3
113151,Tm3,111787,LC4,12,acetylcholine,21,25
79123,TmY3,111787,LC4,12,acetylcholine,10,23
56456,Li14,111787,LC4,12,glutamate,22,25
40777,Tm2,111787,LC4,12,acetylcholine,23,25
26072,Tm4,111787,LC4,12,acetylcholine,24,25
16377,LPLC1,111787,LC4,12,acetylcholine,25,25
540363,T2,35262,LC4,12,acetylcholine,26,27
526992,TmY3,35262,LC4,12,acetylcholine,14,0
512155,LC9,35262,LC4,12,acetylcholine,31,13
70024,T2,35262,LC4,12,acetylcholine,26,25
25438,SAD064,35262,LC4,12,acetylcholine,5,5
532968,Tm4,23202,LC4,12,acetylcholine,10,25
516909,LC4,23202,LC4,12,acetylcholine,14,3
512525,TmY3,23202,LC4,12,acetylcholine,12,25
68906,Tm4,23202,LC4,12,acetylcholine,27,25
14888,LC4,23202,LC4,12,acetylcholine,28,25
13191,Li30,23202,LC4,12,gaba,4,2
12722,LoVC21,23202,LC4,12,gaba,3,1
93913,T2,17054,LC4,12,acetylcholine,29,25
91777,TmY3,17054,LC4,12,acetylcholine,3,11
89768,T2,17054,LC4,12,acetylcholine,30,25
75205,Tm4,17054,LC4,12,acetylcholine,31,25
71921,T2,17054,LC4,12,acetylcholine,18,14
67036,Tm4,17054,LC4,12,acetylcholine,0,26
66747,T2,17054,LC4,12,acetylcholine,1,26
65498,T2,17054,LC4,12,acetylcholine,2,26
65280,T2,17054,LC4,12,acetylcholine,3,26
62711,T2,17054,LC4,12,acetylcholine,4,26
62232,Tm4,17054,LC4,12,acetylcholine,5,26
62216,T2,17054,LC4,12,acetylcholine,21,7
52968,Tm3,17054,LC4,12,acetylcholine,6,26
41586,TmY3,17054,LC4,12,acetylcholine,29,29
30370,Li15,17054,LC4,12,gaba,0,14
25578,Li13,17054,LC4,12,gaba,7,26
15194,TmY19a,17054,LC4,12,gaba,23,10
14198,MeLo8,17054,LC4,12,gaba,23,7
69587,T2,16128,LC4,12,acetylcholine,17,28
66716,Tm4,16128,LC4,12,acetylcholine,24,10
63944,Tm3,16128,LC4,12,acetylcholine,8,26
54609,Tm2,16128,LC4,12,acetylcholine,9,26
52761,Tm2,16128,LC4,12,acetylcholine,10,26
39329,Tlp12,16128,LC4,12,glutamate,11,26
37733,TmY3,16128,LC4,12,acetylcholine,30,1
20783,LPLC1,16128,LC4,12,acetylcholine,12,26
547898,T2,21804,LC4,12,acetylcholine,13,26
103575,T2,21804,LC4,12,acetylcholine,14,26
95311,T2,21804,LC4,12,acetylcholine,15,26
86598,T2,21804,LC4,12,acetylcholine,16,26
85082,T2,21804,LC4,12,acetylcholine,17,26
74510,T2,21804,LC4,12,acetylcholine,2,16
54197,TmY3,21804,LC4,12,acetylcholine,18,26
42845,Li14,21804,LC4,12,glutamate,19,26
116631,Tm4,20016,LC4,12,acetylcholine,20,26
92481,TmY3,20016,LC4,12,acetylcholine,11,18
80567,TmY3,20016,LC4,12,acetylcholine,3,1
78802,T2,20016,LC4,12,acetylcholine,21,26
75554,Tm4,20016,LC4,12,acetylcholine,22,26
75529,T2,20016,LC4,12,acetylcholine,23,26
62988,Tm2,20016,LC4,12,acetylcholine,24,26
24269,Li26,20016,LC4,12,gaba,25,26
15814,TmY19a,20016,LC4,12,gaba,26,26
154063,Tm4,15018,LC4,12,acetylcholine,27,26
113564,TmY3,15018,LC4,12,acetylcholine,7,28
113269,Tm3,15018,LC4,12,acetylcholine,28,26
96165,TmY3,15018,LC4,12,acetylcholine,25,7
27194,PVLP046,15018,LC4,12,gaba,18,3
22257,PVLP046,15018,LC4,12,gaba,16,12
20292,LPLC1,15018,LC4,12,acetylcholine,29,26
539413,LT56,19260,LC4,12,glutamate,4,14
83148,T2,19260,LC4,12,acetylcholine,30,26
79523,T2,19260,LC4,12,acetylcholine,10,12
55198,TmY3,19260,LC4,12,acetylcholine,9,31
31112,MeLo2,19260,LC4,12,acetylcholine,31,26
21023,LPLC1,19260,LC4,12,acetylcholine,0,27
521610,Li25,514508,LC4,12,gaba,1,27
135668,T2,514508,LC4,12,acetylcholine,2,27
89232,T2,514508,LC4,12,acetylcholine,3,27
25438,SAD064,514508,LC4,12,acetylcholine,5,5
20264,Li28,514508,LC4,12,gaba,5,2
80976,T2,19550,LC4,12,acetylcholine,4,27
72663,T2,19550,LC4,12,acetylcholine,5,27
72608,T2,19550,LC4,12,acetylcholine,6,27
71510,Tm4,19550,LC4,12,acetylcholine,7,27
67908,TmY3,19550,LC4,12,acetylcholine,3,7
62469,TmY3,19550,LC4,12,acetylcholine,8,27
61601,T2,19550,LC4,12,acetylcholine,22,8
55043,TmY3,19550,LC4,12,acetylcholine,25,18
48609,TmY3,19550,LC4,12,acetylcholine,1,6
86979,T2,21151,LC4,12,acetylcholine,9,27
86954,T2,21151,LC4,12,acetylcholine,10,27
86859,T2,21151,LC4,12,acetylcholine,11,27
77635,TmY3,21151,LC4,12,acetylcholine,31,10
31029,Li15,21151,LC4,12,gaba,4,3
28398,LC9,21151,LC4,12,acetylcholine,19,15
10480,MeVP53,21151,LC4,12,gaba,11,7
537145,Tm2,518544,LC4,12,acetylcholine,12,27
526992,TmY3,518544,LC4,12,acetylcholine,14,0
25438,SAD064,518544,LC4,12,acetylcholine,5,5
92481,TmY3,19420,LC4,12,acetylcholine,11,18
89978,T2,19420,LC4,12,acetylcholine,13,27
75480,TmY3,19420,LC4,12,acetylcholine,16,5
185125,Tm3,107513,LC4,12,acetylcholine,14,27
106954,TmY3,107513,LC4,12,acetylcholine,11,24
29514,LC4,107513,LC4,12,acetylcholine,15,27
17596,Li28,107513,LC4,12,gaba,9,2
10776,LoVC7,107513,LC4,12,gaba,2,1
123465,Tm4,20542,LC4,12,acetylcholine,16,27
105399,Tm4,20542,LC4,12,acetylcholine,16,11
77520,Tm4,20542,LC4,12,acetylcholine,18,7
55198,TmY3,20542,LC4,12,acetylcholine,9,31
48897,TmY3,20542,LC4,12,acetylcholine,16,1
32394,Li25,20542,LC4,12,gaba,17,27
24467,LC9,20542,LC4,12,acetylcholine,18,27
19954,LC4,20542,LC4,12,acetylcholine,19,27
11394,Li16,20542,LC4,12,glutamate,20,27
10051,Li39,20542,LC4,12,gaba,8,0
73580,T2,29563,LC4,12,acetylcholine,21,27
63280,T2,29563,LC4,12,acetylcholine,28,29
50248,Tm2,29563,LC4,12,acetylcholine,22,27
38065,LC4,29563,LC4,12,acetylcholine,23,27
33474,SAD049,29563,LC4,12,acetylcholine,24,18
22966,LC4,29563,LC4,12,acetylcholine,24,27
19178,TmY19a,29563,LC4,12,gaba,10,25
14886,Li17,29563,LC4,12,gaba,27,3
10051,Li39,29563,LC4,12,gaba,8,0
87611,Tm4,17364,LC4,12,acetylcholine,25,27
83449,Tm4,17364,LC4,12,acetylcholine,26,27
77280,Tm4,17364,LC4,12,acetylcholine,27,27
19420,LC4,17364,LC4,12,acetylcholine,28,27
13797,Li29,17364,LC4,12,gaba,8,29
534439,T2,37587,LC4,12,acetylcholine,29,27
532894,Tm2,37587,LC4,12,acetylcholine,30,27
525993,Tm4,37587,LC4,12,acetylcholine,31,27
111156,Tm2,37587,LC4,12,acetylcholine,0,28
73456,T2,37587,LC4,12,acetylcholine,1,28
69825,Tm2,37587,LC4,12,acetylcholine,2,28
23541,LC14a-1,37587,LC4,12,acetylcholine,10,1
553295,T2,530029,LC4,12,acetylcholine,17,5
108055,Tm4,530029,LC4,12,acetylcholine,3,28
86036,TmY3,530029,LC4,12,acetylcholine,7,15
10611,Li39,530029,LC4,12,gaba,15,0
62522,T2,16138,LC4,12,acetylcholine,4,28
56291,TmY3,16138,LC4,12,acetylcholine,29,30
54885,TmY3,16138,LC4,12,acetylcholine,29,28
50333,TmY3,16138,LC4,12,acetylcholine,22,18
48897,TmY3,16138,LC4,12,acetylcholine,16,1
23923,LC9,16138,LC4,12,acetylcholine,17,12
17939,PVLP046,16138,LC4,12,gaba,1,19
10480,MeVP53,16138,LC4,12,gaba,11,7
109130,Tm4,18127,LC4,12,acetylcholine,5,28
97374,Tm4,18127,LC4,12,acetylcholine,6,28
93168,Tm4,18127,LC4,12,acetylcholine,7,28
76074,Tm3,18127,LC4,12,acetylcholine,8,28
67942,TmY3,18127,LC4,12,acetylcholine,9,11
62761,T2,18127,LC4,12,acetylcholine,9,28
60726,Tm4,18127,LC4,12,acetylcholine,10,28
59864,Tm3,18127,LC4,12,acetylcholine,11,28
16429,Li17,18127,LC4,12,gaba,16,3
16415,Li30,18127,LC4,12,gaba,11,4
12237,SAD055,18127,LC4,12,acetylcholine,24,31
517948,Tm4,100485,LC4,12,acetylcholine,12,28
138166,T2,100485,LC4,12,acetylcholine,13,28
61264,TmY3,100485,LC4,12,acetylcholine,13,9
17375,SAD064,100485,LC4,12,acetylcholine,21,29
12680,TmY19a,100485,LC4,12,gaba,9,9
60510,T2,21313,LC4,12,acetylcholine,14,28
59145,T2,21313,LC4,12,acetylcholine,15,28
49158,Tm2,21313,LC4,12,acetylcholine,16,28
48516,Tm2,21313,LC4,12,acetylcholine,17,28
33934,Li13,21313,LC4,12,gaba,18,28
19924,CB2664,21313,LC4,12,acetylcholine,30,26
16545,Li28,21313,LC4,12,gaba,30,0
16033,Li28,21313,LC4,12,gaba,6,0
14106,CB2664,21313,LC4,12,acetylcholine,4,17
534270,Tm37,20808,LC4,11,glutamate,19,28
70724,T2,20808,LC4,11,acetylcholine,23,31
67338,T2,20808,LC4,11,acetylcholine,9,7
65353,T2,20808,LC4,11,acetylcholine,20,28
64588,T2,20808,LC4,11,acetylcholine,7,18
53782,Tm2,20808,LC4,11,acetylcholine,21,28
15281,Li17,20808,LC4,11,gaba,0,15
92746,Tm4,22966,LC4,11,acetylcholine,14,18
80861,Tm4,22966,LC4,11,acetylcholine,22,28
80442,Tm4,22966,LC4,11,acetylcholine,23,28
65774,T2,22966,LC4,11,acetylcholine,24,28
61366,T2,22966,LC4,11,acetylcholine,15,25
54833,Tm2,22966,LC4,11,acetylcholine,25,28
10051,Li39,22966,LC4,11,gaba,8,0
543435,TmY3,520449,LC4,11,acetylcholine,21,11
535401,T2,520449,LC4,11,acetylcholine,26,28
530348,T2,520449,LC4,11,acetylcholine,9,6
513571,TmY3,520449,LC4,11,acetylcholine,27,5
83592,Tm2,520449,LC4,11,acetylcholine,27,28
83244,Tm4,520449,LC4,11,acetylcholine,4,21
50264,Tm2,520449,LC4,11,acetylcholine,28,28
31816,Tm4,520449,LC4,11,acetylcholine,29,28
18096,T2,520449,LC4,11,acetylcholine,30,28
12196,Li29,520449,LC4,11,gaba,28,22
11049,Li30,520449,LC4,11,gaba,14,0
531251,TmY3,511914,LC4,11,acetylcholine,31,28
530648,TmY3,511914,LC4,11,acetylcholine,0,29
526557,Tm4,511914,LC4,11,acetylcholine,19,23
93682,TmY3,511914,LC4,11,acetylcholine,19,4
81032,Tm4,511914,LC4,11,acetylcholine,1,29
70167,Li17,511914,LC4,11,gaba,23,6
69803,Tm4,511914,LC4,11,acetylcholine,2,29
65935,Tm4,511914,LC4,11,acetylcholine,3,29
59380,T2,511914,LC4,11,acetylcholine,4,29
38972,Tm2,511914,LC4,11,acetylcholine,5,29
11102,PVLP046,511914,LC4,11,gaba,20,4
93340,Tm4,17987,LC4,11,acetylcholine,6,29
87112,T2,17987,LC4,11,acetylcholine,7,29
86687,Tm4,17987,LC4,11,acetylcholine,16,6
85663,T2,17987,LC4,11,acetylcholine,24,11
81360,T2,17987,LC4,11,acetylcholine,8,29
66732,TmY3,17987,LC4,11,acetylcholine,11,8
64933,T2,17987,LC4,11,acetylcholine,25,10
62549,TmY3,17987,LC4,11,acetylcholine,17,3
51659,Tm2,17987,LC4,11,acetylcholine,9,29
39287,TmY3,17987,LC4,11,acetylcholine,29,8
21429,Li26,17987,LC4,11,gaba,16,21
19924,CB2664,17987,LC4,11,acetylcholine,30,26
19550,LC4,17987,LC4,11,acetylcholine,10,29
17939,PVLP046,17987,LC4,11,gaba,1,19
10480,MeVP53,17987,LC4,11,gaba,11,7
96281,TmY3,19543,LC4,11,acetylcholine,1,29
83297,Tm3,19543,LC4,11,acetylcholine,11,29
72314,T2,19543,LC4,11,acetylcholine,12,29
72007,T2,19543,LC4,11,acetylcholine,13,29
48607,TmY3,19543,LC4,11,acetylcholine,23,24
47382,TmY3,19543,LC4,11,acetylcholine,5,27
30803,LC4,19543,LC4,11,acetylcholine,2,24
16659,PVLP011,19543,LC4,11,gaba,11,20
80774,Tm4,28945,LC4,11,acetylcholine,14,29
77815,T2,28945,LC4,11,acetylcholine,15,29
76979,T2,28945,LC4,11,acetylcholine,16,29
68404,T2,28945,LC4,11,acetylcholine,31,19
61405,Tm2,28945,LC4,11,acetylcholine,17,29
61081,Tlp13,28945,LC4,11,glutamate,18,29
59287,Tm2,28945,LC4,11,acetylcholine,19,29
57609,Tm2,28945,LC4,11,acetylcholine,20,29
22651,Pm7_Li28,28945,LC4,11,gaba,0,6
16549,Li30,28945,LC4,11,gaba,27,9
13926,MeLo8,28945,LC4,11,gaba,11,31
86362,T2,19634,LC4,11,acetylcholine,21,29
83615,T2,19634,LC4,11,acetylcholine,22,29
83433,T2,19634,LC4,11,acetylcholine,23,29
82857,T2,19634,LC4,11,acetylcholine,30,27
76751,TmY3,19634,LC4,11,acetylcholine,5,13
75956,Tm4,19634,LC4,11,acetylcholine,24,29
73910,TmY3,19634,LC4,11,acetylcholine,25,10
61435,TmY3,19634,LC4,11,acetylcholine,4,15
26491,Tlp14,19634,LC4,11,glutamate,25,29
17289,Li29,19634,LC4,11,gaba,13,1
573615,Tlp12,17548,LC4,11,glutamate,26,29
75674,Tm3,17548,LC4,11,acetylcholine,27,29
67915,Tm4,17548,LC4,11,acetylcholine,28,29
63623,T2,17548,LC4,11,acetylcholine,29,29
62725,Tm4,17548,LC4,11,acetylcholine,30,29
61197,T2,17548,LC4,11,acetylcholine,31,29
57627,T2,17548,LC4,11,acetylcholine,25,29
56931,TmY3,17548,LC4,11,acetylcholine,26,3
48611,Tm2,17548,LC4,11,acetylcholine,0,30
47584,Tm2,17548,LC4,11,acetylcholine,1,30
45057,Tm2,17548,LC4,11,acetylcholine,2,30
41586,TmY3,17548,LC4,11,acetylcholine,29,29
36072,Li13,17548,LC4,11,gaba,3,30
24853,Tlp14,17548,LC4,11,glutamate,4,30
20083,LPLC1,17548,LC4,11,acetylcholine,5,30
18077,TmY19a,17548,LC4,11,gaba,14,26
17926,LC4,17548,LC4,11,acetylcholine,5,11
16628,LC4,17548,LC4,11,acetylcholine,30,29
544997,Tm4,21721,LC4,11,acetylcholine,6,30
539007,MeLo2,21721,LC4,11,acetylcholine,7,30
532254,LC4,21721,LC4,11,acetylcholine,8,30
514407,Li29,21721,LC4,11,gaba,1,23
142191,T2,21721,LC4,11,acetylcholine,9,30
104467,Tm4,21721,LC4,11,acetylcholine,10,30
98637,T2,21721,LC4,11,acetylcholine,11,30
93404,Tm3,21721,LC4,11,acetylcholine,12,30
55609,TmY3,21721,LC4,11,acetylcholine,3,14
29206,TmY3,21721,LC4,11,acetylcholine,14,12
29178,TmY3,21721,LC4,11,acetylcholine,8,3
15261,CB2664,21721,LC4,11,acetylcholine,5,0
532695,Tm4,16917,LC4,11,acetylcholine,13,30
524105,MeLo2,16917,LC4,11,acetylcholine,14,30
521175,T2,16917,LC4,11,acetylcholine,15,30
513904,SAD049,16917,LC4,11,acetylcholine,8,14
76626,T2,16917,LC4,11,acetylcholine,16,30
73053,T2,16917,LC4,11,acetylcholine,17,30
29700,TmY3,16917,LC4,11,acetylcholine,22,14
13875,MeLo8,16917,LC4,11,gaba,25,4
10851,Tm2,16917,LC4,11,acetylcholine,18,30
551590,TmY3,532254,LC4,11,acetylcholine,1,20
549586,TmY18,532254,LC4,11,acetylcholine,19,30
518419,TmY19b,532254,LC4,11,gaba,13,8
512121,CB1280,532254,LC4,11,acetylcholine,12,21
170208,Tm4,532254,LC4,11,acetylcholine,5,10
95623,Tm4,532254,LC4,11,acetylcholine,20,30
90420,Tm4,532254,LC4,11,acetylcholine,21,30
63432,TmY3,532254,LC4,11,acetylcholine,11,25
56038,TmY3,532254,LC4,11,acetylcholine,26,19
55609,TmY3,532254,LC4,11,acetylcholine,3,14
13846,Li29,532254,LC4,11,gaba,23,21
12004,MeLo8,532254,LC4,11,gaba,13,12
536374,TmY3,18432,LC4,11,acetylcholine,2,25
533651,Tm2,18432,LC4,11,acetylcholine,22,30
521516,Li30,18432,LC4,11,gaba,27,15
141688,Tm3,18432,LC4,11,acetylcholine,23,30
60765,T2,18432,LC4,11,acetylcholine,24,30
33016,Li25,18432,LC4,11,gaba,25,30
14979,MeLo8,18432,LC4,11,gaba,23,13
523653,Tm3,16809,LC4,11,acetylcholine,26,30
517553,TmY3,16809,LC4,11,acetylcholine,1,26
116774,T2,16809,LC4,11,acetylcholine,26,8
111787,LC4,16809,LC4,11,acetylcholine,27,30
75862,T2,16809,LC4,11,acetylcholine,28,30
67935,TmY3,16809,LC4,11,acetylcholine,12,29
62581,TmY3,16809,LC4,11,acetylcholine,10,27
46037,T2,16809,LC4,11,acetylcholine,29,30
105589,Tm4,19954,LC4,11,acetylcholine,29,12
73800,Tm4,19954,LC4,11,acetylcholine,30,30
70472,Tm4,19954,LC4,11,acetylcholine,31,30
70413,T2,19954,LC4,11,acetylcholine,0,31
65751,Tm4,19954,LC4,11,acetylcholine,1,31
63924,Tm4,19954,LC4,11,acetylcholine,2,31
63332,T2,19954,LC4,11,acetylcholine,3,31
51079,Tm2,19954,LC4,11,acetylcholine,4,31
50173,Tm2,19954,LC4,11,acetylcholine,5,31
49229,Tm2,19954,LC4,11,acetylcholine,6,31
49150,Tm2,19954,LC4,11,acetylcholine,7,31
48607,TmY3,19954,LC4,11,acetylcholine,23,24
22447,LPLC1,19954,LC4,11,acetylcholine,8,31
19550,LC4,19954,LC4,11,acetylcholine,10,29
17939,PVLP046,19954,LC4,11,gaba,1,19
11628,LT40,19954,LC4,11,gaba,27,4
118251,T2,17668,LC4,11,acetylcholine,9,31
109283,Tm4,17668,LC4,11,acetylcholine,10,31
89978,T2,17668,LC4,11,acetylcholine,13,27
76778,Tm4,17668,LC4,11,acetylcholine,11,31
74674,T2,17668,LC4,11,acetylcholine,12,31
72923,Tm4,17668,LC4,11,acetylcholine,16,8
67554,T2,17668,LC4,11,acetylcholine,13,31
67223,Tm4,17668,LC4,11,acetylcholine,14,31
62488,T2,17668,LC4,11,acetylcholine,15,31
43480,Tm4,17668,LC4,11,acetylcholine,16,31
40599,TmY3,17668,LC4,11,acetylcholine,26,15
30191,Li25,17668,LC4,11,gaba,17,31
526074,T2,20859,LC4,11,acetylcholine,21,17
518698,TmY3,20859,LC4,11,acetylcholine,19,29
516507,TmY3,20859,LC4,11,acetylcholine,10,23
512596,Tm2,20859,LC4,11,acetylcholine,18,31
34913,Tm2,20859,LC4,11,acetylcholine,19,31
19454,PVLP024,20859,LC4,11,gaba,3,11
17270,LC4,20859,LC4,11,acetylcholine,20,31
547705,T2,38065,LC4,11,acetylcholine,21,31
76916,T2,38065,LC4,11,acetylcholine,22,31
76386,T2,38065,LC4,11,acetylcholine,23,31
73001,Tm4,38065,LC4,11,acetylcholine,24,31
59737,TmY3,38065,LC4,11,acetylcholine,11,23
17289,Li29,38065,LC4,11,gaba,13,1
13926,MeLo8,38065,LC4,11,gaba,11,31
532156,TmY3,27829,LC4,11,acetylcholine,8,26
525254,TmY3,27829,LC4,11,acetylcholine,18,0
99616,T2,27829,LC4,11,acetylcholine,25,31
74122,T2,27829,LC4,11,acetylcholine,26,31
25438,SAD064,27829,LC4,11,acetylcholine,5,5
15986,MeLo8,27829,LC4,11,gaba,25,7
13600,CB2664,27829,LC4,11,acetylcholine,10,21
104356,Tm4,17926,LC4,11,acetylcholine,27,31
65052,T2,17926,LC4,11,acetylcholine,28,31
63489,T2,17926,LC4,11,acetylcholine,14,11
61500,Tm3,17926,LC4,11,acetylcholine,29,31
57287,Tm4,17926,LC4,11,acetylcholine,30,31
47439,Tm2,17926,LC4,11,acetylcholine,31,31
47079,Tm2,17926,LC4,11,acetylcholine,0,0
12912,MeLo8,17926,LC4,11,gaba,12,2
86959,T2,31262,LC4,11,acetylcholine,1,0
74060,TmY3,31262,LC4,11,acetylcholine,26,23
66535,Tm2,31262,LC4,11,acetylcholine,2,0
46525,Y12,31262,LC4,11,glutamate,3,0
40131,LC9,31262,LC4,11,acetylcholine,10,24
22305,TmY19b,31262,LC4,11,gaba,22,30
580162,Tm4,23226,LC4,11,acetylcholine,4,0
539949,TmY3,23226,LC4,11,acetylcholine,1,28
522875,Tm4,23226,LC4,11,acetylcholine,5,0
81100,T2,23226,LC4,11,acetylcholine,6,0
76798,T2,23226,LC4,11,acetylcholine,7,0
29675,LC9,23226,LC4,11,acetylcholine,11,5
29070,TmY3,23226,LC4,11,acetylcholine,28,5
13600,CB2664,23226,LC4,11,acetylcholine,10,21
515522,Tlp12,518983,LC4,11,glutamate,8,0
108926,Li17,518983,LC4,11,gaba,31,13
82822,Tm4,518983,LC4,11,acetylcholine,9,0
80752,Tm4,518983,LC4,11,acetylcholine,10,0
54948,Tm2,518983,LC4,11,acetylcholine,11,0
54886,Tm2,518983,LC4,11,acetylcholine,12,0
29797,T2,518983,LC4,11,acetylcholine,13,0
29146,Tlp14,518983,LC4,11,glutamate,14,0
539397,Tm4,12349,LC4,11,acetylcholine,15,0
526758,Tm4,12349,LC4,11,acetylcholine,16,0
89498,T2,12349,LC4,11,acetylcholine,17,0
52591,Tm4,12349,LC4,11,acetylcholine,18,0
43260,T2,12349,LC4,11,acetylcholine,19,0
35501,LC9,12349,LC4,11,acetylcholine,17,27
22257,PVLP046,12349,LC4,11,gaba,16,12
517193,LoVC7,23098,LC4,11,gaba,1,1
103111,Tm4,23098,LC4,11,acetylcholine,20,0
71086,Tm2,23098,LC4,11,acetylcholine,22,27
69051,T2,23098,LC4,11,acetylcholine,28,28
66737,T2,23098,LC4,11,acetylcholine,21,0
61357,T2,23098,LC4,11,acetylcholine,22,0
60979,TmY3,23098,LC4,11,acetylcholine,11,11
58599,T2,23098,LC4,11,acetylcholine,15,20
47962,TmY3,23098,LC4,11,acetylcholine,12,4
42325,Tlp13,23098,LC4,11,glutamate,23,0
40284,Tlp12,23098,LC4,11,glutamate,24,0
30067,Y12,23098,LC4,11,glutamate,25,0
21225,LC4,23098,LC4,11,acetylcholine,26,0
19924,CB2664,23098,LC4,11,acetylcholine,30,26
17860,LC4,23098,LC4,11,acetylcholine,27,0
523618,T2,17478,LC4,11,acetylcholine,3,22
515871,Tm4,17478,LC4,11,acetylcholine,28,0
513860,Tm4,17478,LC4,11,acetylcholine,29,0
104609,T2,17478,LC4,11,acetylcholine,30,0
86236,Tm4,17478,LC4,11,acetylcholine,31,0
82991,Tm4,17478,LC4,11,acetylcholine,0,1
79648,T2,17478,LC4,11,acetylcholine,1,1
76024,Tm4,17478,LC4,11,acetylcholine,2,1
70872,Tm4,17478,LC4,11,acetylcholine,3,1
67315,Tm2,17478,LC4,11,acetylcholine,4,1
66856,Tm2,17478,LC4,11,acetylcholine,5,1
53520,Tm3,17478,LC4,11,acetylcholine,6,1
51884,TmY3,17478,LC4,11,acetylcholine,23,2
51575,Tlp12,17478,LC4,11,glutamate,7,1
50492,T2,17478,LC4,11,acetylcholine,8,1
30775,Li25,17478,LC4,11,gaba,9,1
22257,PVLP046,17478,LC4,11,gaba,16,12
21721,LC4,17478,LC4,11,acetylcholine,27,21
20074,LPLC1,17478,LC4,11,acetylcholine,10,1
532339,T2,34845,LC4,11,acetylcholine,11,1
531717,Tm4,34845,LC4,11,acetylcholine,12,1
516913,TmY3,34845,LC4,11,acetylcholine,8,21
75862,T2,34845,LC4,11,acetylcholine,28,30
54418,Tm2,34845,LC4,11,acetylcholine,13,1
50463,Y12,34845,LC4,11,glutamate,14,1
42522,Tm2,34845,LC4,11,acetylcholine,15,1
37587,LC4,34845,LC4,11,acetylcholine,16,1
36522,T2,34845,LC4,11,acetylcholine,17,1
29755,TmY3,34845,LC4,11,acetylcholine,12,5
21453,T2,34845,LC4,11,acetylcholine,18,1
549652,TmY3,17653,LC4,11,acetylcholine,24,6
539351,T2,17653,LC4,11,acetylcholine,19,1
537154,T2,17653,LC4,11,acetylcholine,20,1
515852,Tm4,17653,LC4,11,acetylcholine,21,1
515850,T2,17653,LC4,11,acetylcholine,22,1
512601,Tm4,17653,LC4,11,acetylcholine,23,1
512603,Tm4,17653,LC4,11,acetylcholine,24,1
69943,Tm3,17653,LC4,11,acetylcholine,25,1
54468,Tm2,17653,LC4,11,acetylcholine,26,1
30055,Tm4,17653,LC4,11,acetylcholine,27,1
22718,TmY15,17653,LC4,11,gaba,28,1
17774,LPLC2,17653,LC4,11,acetylcholine,29,1
16947,Y11,17653,LC4,11,glutamate,30,1
10933,MeLo8,17653,LC4,11,gaba,25,6
10251,MeVP53,17653,LC4,11,gaba,13,27
539855,Li14,20440,LC4,11,glutamate,31,1
520449,LC4,20440,LC4,11,acetylcholine,0,2
183690,TmY18,20440,LC4,11,acetylcholine,1,2
90570,Tm4,20440,LC4,11,acetylcholine,28,21
85688,Tm3,20440,LC4,11,acetylcholine,2,2
77985,Y3,20440,LC4,11,acetylcholine,3,2
59440,Tm37,20440,LC4,11,glutamate,4,2
47266,Tlp13,20440,LC4,11,glutamate,5,2
32290,LPLC1,20440,LC4,11,acetylcholine,6,2
13308,Li29,20440,LC4,11,gaba,14,19
551295,TmY3,17340,LC4,11,acetylcholine,9,7
526999,LPLC1,17340,LC4,11,acetylcholine,7,2
131980,T2,17340,LC4,11,acetylcholine,8,2
80721,Tm3,17340,LC4,11,acetylcholine,9,2
79908,T2,17340,LC4,11,acetylcholine,10,2
43260,T2,17340,LC4,11,acetylcholine,19,0
38908,Tm4,17340,LC4,11,acetylcholine,11,2
18789,TmY19a,17340,LC4,11,gaba,12,2
84606,Tm4,22975,LC4,11,acetylcholine,13,2
80491,Tm4,22975,LC4,11,acetylcholine,14,2
72583,Tm5Y,22975,LC4,11,acetylcholine,15,2
70188,T2,22975,LC4,11,acetylcholine,13,17
69030,T2,22975,LC4,11,acetylcholine,16,2
67449,TmY3,22975,LC4,11,acetylcholine,11,25
64977,T2,22975,LC4,11,acetylcholine,17,2
62401,T2,22975,LC4,11,acetylcholine,18,2
62142,T2,22975,LC4,11,acetylcholine,11,21
23792,LC4,22975,LC4,11,acetylcholine,20,7
17289,Li29,22975,LC4,11,gaba,13,1
11254,LT41,22975,LC4,11,gaba,31,10
514407,Li29,24523,LC4,11,gaba,1,23
105392,T2,24523,LC4,11,acetylcholine,19,2
35727,Tm4,24523,LC4,11,acetylcholine,20,2
26694,Tm4,24523,LC4,11,acetylcholine,21,2
529012,Tlp12,20967,LC4,11,glutamate,22,2
523564,PVLP011,20967,LC4,11,gaba,14,16
518939,Li25,20967,LC4,11,gaba,8,24
513599,T2,20967,LC4,11,acetylcholine,23,2
77954,Li13,20967,LC4,11,gaba,24,2
29313,Tm2,20967,LC4,11,acetylcholine,25,2
17059,LPLC2,20967,LC4,11,acetylcholine,26,2
12032,LC4,20967,LC4,11,acetylcholine,27,2
51098,TmY3,35616,LC4,11,acetylcholine,18,1
51042,Tm4,35616,LC4,11,acetylcholine,28,2
25438,SAD064,35616,LC4,11,acetylcholine,5,5
20859,LC4,35616,LC4,11,acetylcholine,5,26
15261,CB2664,35616,LC4,11,acetylcholine,5,0
13191,Li30,35616,LC4,11,gaba,4,2
11838,Li17,35616,LC4,11,gaba,0,19
530624,T2,535341,LC4,11,acetylcholine,29,2
136796,Tm3,535341,LC4,11,acetylcholine,30,2
64815,T2,535341,LC4,11,acetylcholine,31,2
20264,Li28,535341,LC4,11,gaba,5,2
17939,PVLP046,535341,LC4,11,gaba,1,19
13846,Li29,535341,LC4,11,gaba,23,21
13600,CB2664,535341,LC4,11,acetylcholine,10,21
531862,LT41,512366,LC4,11,gaba,31,3
517905,Tlp14,512366,LC4,11,glutamate,0,3
516148,TmY3,512366,LC4,11,acetylcholine,19,2
515068,T2,512366,LC4,11,acetylcholine,1,3
116328,T2,512366,LC4,11,acetylcholine,2,3
78217,T2,512366,LC4,11,acetylcholine,3,3
15091,MeLo8,512366,LC4,11,gaba,6,10
129178,Tm4,30480,LC4,11,acetylcholine,4,3
113016,Tm4,30480,LC4,11,acetylcholine,12,20
112584,Tm4,30480,LC4,11,acetylcholine,5,3
95444,Tm3,30480,LC4,11,acetylcholine,6,3
95003,Tm4,30480,LC4,11,acetylcholine,7,3
91058,T2,30480,LC4,11,acetylcholine,8,3
89526,T2,30480,LC4,11,acetylcholine,9,3
88848,T2,30480,LC4,11,acetylcholine,29,4
85618,Tm3,30480,LC4,11,acetylcholine,10,3
83251,Tm4,30480,LC4,11,acetylcholine,5,14
74676,T2,30480,LC4,11,acetylcholine,17,9
54377,Tlp12,30480,LC4,11,glutamate,11,3
31262,LC4,30480,LC4,11,acetylcholine,20,18
25607,PVLP046,30480,LC4,11,gaba,12,3
13405,CB4179,30480,LC4,11,gaba,11,17
10051,Li39,30480,LC4,11,gaba,8,0
529027,Y12,31301,LC4,11,glutamate,13,3
516705,TmY19a,31301,LC4,11,gaba,14,3
72036,T2,31301,LC4,11,acetylcholine,15,3
54807,TmY3,31301,LC4,11,acetylcholine,19,10
52494,TmY3,31301,LC4,11,acetylcholine,11,24
52392,Li14,31301,LC4,11,glutamate,16,3
22922,LC4,31301,LC4,11,acetylcholine,17,3
17375,SAD064,31301,LC4,11,acetylcholine,21,29
10158,LT56,31301,LC4,11,glutamate,31,5
537898,Tm3,512705,LC4,11,acetylcholine,18,3
537086,T2,512705,LC4,11,acetylcholine,19,20
530624,T2,512705,LC4,11,acetylcholine,29,2
517967,Tm4,512705,LC4,11,acetylcholine,19,3
512944,T2,512705,LC4,11,acetylcholine,20,3
74254,Tm3,512705,LC4,11,acetylcholine,21,3
10776,LoVC7,512705,LC4,11,gaba,2,1
93758,Tm4,22034,LC4,11,acetylcholine,22,3
84981,T2,22034,LC4,11,acetylcholine,9,17
80275,Tm4,22034,LC4,11,acetylcholine,23,3
77536,T2,22034,LC4,11,acetylcholine,24,3
64686,Tm2,22034,LC4,11,acetylcholine,25,3
61695,T2,22034,LC4,11,acetylcholine,13,12
60106,Tm2,22034,LC4,11,acetylcholine,26,3
50633,TmY3,22034,LC4,11,acetylcholine,8,12
47929,TmY3,22034,LC4,11,acetylcholine,23,3
33474,SAD049,22034,LC4,11,acetylcholine,24,18
25956,Li30,22034,LC4,11,gaba,9,8
16611,TmY19b,22034,LC4,11,gaba,10,12
14886,Li17,22034,LC4,11,gaba,27,3
545956,Tm4,515476,LC4,11,acetylcholine,27,3
539949,TmY3,515476,LC4,11,acetylcholine,1,28
531862,LT41,515476,LC4,11,gaba,31,3
73542,TmY3,515476,LC4,11,acetylcholine,6,14
65817,Tm3,515476,LC4,11,acetylcholine,28,3
64349,TmY3,515476,LC4,11,acetylcholine,7,7
49574,TmY3,515476,LC4,11,acetylcholine,4,7
31761,Tm4,515476,LC4,11,acetylcholine,29,3
25438,SAD064,515476,LC4,11,acetylcholine,5,5
21727,Tlp14,515476,LC4,11,glutamate,30,3
121310,Tm4,30803,LC4,11,acetylcholine,31,3
93569,Tm4,30803,LC4,11,acetylcholine,0,4
92485,Tm4,30803,LC4,11,acetylcholine,1,4
85773,T2,30803,LC4,11,acetylcholine,2,4
85520,Tm4,30803,LC4,11,acetylcholine,3,4
80979,T2,30803,LC4,11,acetylcholine,4,4
76623,Tm4,30803,LC4,11,acetylcholine,26,12
70737,TmY3,30803,LC4,11,acetylcholine,5,4
67305,T2,30803,LC4,11,acetylcholine,8,14
44997,Tlp12,30803,LC4,11,glutamate,6,4
30480,LC4,30803,LC4,11,acetylcholine,9,24
27421,TmY19a,30803,LC4,11,gaba,24,18
26696,TmY19b,30803,LC4,11,gaba,7,4
545727,Tm4,524899,LC4,11,acetylcholine,26,23
517995,TmY3,524899,LC4,11,acetylcholine,11,3
512121,CB1280,524899,LC4,11,acetylcholine,12,21
97114,T2,524899,LC4,11,acetylcholine,8,4
81131,Tm4,524899,LC4,11,acetylcholine,9,4
80668,Tm3,524899,LC4,11,acetylcholine,10,4
32480,TmY3,524899,LC4,11,acetylcholine,16,20
551590,TmY3,32597,LC4,11,acetylcholine,1,20
97228,T2,32597,LC4,11,acetylcholine,11,4
91855,Tm4,32597,LC4,11,acetylcholine,12,4
51829,TmY3,32597,LC4,11,acetylcholine,13,24
24105,LC14a-1,32597,LC4,11,acetylcholine,26,4
540511,TmY3,526286,LC4,11,acetylcholine,1,10
530145,T2,526286,LC4,11,acetylcholine,13,4
517216,T2,526286,LC4,11,acetylcholine,14,4
113444,Li13,526286,LC4,11,gaba,15,4
81277,Tm37,526286,LC4,11,glutamate,16,4
23202,LC4,526286,LC4,11,acetylcholine,10,14
19292,Li28,526286,LC4,11,gaba,13,0
13846,Li29,526286,LC4,11,gaba,23,21
13191,Li30,526286,LC4,11,gaba,4,2
518004,TmY3,33137,LC4,11,acetylcholine,17,4
515174,TmY3,33137,LC4,11,acetylcholine,18,29
107579,T2,33137,LC4,11,acetylcholine,18,4
80327,T2,33137,LC4,11,acetylcholine,19,4
49198,Tm2,33137,LC4,11,acetylcholine,20,4
23202,LC4,33137,LC4,11,acetylcholine,10,14
17315,Li30,33137,LC4,11,gaba,27,1
16475,PVLP024,33137,LC4,11,gaba,20,7
10345,LT40,33137,LC4,11,gaba,16,3
534266,Tm4,27750,LC4,11,acetylcholine,21,4
531862,LT41,27750,LC4,11,gaba,31,3
527081,Tm2,27750,LC4,11,acetylcholine,22,4
520494,TmY3,27750,LC4,11,acetylcholine,28,21
32597,LC4,27750,LC4,11,acetylcholine,23,4
18350,PVLP046,27750,LC4,11,gaba,25,3
162608,TmY18,17860,LC4,11,acetylcholine,24,4
120279,TmY18,17860,LC4,11,acetylcholine,25,4
89286,T2,17860,LC4,11,acetylcholine,26,26
86496,T2,17860,LC4,11,acetylcholine,26,4
84809,T2,17860,LC4,11,acetylcholine,27,4
84523,Tm4,17860,LC4,11,acetylcholine,19,21
83770,Tm4,17860,LC4,11,acetylcholine,28,4
81994,Tm5Y,17860,LC4,11,acetylcholine,29,4
81111,T2,17860,LC4,11,acetylcholine,30,4
79266,T2,17860,LC4,11,acetylcholine,31,4
79192,Tm3,17860,LC4,11,acetylcholine,0,5
76530,Tm5Y,17860,LC4,11,acetylcholine,1,5
75658,T2,17860,LC4,11,acetylcholine,2,5
75274,Tm4,17860,LC4,11,acetylcholine,3,5
75097,Tm4,17860,LC4,11,acetylcholine,21,23
64438,TmY3,17860,LC4,11,acetylcholine,3,3
51172,TmY3,17860,LC4,11,acetylcholine,14,29
26516,Tlp14,17860,LC4,11,glutamate,4,5
21287,LC4,17860,LC4,11,acetylcholine,5,5
12237,SAD055,17860,LC4,11,acetylcholine,24,31
86119,T2,21287,LC4,11,acetylcholine,16,17
83389,T2,21287,LC4,11,acetylcholine,6,5
82123,Tm4,21287,LC4,11,acetylcholine,8,29
62490,TmY3,21287,LC4,11,acetylcholine,28,16
59466,TmY3,21287,LC4,11,acetylcholine,24,4
52540,TmY3,21287,LC4,11,acetylcholine,15,10
44782,TmY3,21287,LC4,11,acetylcholine,12,15
15665,SAD064,21287,LC4,11,acetylcholine,25,24
14462,MeLo8,21287,LC4,11,gaba,17,2
70474,Tm3,18189,LC4,11,acetylcholine,7,5
70345,Tm4,18189,LC4,11,acetylcholine,8,5
69196,T2,18189,LC4,11,acetylcholine,9,5
64957,Tm4,18189,LC4,11,acetylcholine,10,5
64634,T2,18189,LC4,11,acetylcholine,5,7
64352,T2,18189,LC4,11,acetylcholine,11,5
61835,T2,18189,LC4,11,acetylcholine,16,1
56907,TmY3,18189,LC4,11,acetylcholine,30,14
51366,Tm2,18189,LC4,11,acetylcholine,12,5
30682,LC9,18189,LC4,11,acetylcholine,2,1
16659,PVLP011,18189,LC4,11,gaba,11,20
16260,Li17,18189,LC4,11,gaba,4,26
15281,Li17,18189,LC4,11,gaba,0,15
539132,TmY3,20572,LC4,11,acetylcholine,31,11
533470,Li17,20572,LC4,11,gaba,16,4
526942,Y12,20572,LC4,11,glutamate,13,5
516874,TmY3,20572,LC4,11,acetylcholine,28,8
513599,T2,20572,LC4,11,acetylcholine,23,2
29024,LC9,20572,LC4,11,acetylcholine,14,5
514109,T2,29469,LC4,11,acetylcholine,15,5
171100,Tm4,29469,LC4,11,acetylcholine,16,5
152546,Tm3,29469,LC4,11,acetylcholine,17,5
132894,Tm3,29469,LC4,11,acetylcholine,18,5
70024,T2,29469,LC4,11,acetylcholine,26,25
57809,Tlp12,29469,LC4,11,glutamate,19,5
52036,Tm2,29469,LC4,11,acetylcholine,20,5
37425,Tm2,29469,LC4,11,acetylcholine,21,5
35262,LC4,29469,LC4,11,acetylcholine,5,22
20434,PVLP046,29469,LC4,11,gaba,0,21
15710,TmY3,29469,LC4,11,acetylcholine,19,14
10158,LT56,29469,LC4,11,glutamate,31,5
116356,Tm4,23929,LC4,11,acetylcholine,22,5
96735,Tm3,23929,LC4,11,acetylcholine,23,5
96243,T2,23929,LC4,11,acetylcholine,24,5
85661,TmY3,23929,LC4,11,acetylcholine,25,5
59976,Tm2,23929,LC4,11,acetylcholine,26,5
43058,LC9,23929,LC4,11,acetylcholine,27,5
32528,TmY19a,23929,LC4,11,gaba,28,5
22328,LC4,23929,LC4,11,acetylcholine,26,21
112206,Tm4,20399,LC4,11,acetylcholine,29,25
82802,TmY3,20399,LC4,11,acetylcholine,2,13
77788,T2,20399,LC4,11,acetylcholine,29,5
77600,Tm4,20399,LC4,11,acetylcholine,30,5
75085,T2,20399,LC4,11,acetylcholine,31,5
74811,Tm4,20399,LC4,11,acetylcholine,0,6
66528,T2,20399,LC4,11,acetylcholine,1,6
52256,TmY3,20399,LC4,11,acetylcholine,8,22
50871,TmY3,20399,LC4,11,acetylcholine,10,17
48897,TmY3,20399,LC4,11,acetylcholine,16,1
46586,TmY3,20399,LC4,11,acetylcholine,22,15
32394,Li25,20399,LC4,11,gaba,17,27
16475,PVLP024,20399,LC4,11,gaba,20,7
533872,TmY3,30087,LC4,11,acetylcholine,12,14
531862,LT41,30087,LC4,11,gaba,31,3
522441,TmY3,30087,LC4,11,acetylcholine,24,23
512336,TmY3,30087,LC4,11,acetylcholine,23,26
126285,T2,30087,LC4,11,acetylcholine,2,6
25438,SAD064,30087,LC4,11,acetylcholine,5,5
20245,Tm2,30087,LC4,11,acetylcholine,3,6
533222,T2,518439,LC4,11,acetylcholine,4,6
140694,LPT111,518439,LC4,11,gaba,5,6
109600,Tm4,518439,LC4,11,acetylcholine,6,6
67506,Tm2,518439,LC4,11,acetylcholine,7,6
25944,Li26,518439,LC4,11,gaba,12,1
24465,PVLP046,518439,LC4,11,gaba,8,6
13578,ANXXX109,518439,LC4,11,gaba,9,6
11102,PVLP046,518439,LC4,11,gaba,20,4
10158,LT56,518439,LC4,11,glutamate,31,5
536460,T2,17608,LC4,11,acetylcholine,10,6
35817,Tm2,17608,LC4,11,acetylcholine,11,6
28651,T2,17608,LC4,11,acetylcholine,14,11
26632,TmY19a,17608,LC4,11,gaba,12,6
10158,LT56,17608,LC4,11,glutamate,31,5
10085,Am1,17608,LC4,11,gaba,28,1
105774,T2,22847,LC4,11,acetylcholine,13,6
94107,Tm4,22847,LC4,11,acetylcholine,14,6
86252,T2,22847,LC4,11,acetylcholine,15,6
83391,Tm4,22847,LC4,11,acetylcholine,5,18
17280,Li28,22847,LC4,11,gaba,1,0
14462,MeLo8,22847,LC4,11,gaba,17,2
10051,Li39,22847,LC4,11,gaba,8,0
113255,Tm4,20673,LC4,11,acetylcholine,16,6
111483,TmY18,20673,LC4,11,acetylcholine,17,6
89266,TmY3,20673,LC4,11,acetylcholine,14,12
84422,Tm4,20673,LC4,11,acetylcholine,25,24
80754,Tm4,20673,LC4,11,acetylcholine,18,6
74811,Tm4,20673,LC4,11,acetylcholine,0,6
72144,T2,20673,LC4,11,acetylcholine,19,6
68974,T2,20673,LC4,11,acetylcholine,20,6
66528,T2,20673,LC4,11,acetylcholine,1,6
63986,Tm2,20673,LC4,11,acetylcholine,21,6
46324,TmY3,20673,LC4,11,acetylcholine,16,30
20434,PVLP046,20673,LC4,11,gaba,0,21
16611,TmY19b,20673,LC4,11,gaba,10,12
545728,T2,518016,LC4,11,acetylcholine,22,6
520100,TmY3,518016,LC4,11,acetylcholine,28,18
512943,TmY3,518016,LC4,11,acetylcholine,3,19
71009,Tm4,518016,LC4,11,acetylcholine,23,6
49610,Tm2,518016,LC4,11,acetylcholine,24,6
23626,LC9,518016,LC4,11,acetylcholine,9,1
18117,TmY3,518016,LC4,11,acetylcholine,11,5
15055,Li26,518016,LC4,11,gaba,25,6
532564,TmY3,20976,LC4,11,acetylcholine,19,3
86996,TmY3,20976,LC4,11,acetylcholine,0,3
64433,Tm37,20976,LC4,11,glutamate,26,6
28647,T2,20976,LC4,11,acetylcholine,27,6
27194,PVLP046,20976,LC4,11,gaba,18,3
25540,Y11,20976,LC4,11,glutamate,28,6
24794,LPLC1,20976,LC4,11,acetylcholine,29,6
534263,Tm4,31308,LC4,11,acetylcholine,30,6
532687,TmY3,31308,LC4,11,acetylcholine,12,12
527208,Tlp13,31308,LC4,11,glutamate,31,6
121212,Tm4,31308,LC4,11,acetylcholine,0,7
84936,T2,31308,LC4,11,acetylcholine,1,7
51395,TmY3,31308,LC4,11,acetylcholine,23,17
15666,Li17,31308,LC4,11,gaba,20,8
14209,Li28,31308,LC4,11,gaba,7,1
10158,LT56,31308,LC4,11,glutamate,31,5
532156,TmY3,17270,LC4,11,acetylcholine,8,26
517216,T2,17270,LC4,11,acetylcholine,14,4
512526,TmY3,17270,LC4,11,acetylcholine,13,15
101849,T2,17270,LC4,11,acetylcholine,2,7
76732,T2,17270,LC4,11,acetylcholine,29,12
61261,Li14,17270,LC4,11,glutamate,3,7
50720,TmY3,17270,LC4,11,acetylcholine,4,7
526286,LC4,516909,LC4,11,acetylcholine,2,21
121880,T2,516909,LC4,11,acetylcholine,5,7
73707,Tm4,516909,LC4,11,acetylcholine,24,20
64390,T2,516909,LC4,11,acetylcholine,6,7
55344,Tm4,516909,LC4,11,acetylcholine,29,21
54797,Tm2,516909,LC4,11,acetylcholine,7,7
51542,TmY3,516909,LC4,11,acetylcholine,19,9
40708,TmY3,516909,LC4,11,acetylcholine,15,18
16040,Pm7_Li28,516909,LC4,11,gaba,7,0
10158,LT56,516909,LC4,11,glutamate,31,5
519150,Tm2,515900,LC4,11,acetylcholine,8,7
513497,T2,515900,LC4,11,acetylcholine,9,7
113790,TmY3,515900,LC4,11,acetylcholine,10,7
111073,T2,515900,LC4,11,acetylcholine,0,25
101769,Tm4,515900,LC4,11,acetylcholine,11,7
85041,Tm3,515900,LC4,11,acetylcholine,12,7
72570,Tm4,515900,LC4,11,acetylcholine,1,25
46286,Tm2,515900,LC4,11,acetylcholine,5,3
34417,Li14,515900,LC4,11,glutamate,13,7
24196,Tm2,515900,LC4,11,acetylcholine,14,7
17939,PVLP046,515900,LC4,11,gaba,1,19
17478,LC4,515900,LC4,11,acetylcholine,0,10
10933,MeLo8,515900,LC4,11,gaba,25,6
517327,Li15,31429,LC4,11,gaba,15,7
512293,T2,31429,LC4,11,acetylcholine,5,15
58246,TmY3,31429,LC4,11,acetylcholine,3,12
42209,Tm2,31429,LC4,11,acetylcholine,16,7
35066,TmY3,31429,LC4,11,acetylcholine,17,7
99502,T2,19794,LC4,11,acetylcholine,19,0
92409,T2,19794,LC4,11,acetylcholine,18,7
86015,T2,19794,LC4,11,acetylcholine,19,7
83665,T2,19794,LC4,11,acetylcholine,27,13
54469,TmY3,19794,LC4,11,acetylcholine,22,21
54197,TmY3,19794,LC4,11,acetylcholine,18,26
46275,Tm2,19794,LC4,11,acetylcholine,20,7
19924,CB2664,19794,LC4,11,acetylcholine,30,26
17939,PVLP046,19794,LC4,11,gaba,1,19
128578,T2,17266,LC4,11,acetylcholine,30,7
107108,T2,17266,LC4,11,acetylcholine,21,7
101407,T2,17266,LC4,11,acetylcholine,22,7
93333,T2,17266,LC4,11,acetylcholine,23,7
92068,T2,17266,LC4,11,acetylcholine,1,20
91858,Tm3,17266,LC4,11,acetylcholine,24,7
87153,Tm3,17266,LC4,11,acetylcholine,25,7
83770,Tm4,17266,LC4,11,acetylcholine,28,4
81692,Tm4,17266,LC4,11,acetylcholine,26,7
79848,Tm4,17266,LC4,11,acetylcholine,10,19
78903,Tm4,17266,LC4,11,acetylcholine,9,30
78841,T2,17266,LC4,11,acetylcholine,27,7
78241,Tm3,17266,LC4,11,acetylcholine,28,7
58601,Tm2,17266,LC4,11,acetylcholine,29,7
53672,TmY3,17266,LC4,11,acetylcholine,25,27
44892,Tlp13,17266,LC4,11,glutamate,30,7
30165,MeLo2,17266,LC4,11,acetylcholine,31,7
129388,Tm4,20588,LC4,11,acetylcholine,0,8
99555,Tm2,20588,LC4,11,acetylcholine,1,8
44330,Tlp12,20588,LC4,11,glutamate,2,8
24973,TmY19a,20588,LC4,11,gaba,3,8
17289,Li29,20588,LC4,11,gaba,13,1
535466,TmY3,22772,LC4,11,acetylcholine,4,16
515900,LC4,22772,LC4,11,acetylcholine,0,23
92920,T2,22772,LC4,11,acetylcholine,4,8
90099,T2,22772,LC4,11,acetylcholine,5,8
72393,Tm4,22772,LC4,11,acetylcholine,6,8
52505,TmY3,22772,LC4,11,acetylcholine,0,15
28252,Li25,22772,LC4,11,gaba,13,10
20976,LC4,22772,LC4,11,acetylcholine,7,8
15182,Li17,22772,LC4,11,gaba,17,1
10611,Li39,22772,LC4,11,gaba,15,0
71942,T2,20917,LC4,11,acetylcholine,8,8
66207,T2,20917,LC4,11,acetylcholine,28,7
63912,T2,20917,LC4,11,acetylcholine,9,8
63481,T2,20917,LC4,11,acetylcholine,10,8
60192,Tm37,20917,LC4,11,glutamate,11,8
58474,T2,20917,LC4,11,acetylcholine,12,8
52334,TmY3,20917,LC4,11,acetylcholine,31,24
51039,Tm2,20917,LC4,11,acetylcholine,13,8
19924,CB2664,20917,LC4,11,acetylcholine,30,26
13797,Li29,20917,LC4,11,gaba,8,29
531713,Li13,77614,LC4,11,gaba,14,8
530298,Tm4,77614,LC4,11,acetylcholine,15,8
518624,TmY3,77614,LC4,11,acetylcholine,11,19
516678,T2,77614,LC4,11,acetylcholine,22,29
150664,Tm4,77614,LC4,11,acetylcholine,16,8
142811,Tm3,77614,LC4,11,acetylcholine,17,8
110223,T2,77614,LC4,11,acetylcholine,8,25
104516,Tm2,77614,LC4,11,acetylcholine,18,8
85079,T2,77614,LC4,11,acetylcholine,19,8
71198,Tm4,77614,LC4,11,acetylcholine,20,8
527699,SAD064,24338,LC4,11,acetylcholine,4,13
78517,Tm4,24338,LC4,11,acetylcholine,21,8
63673,Tm3,24338,LC4,11,acetylcholine,22,8
62401,T2,24338,LC4,11,acetylcholine,18,2
48547,TmY3,24338,LC4,11,acetylcholine,22,20
44311,Y11,24338,LC4,11,glutamate,23,8
39692,TmY3,24338,LC4,11,acetylcholine,22,3
22328,LC4,24338,LC4,11,acetylcholine,26,21
13797,Li29,24338,LC4,11,gaba,8,29
580081,Tm4,18396,LC4,11,acetylcholine,8,28
148085,Tm3,18396,LC4,11,acetylcholine,24,8
85190,TmY3,18396,LC4,11,acetylcholine,0,11
64193,TmY3,18396,LC4,11,acetylcholine,27,7
61904,TmY3,18396,LC4,11,acetylcholine,16,5
79134,Tm3,22194,LC4,11,acetylcholine,25,8
76803,Tm4,22194,LC4,11,acetylcholine,26,8
66455,Tm2,22194,LC4,11,acetylcholine,27,8
64977,T2,22194,LC4,11,acetylcholine,17,2
57549,Tm2,22194,LC4,11,acetylcholine,28,8
47727,Tm2,22194,LC4,11,acetylcholine,29,8
107947,Tm4,23392,LC4,11,acetylcholine,30,8
94807,Tm4,23392,LC4,11,acetylcholine,31,8
75926,T2,23392,LC4,11,acetylcholine,0,9
73470,Tm2,23392,LC4,11,acetylcholine,1,9
73298,T2,23392,LC4,11,acetylcholine,2,9
70516,T2,23392,LC4,11,acetylcholine,3,9
66956,T2,23392,LC4,11,acetylcholine,4,9
13849,MeLo8,23392,LC4,11,gaba,29,21
11102,PVLP046,23392,LC4,11,gaba,20,4
72381,Tm4,21225,LC4,11,acetylcholine,5,9
69875,T2,21225,LC4,11,acetylcholine,25,12
68249,T2,21225,LC4,11,acetylcholine,28,15
65052,T2,21225,LC4,11,acetylcholine,28,31
64563,T2,21225,LC4,11,acetylcholine,6,9
64403,Tm4,21225,LC4,11,acetylcholine,7,9
63195,Tm4,21225,LC4,11,acetylcholine,30,15
62856,T2,21225,LC4,11,acetylcholine,8,9
62761,T2,21225,LC4,11,acetylcholine,9,28
61370,T2,21225,LC4,11,acetylcholine,9,9
24381,LC9,21225,LC4,11,acetylcholine,10,9
23906,LPLC1,21225,LC4,11,acetylcholine,11,9
20334,LPLC2,21225,LC4,11,acetylcholine,12,9
536020,Tm4,533129,LC4,11,acetylcholine,13,9
531217,Tm4,533129,LC4,11,acetylcholine,14,9
531218,T2,533129,LC4,11,acetylcholine,15,9
529915,Tm4,533129,LC4,11,acetylcholine,1,0
518773,Y11,533129,LC4,11,glutamate,16,9
518698,TmY3,533129,LC4,11,acetylcholine,19,29
516894,TmY3,533129,LC4,11,acetylcholine,7,8
513600,Tm4,533129,LC4,11,acetylcholine,17,9
29363,T2,533129,LC4,11,acetylcholine,18,9
23832,Li26,533129,LC4,11,gaba,13,19
17141,TmY3,533129,LC4,11,acetylcholine,6,20
13600,CB2664,533129,LC4,11,acetylcholine,10,21
12824,LC4,533129,LC4,11,acetylcholine,9,24
10158,LT56,533129,LC4,11,glutamate,31,5
85856,TmY3,25584,LC4,11,acetylcholine,26,18
73786,Tm4,25584,LC4,11,acetylcholine,19,9
71359,T2,25584,LC4,11,acetylcholine,9,15
65542,T2,25584,LC4,11,acetylcholine,19,24
63912,T2,25584,LC4,11,acetylcholine,9,8
16659,PVLP011,25584,LC4,11,gaba,11,20
535656,TmY3,28980,LC4,11,acetylcholine,26,13
535418,Tm4,28980,LC4,11,acetylcholine,20,9
535586,Tm4,28980,LC4,11,acetylcholine,20,24
523410,T2,28980,LC4,11,acetylcholine,21,9
512593,T2,28980,LC4,11,acetylcholine,22,9
149695,T2,28980,LC4,11,acetylcholine,23,9
85146,T2,28980,LC4,11,acetylcholine,24,17
40933,TmY3,28980,LC4,11,acetylcholine,21,6
27998,LC9,28980,LC4,11,acetylcholine,29,22
25438,SAD064,28980,LC4,11,acetylcholine,5,5
118886,T2,22328,LC4,11,acetylcholine,24,9
111198,Tm4,22328,LC4,11,acetylcholine,25,9
85412,T2,22328,LC4,11,acetylcholine,26,9
80275,Tm4,22328,LC4,11,acetylcholine,23,3
76038,Tm3,22328,LC4,11,acetylcholine,27,9
74819,T2,22328,LC4,11,acetylcholine,28,9
68694,Tm4,22328,LC4,11,acetylcholine,17,20
63190,T2,22328,LC4,11,acetylcholine,29,9
20588,LC4,22328,LC4,11,acetylcholine,30,9
20399,LC4,22328,LC4,11,acetylcholine,31,9
10051,Li39,22328,LC4,11,gaba,8,0
533986,TmY3,514956,LC4,11,acetylcholine,3,3
523705,Tm3,514956,LC4,11,acetylcholine,0,10
516659,Tm2,514956,LC4,11,acetylcholine,1,10
514870,Li25,514956,LC4,11,gaba,2,10
513904,SAD049,514956,LC4,11,acetylcholine,8,14
410217,Li26,514956,LC4,11,gaba,3,10
162762,Y12,514956,LC4,11,glutamate,4,10
120095,T2,514956,LC4,11,acetylcholine,10,11
102432,Tm4,514956,LC4,11,acetylcholine,5,10
67990,TmY3,514956,LC4,11,acetylcholine,8,6
49018,Li13,514956,LC4,11,gaba,6,10
45100,TmY3,514956,LC4,11,acetylcholine,7,4
22868,TmY19a,514956,LC4,11,gaba,7,10
18021,Tm2,514956,LC4,11,acetylcholine,8,10
519736,Tm2,29514,LC4,11,acetylcholine,9,10
514206,T2,29514,LC4,11,acetylcholine,10,10
126285,T2,29514,LC4,11,acetylcholine,2,6
123341,T2,29514,LC4,11,acetylcholine,11,10
106954,TmY3,29514,LC4,11,acetylcholine,11,24
83925,Tm2,29514,LC4,11,acetylcholine,12,10
69125,TmY3,29514,LC4,11,acetylcholine,1,11
12966,LoVC13,29514,LC4,11,gaba,0,1
86996,TmY3,22922,LC4,11,acetylcholine,0,3
71499,Tm4,22922,LC4,11,acetylcholine,13,10
13308,Li29,22922,LC4,11,gaba,14,19
532795,Tm4,517752,LC4,11,acetylcholine,0,20
529108,T2,517752,LC4,11,acetylcholine,14,10
49084,Tm2,517752,LC4,11,acetylcholine,15,10
37373,Tm4,517752,LC4,11,acetylcholine,16,10
12680,TmY19a,517752,LC4,11,gaba,9,9
10085,Am1,517752,LC4,11,gaba,28,1
107205,Tm3,21165,LC4,11,acetylcholine,17,10
75529,T2,21165,LC4,11,acetylcholine,23,26
74152,T2,21165,LC4,11,acetylcholine,18,10
74047,Tm4,21165,LC4,11,acetylcholine,19,10
59639,Tm2,21165,LC4,11,acetylcholine,20,10
54718,Tlp13,21165,LC4,11,glutamate,21,10
47842,TmY3,21165,LC4,11,acetylcholine,2,17
35563,Y12,21165,LC4,11,glutamate,18,20
25956,Li30,21165,LC4,11,gaba,9,8
15814,TmY19a,21165,LC4,11,gaba,26,26
14886,Li17,21165,LC4,11,gaba,27,3
95361,Tm4,16628,LC4,11,acetylcholine,11,3
86354,TmY3,16628,LC4,11,acetylcholine,14,5
81346,Tm2,16628,LC4,11,acetylcholine,22,10
73556,Tm4,16628,LC4,11,acetylcholine,23,10
67554,T2,16628,LC4,11,acetylcholine,13,31
66372,T2,16628,LC4,11,acetylcholine,24,10
66098,T2,16628,LC4,11,acetylcholine,0,11
65971,T2,16628,LC4,11,acetylcholine,25,10
65348,TmY3,16628,LC4,11,acetylcholine,8,19
64317,T2,16628,LC4,11,acetylcholine,29,15
64061,T2,16628,LC4,11,acetylcholine,11,19
61607,T2,16628,LC4,11,acetylcholine,26,10
58205,Tm2,16628,LC4,11,acetylcholine,27,10
53889,Tm2,16628,LC4,11,acetylcholine,28,10
50702,Tm2,16628,LC4,11,acetylcholine,29,10
50229,Tm2,16628,LC4,11,acetylcholine,30,10
30908,LC9,16628,LC4,11,acetylcholine,31,10
17926,LC4,16628,LC4,11,acetylcholine,5,11
14106,CB2664,16628,LC4,11,acetylcholine,4,17
96998,Tm37,519931,LC4,11,glutamate,0,11
61469,T2,519931,LC4,11,acetylcholine,1,11
55920,TmY3,519931,LC4,11,acetylcholine,25,20
38356,Tm4,519931,LC4,11,acetylcholine,2,11
23916,Li26,519931,LC4,11,gaba,19,29
23875,Li26,519931,LC4,11,gaba,13,21
19454,PVLP024,519931,LC4,11,gaba,3,11
549895,Tlp13,18478,LC4,11,glutamate,3,11
542452,T2,18478,LC4,11,acetylcholine,4,11
532292,Tm4,18478,LC4,11,acetylcholine,5,11
524038,T2,18478,LC4,11,acetylcholine,6,11
516909,LC4,18478,LC4,11,acetylcholine,14,3
155664,T2,18478,LC4,11,acetylcholine,7,11
134038,T2,18478,LC4,11,acetylcholine,8,11
93711,Tm4,18478,LC4,11,acetylcholine,9,11
93152,Tm4,18478,LC4,11,acetylcholine,10,11
87129,T2,18478,LC4,11,acetylcholine,11,11
74390,Tm37,18478,LC4,11,glutamate,12,11
56485,TmY3,18478,LC4,11,acetylcholine,23,4
52400,TmY3,18478,LC4,11,acetylcholine,1,8
49293,T2,18478,LC4,11,acetylcholine,13,11
31672,Li25,18478,LC4,11,gaba,14,11
15263,Li28,18478,LC4,11,gaba,3,2
523564,PVLP011,27624,LC4,11,gaba,14,16
516931,TmY3,27624,LC4,11,acetylcholine,20,12
126764,T2,27624,LC4,11,acetylcholine,15,11
126472,TmY3,27624,LC4,11,acetylcholine,16,11
102828,TmY3,27624,LC4,11,acetylcholine,5,23
74747,T2,27624,LC4,11,acetylcholine,17,11
43059,LC9,27624,LC4,11,acetylcholine,18,11
23728,T2,27624,LC4,11,acetylcholine,19,11
16475,PVLP024,27624,LC4,11,gaba,20,7
91046,T2,20282,LC4,11,acetylcholine,20,11
82311,Tm3,20282,LC4,11,acetylcholine,21,11
79830,T2,20282,LC4,11,acetylcholine,22,11
73797,T2,20282,LC4,11,acetylcholine,18,6
71087,T2,20282,LC4,11,acetylcholine,23,11
68731,Tm2,20282,LC4,11,acetylcholine,24,11
68067,T2,20282,LC4,11,acetylcholine,25,11
67242,Tm4,20282,LC4,11,acetylcholine,26,11
67216,T2,20282,LC4,11,acetylcholine,31,1
61246,TmY3,20282,LC4,11,acetylcholine,20,30
54197,TmY3,20282,LC4,11,acetylcholine,18,26
52491,Tm2,20282,LC4,11,acetylcholine,27,11
15095,MeLo8,20282,LC4,11,gaba,20,6
13850,Li29,20282,LC4,11,gaba,28,11
10480,MeVP53,20282,LC4,11,gaba,11,7
542766,T2,81112,LC4,11,acetylcholine,31,20
96019,T2,81112,LC4,11,acetylcholine,29,11
82783,T2,81112,LC4,11,acetylcholine,30,11
56891,TmY3,81112,LC4,11,acetylcholine,18,2
40366,Li14,81112,LC4,11,glutamate,31,11
23639,Tm4,81112,LC4,11,acetylcholine,0,12
13846,Li29,81112,LC4,11,gaba,23,21
83283,Tm4,26112,LC4,11,acetylcholine,1,12
82318,Tm4,26112,LC4,11,acetylcholine,2,12
81487,Tm4,26112,LC4,11,acetylcholine,3,12
79769,Tm4,26112,LC4,11,acetylcholine,4,12
76371,T2,26112,LC4,11,acetylcholine,15,29
53236,TmY3,26112,LC4,11,acetylcholine,26,20
30480,LC4,26112,LC4,11,acetylcholine,9,24
68453,Tm4,21336,LC4,11,acetylcholine,5,12
68151,T2,21336,LC4,11,acetylcholine,6,12
49930,TmY3,21336,LC4,11,acetylcholine,26,30
49827,Tm2,21336,LC4,11,acetylcholine,7,12
48997,Tm2,21336,LC4,11,acetylcholine,8,12
38038,Tlp12,21336,LC4,11,glutamate,2,13
13588,Li30,21336,LC4,11,gaba,12,1
517193,LoVC7,23792,LC4,11,gaba,1,1
87800,Tm4,23792,LC4,11,acetylcholine,9,12
86119,T2,23792,LC4,11,acetylcholine,16,17
83937,T2,23792,LC4,11,acetylcholine,10,12
83283,Tm4,23792,LC4,11,acetylcholine,1,12
77536,T2,23792,LC4,11,acetylcholine,24,3
55730,TmY3,23792,LC4,11,acetylcholine,1,14
53236,TmY3,23792,LC4,11,acetylcholine,26,20
41741,Y13,23792,LC4,11,glutamate,11,12
34212,Li25,23792,LC4,11,gaba,12,12
542051,T2,14888,LC4,11,acetylcholine,0,21
535402,TmY3,14888,LC4,11,acetylcholine,0,23
530122,Tm4,14888,LC4,11,acetylcholine,13,12
515900,LC4,14888,LC4,11,acetylcholine,0,23
68620,Tm4,14888,LC4,11,acetylcholine,14,12
67059,Tm4,14888,LC4,11,acetylcholine,15,12
32366,LC9,14888,LC4,11,acetylcholine,19,6
31816,Tm4,14888,LC4,11,acetylcholine,29,28
29313,Tm2,14888,LC4,11,acetylcholine,25,2
21616,Tm3,14888,LC4,11,acetylcholine,16,12
13600,CB2664,14888,LC4,11,acetylcholine,10,21
532554,Tm4,519650,LC4,11,acetylcholine,17,12
514407,Li29,519650,LC4,11,gaba,1,23
77086,T2,519650,LC4,11,acetylcholine,18,12
22922,LC4,519650,LC4,11,acetylcholine,17,3
11102,PVLP046,519650,LC4,11,gaba,20,4
135985,LC9,518730,LC4,11,acetylcholine,2,5
73010,T2,518730,LC4,11,acetylcholine,19,12
60580,Tlp12,518730,LC4,11,glutamate,20,12
14979,MeLo8,518730,LC4,11,gaba,23,13
11102,PVLP046,518730,LC4,11,gaba,20,4
530902,T2,29417,LC4,11,acetylcholine,21,12
524172,TmY3,29417,LC4,11,acetylcholine,19,7
521503,TmY3,29417,LC4,11,acetylcholine,18,5
513270,Tm2,29417,LC4,11,acetylcholine,22,12
10611,Li39,29417,LC4,11,gaba,15,0
531120,Tm3,12824,LC4,11,acetylcholine,23,12
518885,TmY3,12824,LC4,11,acetylcholine,25,14
518751,Tm2,12824,LC4,11,acetylcholine,24,12
516548,Tm4,12824,LC4,11,acetylcholine,25,12
63439,Tm4,12824,LC4,11,acetylcholine,26,12
50720,TmY3,12824,LC4,11,acetylcholine,4,7
48537,Tm37,12824,LC4,11,glutamate,27,12
31593,Li25,12824,LC4,11,gaba,28,12
21282,LPLC1,12824,LC4,11,acetylcholine,18,10
15261,CB2664,12824,LC4,11,acetylcholine,5,0
13524,MeLo8,12824,LC4,11,gaba,22,16
547705,T2,527408,LC4,11,acetylcholine,21,31
539413,LT56,527408,LC4,11,glutamate,4,14
76324,T2,527408,LC4,11,acetylcholine,29,12
75263,Tm4,527408,LC4,11,acetylcholine,30,12
69115,Tm4,527408,LC4,11,acetylcholine,31,12
64913,T2,527408,LC4,11,acetylcholine,3,2
44141,Tlp14,527408,LC4,11,glutamate,0,13
33474,SAD049,527408,LC4,11,acetylcholine,24,18
14778,MeLo8,527408,LC4,11,gaba,30,22
12468,LoVC13,527408,LC4,11,gaba,14,7
171561,T2,12032,LC4,11,acetylcholine,1,13
155664,T2,12032,LC4,11,acetylcholine,7,11
109646,Tm4,12032,LC4,11,acetylcholine,12,12
100485,LC4,12032,LC4,11,acetylcholine,23,20
93152,Tm4,12032,LC4,11,acetylcholine,10,11
88576,T2,12032,LC4,11,acetylcholine,2,13
69442,TmY3,12032,LC4,11,acetylcholine,27,17
54547,TmY3,12032,LC4,11,acetylcholine,20,8
50357,Y3,12032,LC4,11,acetylcholine,3,13
539710,T2,111787,LC4,11,acetylcholine,4,13
534236,TmY3,111787,LC4,11,acetylcholine,24,6
532612,T2,111787,LC4,11,acetylcholine,15,10
54807,TmY3,111787,LC4,11,acetylcholine,19,10
45157,T2,111787,LC4,11,acetylcholine,6,15
41569,T2,111787,LC4,11,acetylcholine,5,13
15263,Li28,111787,LC4,11,gaba,3,2
522925,TmY3,35262,LC4,11,acetylcholine,19,14
520100,TmY3,35262,LC4,11,acetylcholine,28,18
518214,TmY3,35262,LC4,11,acetylcholine,3,18
514455,TmY3,35262,LC4,11,acetylcholine,15,14
99943,Tm4,35262,LC4,11,acetylcholine,14,28
78444,T2,35262,LC4,11,acetylcholine,6,13
13875,MeLo8,35262,LC4,11,gaba,25,4
531168,T2,23202,LC4,11,acetylcholine,7,13
109422,T2,23202,LC4,11,acetylcholine,8,13
64737,Tm4,23202,LC4,11,acetylcholine,9,13
36247,TmY3,23202,LC4,11,acetylcholine,7,20
15261,CB2664,23202,LC4,11,acetylcholine,5,0
14979,MeLo8,23202,LC4,11,gaba,23,13
12824,LC4,23202,LC4,11,acetylcholine,9,24
86668,T2,17054,LC4,11,acetylcholine,6,19
67112,Tm2,17054,LC4,11,acetylcholine,10,13
66336,T2,17054,LC4,11,acetylcholine,17,21
62982,T2,17054,LC4,11,acetylcholine,15,21
61926,T2,17054,LC4,11,acetylcholine,23,19
59880,Tm3,17054,LC4,11,acetylcholine,11,13
50455,Tm2,17054,LC4,11,acetylcholine,12,13
20310,TmY19a,17054,LC4,11,gaba,13,13
13797,Li29,17054,LC4,11,gaba,8,29
99219,Tm4,16128,LC4,11,acetylcholine,17,23
71505,T2,16128,LC4,11,acetylcholine,14,13
67673,Tm4,16128,LC4,11,acetylcholine,15,13
67473,Tm4,16128,LC4,11,acetylcholine,16,13
66334,T2,16128,LC4,11,acetylcholine,17,13
61197,T2,16128,LC4,11,acetylcholine,31,29
49340,TmY3,16128,LC4,11,acetylcholine,24,1
47767,Tm2,16128,LC4,11,acetylcholine,18,13
44752,Tm2,16128,LC4,11,acetylcholine,19,13
36567,TmY3,16128,LC4,11,acetylcholine,30,8
34704,Tlp13,16128,LC4,11,glutamate,20,13
33052,LC9,16128,LC4,11,acetylcholine,21,13
20508,LPLC1,16128,LC4,11,acetylcholine,22,13
113802,T2,21804,LC4,11,acetylcholine,23,13
97725,T2,21804,LC4,11,acetylcholine,24,13
86520,T2,21804,LC4,11,acetylcholine,30,8
78806,TmY3,21804,LC4,11,acetylcholine,15,22
78704,Tm4,21804,LC4,11,acetylcholine,25,13
77979,T2,21804,LC4,11,acetylcholine,2,9
72474,TmY3,21804,LC4,11,acetylcholine,26,13
67555,Tm2,21804,LC4,11,acetylcholine,27,13
42484,Li13,21804,LC4,11,gaba,3,16
40523,Tlp12,21804,LC4,11,glutamate,28,13
28566,TmY19a,21804,LC4,11,gaba,29,13
133985,TmY18,20016,LC4,11,acetylcholine,30,13
124702,Tm4,20016,LC4,11,acetylcholine,14,23
114204,Tm4,20016,LC4,11,acetylcholine,31,13
87579,T2,20016,LC4,11,acetylcholine,0,14
86494,T2,20016,LC4,11,acetylcholine,31,24
45421,TmY3,20016,LC4,11,acetylcholine,8,21
17860,LC4,20016,LC4,11,acetylcholine,27,0
13797,Li29,20016,LC4,11,gaba,8,29
534823,Tm2,15018,LC4,11,acetylcholine,1,14
520375,Li_unclear,15018,LC4,11,gaba,6,28
133236,T2,15018,LC4,11,acetylcholine,2,14
103876,Tm4,15018,LC4,11,acetylcholine,3,14
102674,T2,15018,LC4,11,acetylcholine,25,15
75290,TmY3,15018,LC4,11,acetylcholine,29,14
71616,T2,15018,LC4,11,acetylcholine,3,8
61022,T2,15018,LC4,11,acetylcholine,4,14
43160,Li_unclear,15018,LC4,11,gaba,26,15
26871,Tlp12,15018,LC4,11,glutamate,26,16
16459,PVLP024,15018,LC4,11,gaba,5,15
11102,PVLP046,15018,LC4,11,gaba,20,4
80376,TmY3,19260,LC4,11,acetylcholine,23,21
74884,TmY3,19260,LC4,11,acetylcholine,2,12
72283,Tm4,19260,LC4,11,acetylcholine,11,21
50681,Tm2,19260,LC4,11,acetylcholine,5,14
49788,TmY3,19260,LC4,11,acetylcholine,12,19
47240,TmY3,19260,LC4,11,acetylcholine,28,22
24886,LC9,19260,LC4,11,acetylcholine,29,22
22139,LC9,19260,LC4,11,acetylcholine,21,27
546550,TmY3,514508,LC4,11,acetylcholine,24,18
149537,T2,514508,LC4,11,acetylcholine,6,14
102044,Tm4,514508,LC4,11,acetylcholine,7,14
82367,Tm4,514508,LC4,11,acetylcholine,21,28
18140,TmY19b,514508,LC4,11,gaba,5,8
10085,Am1,514508,LC4,11,gaba,28,1
537017,Li15,19550,LC4,11,gaba,8,14
66164,T2,19550,LC4,11,acetylcholine,9,14
63103,Tm4,19550,LC4,11,acetylcholine,10,14
62822,TmY3,19550,LC4,11,acetylcholine,3,10
58167,TmY3,19550,LC4,11,acetylcholine,7,16
56254,T2,19550,LC4,11,acetylcholine,11,14
51981,TmY3,19550,LC4,11,acetylcholine,30,16
51889,Tm2,19550,LC4,11,acetylcholine,12,14
27194,PVLP046,19550,LC4,11,gaba,18,3
19954,LC4,19550,LC4,11,acetylcholine,19,27
18428,TmY19b,19550,LC4,11,gaba,13,14
13850,Li29,19550,LC4,11,gaba,28,11
115430,TmY18,21151,LC4,11,acetylcholine,14,14
99768,T2,21151,LC4,11,acetylcholine,15,14
92349,T2,21151,LC4,11,acetylcholine,16,14
88360,T2,21151,LC4,11,acetylcholine,17,14
86612,T2,21151,LC4,11,acetylcholine,18,14
84996,Tm4,21151,LC4,11,acetylcholine,19,14
84843,Tm3,21151,LC4,11,acetylcholine,20,14
81341,Tm4,21151,LC4,11,acetylcholine,21,14
74498,Tm4,21151,LC4,11,acetylcholine,22,14
73027,Tm4,21151,LC4,11,acetylcholine,23,14
72904,Tm4,21151,LC4,11,acetylcholine,24,14
53838,Tlp12,21151,LC4,11,glutamate,25,14
31779,Li25,21151,LC4,11,gaba,26,14
24269,Li26,21151,LC4,11,gaba,25,26
22790,LPLC1,21151,LC4,11,acetylcholine,0,26
19924,CB2664,21151,LC4,11,acetylcholine,30,26
535417,Tm3,518544,LC4,11,acetylcholine,27,14
78836,Tm4,518544,LC4,11,acetylcholine,28,14
118949,Tm4,19420,LC4,11,acetylcholine,29,14
113874,Tm4,19420,LC4,11,acetylcholine,30,14
109907,Tm4,19420,LC4,11,acetylcholine,31,14
79523,T2,19420,LC4,11,acetylcholine,10,12
76580,T2,19420,LC4,11,acetylcholine,0,15
76331,T2,19420,LC4,11,acetylcholine,1,15
71987,Tm4,19420,LC4,11,acetylcholine,15,15
70710,T2,19420,LC4,11,acetylcholine,2,15
67942,TmY3,19420,LC4,11,acetylcholine,9,11
12237,SAD055,19420,LC4,11,acetylcholine,24,31
10051,Li39,19420,LC4,11,gaba,8,0
134149,T2,107513,LC4,11,acetylcholine,3,15
95829,Tm4,107513,LC4,11,acetylcholine,4,15
87766,Tm2,107513,LC4,11,acetylcholine,11,22
67994,Tm2,107513,LC4,11,acetylcholine,5,15
81415,T2,20542,LC4,11,acetylcholine,6,15
80567,TmY3,20542,LC4,11,acetylcholine,3,1
73298,T2,20542,LC4,11,acetylcholine,2,9
73069,T2,20542,LC4,11,acetylcholine,7,15
72246,T2,20542,LC4,11,acetylcholine,8,15
65034,T2,20542,LC4,11,acetylcholine,9,15
51089,Tm2,20542,LC4,11,acetylcholine,10,15
50871,TmY3,20542,LC4,11,acetylcholine,10,17
42006,TmY3,20542,LC4,11,acetylcholine,14,17
13849,MeLo8,20542,LC4,11,gaba,29,21
84981,T2,29563,LC4,11,acetylcholine,9,17
79189,T2,29563,LC4,11,acetylcholine,29,1
71063,T2,29563,LC4,11,acetylcholine,11,15
68358,T2,29563,LC4,11,acetylcholine,12,15
65293,T2,29563,LC4,11,acetylcholine,13,15
64882,T2,29563,LC4,11,acetylcholine,14,15
53979,Tm2,29563,LC4,11,acetylcholine,15,15
51064,Tm2,29563,LC4,11,acetylcholine,16,15
49402,Tm2,29563,LC4,11,acetylcholine,17,15
28945,LC4,29563,LC4,11,acetylcholine,11,3
15665,SAD064,29563,LC4,11,acetylcholine,25,24
98395,Tm4,17364,LC4,11,acetylcholine,18,15
95793,T2,17364,LC4,11,acetylcholine,19,15
95588,T2,17364,LC4,11,acetylcholine,16,21
95175,T2,17364,LC4,11,acetylcholine,20,15
74578,TmY3,17364,LC4,11,acetylcholine,23,1
70749,T2,17364,LC4,11,acetylcholine,21,15
55692,TmY3,17364,LC4,11,acetylcholine,11,30
53114,Tm37,17364,LC4,11,glutamate,22,15
50429,Li14,17364,LC4,11,glutamate,23,15
16545,Li28,17364,LC4,11,gaba,30,0
16475,PVLP024,17364,LC4,11,gaba,20,7
14462,MeLo8,17364,LC4,11,gaba,17,2
531862,LT41,37587,LC4,11,gaba,31,3
519481,T2,37587,LC4,11,acetylcholine,6,15
516675,TmY3,37587,LC4,11,acetylcholine,21,31
512951,TmY3,37587,LC4,11,acetylcholine,28,10
88927,Tm4,37587,LC4,11,acetylcholine,24,15
60941,TmY3,37587,LC4,11,acetylcholine,23,25
38019,LC9,37587,LC4,11,acetylcholine,25,15
18396,LC4,37587,LC4,11,acetylcholine,20,31
16283,TmY19b,37587,LC4,11,gaba,26,15
13485,MeLo8,37587,LC4,11,gaba,29,11
543010,TmY3,530029,LC4,11,acetylcholine,8,20
527080,Tm4,530029,LC4,11,acetylcholine,27,15
131118,TmY3,530029,LC4,11,acetylcholine,28,15
83690,Tm3,530029,LC4,11,acetylcholine,29,15
59936,T2,530029,LC4,11,acetylcholine,1,17
48118,TmY19a,530029,LC4,11,gaba,16,5
32626,T2,530029,LC4,11,acetylcholine,30,15
22868,TmY19a,530029,LC4,11,gaba,7,10
22735,T2,530029,LC4,11,acetylcholine,21,12
101029,Tm4,16138,LC4,11,acetylcholine,31,15
69916,T2,16138,LC4,11,acetylcholine,20,22
64999,Tm4,16138,LC4,11,acetylcholine,0,16
56762,TmY3,16138,LC4,11,acetylcholine,23,20
52485,TmY3,16138,LC4,11,acetylcholine,30,3
52328,TmY3,16138,LC4,11,acetylcholine,19,18
27916,LC9,16138,LC4,11,acetylcholine,18,8
23389,Tlp14,16138,LC4,11,glutamate,1,16
14528,MeLo8,16138,LC4,11,gaba,0,17
10730,LoVC21,16138,LC4,11,gaba,31,0
80376,TmY3,18127,LC4,11,acetylcholine,23,21
76015,T2,18127,LC4,11,acetylcholine,2,16
71576,Tm4,18127,LC4,11,acetylcholine,3,16
65988,T2,18127,LC4,11,acetylcholine,4,16
65352,Tm4,18127,LC4,11,acetylcholine,5,16
62488,T2,18127,LC4,11,acetylcholine,15,31
50887,Tm2,18127,LC4,11,acetylcholine,6,16
19924,CB2664,18127,LC4,11,acetylcholine,30,26
13376,Li30,18127,LC4,11,gaba,10,0
539949,TmY3,100485,LC4,11,acetylcholine,1,28
89465,T2,100485,LC4,11,acetylcholine,28,14
73245,T2,100485,LC4,11,acetylcholine,7,16
34129,TmY3,100485,LC4,11,acetylcholine,0,19
97974,Tm4,21313,LC4,11,acetylcholine,8,16
69692,T2,21313,LC4,11,acetylcholine,9,16
69558,T2,21313,LC4,11,acetylcholine,6,9
68811,Tm2,21313,LC4,11,acetylcholine,10,16
65751,Tm4,21313,LC4,11,acetylcholine,1,31
61787,T2,21313,LC4,11,acetylcholine,11,16
54885,TmY3,21313,LC4,11,acetylcholine,29,28
20016,LC4,21313,LC4,11,acetylcholine,12,16
517193,LoVC7,20808,LC4,10,gaba,1,1
113243,Tm4,20808,LC4,10,acetylcholine,13,16
75318,T2,20808,LC4,10,acetylcholine,22,16
71644,Tm4,20808,LC4,10,acetylcholine,14,16
70956,Tm4,20808,LC4,10,acetylcholine,15,16
69090,T2,20808,LC4,10,acetylcholine,16,16
66729,T2,20808,LC4,10,acetylcholine,17,16
65803,T2,20808,LC4,10,acetylcholine,18,16
64022,T2,20808,LC4,10,acetylcholine,19,16
61842,T2,20808,LC4,10,acetylcholine,20,16
61768,T2,20808,LC4,10,acetylcholine,21,16
56762,TmY3,20808,LC4,10,acetylcholine,23,20
53079,Tm2,20808,LC4,10,acetylcholine,22,16
47993,Tm2,20808,LC4,10,acetylcholine,23,24
30923,TmY3,20808,LC4,10,acetylcholine,27,31
27916,LC9,20808,LC4,10,acetylcholine,18,8
24173,Tlp14,20808,LC4,10,glutamate,23,16
20434,PVLP046,20808,LC4,10,gaba,0,21
91119,Tm4,22966,LC4,10,acetylcholine,24,16
90932,T2,22966,LC4,10,acetylcholine,22,15
82659,T2,22966,LC4,10,acetylcholine,15,14
80935,T2,22966,LC4,10,acetylcholine,30,14
74442,Tm3,22966,LC4,10,acetylcholine,25,16
74297,T2,22966,LC4,10,acetylcholine,26,16
74162,Tm4,22966,LC4,10,acetylcholine,1,10
69630,Tm4,22966,LC4,10,acetylcholine,27,16
64882,T2,22966,LC4,10,acetylcholine,14,15
62104,Y14,22966,LC4,10,glutamate,28,16
59140,Tm2,22966,LC4,10,acetylcholine,29,16
51652,TmY3,22966,LC4,10,acetylcholine,14,23
26046,TmY19a,22966,LC4,10,gaba,30,16
23929,LC4,22966,LC4,10,acetylcholine,9,25
540500,T2,520449,LC4,10,acetylcholine,31,16
530419,Tm4,520449,LC4,10,acetylcholine,0,17
527154,Tm3,520449,LC4,10,acetylcholine,1,17
526184,TmY3,520449,LC4,10,acetylcholine,23,9
73084,T2,520449,LC4,10,acetylcholine,2,17
46478,Tm2,520449,LC4,10,acetylcholine,3,17
45590,T2,520449,LC4,10,acetylcholine,8,14
38700,Tm2,520449,LC4,10,acetylcholine,4,17
15263,Li28,520449,LC4,10,gaba,3,2
559048,T2,511914,LC4,10,acetylcholine,5,17
519090,TmY3,511914,LC4,10,acetylcholine,16,2
514238,Tm4,511914,LC4,10,acetylcholine,6,17
104824,T2,511914,LC4,10,acetylcholine,7,17
74134,T2,511914,LC4,10,acetylcholine,8,17
32078,TmY3,511914,LC4,10,acetylcholine,2,15
28478,Tm2,511914,LC4,10,acetylcholine,9,17
14979,MeLo8,511914,LC4,10,gaba,23,13
14690,TmY19a,511914,LC4,10,gaba,10,17
547651,T2,17987,LC4,10,acetylcholine,9,21
105754,T2,17987,LC4,10,acetylcholine,11,17
100227,Tm4,17987,LC4,10,acetylcholine,12,17
96104,T2,17987,LC4,10,acetylcholine,13,17
88756,T2,17987,LC4,10,acetylcholine,14,17
85803,Tm4,17987,LC4,10,acetylcholine,15,17
79112,Tm4,17987,LC4,10,acetylcholine,16,17
77955,T2,17987,LC4,10,acetylcholine,17,17
77580,Tm4,17987,LC4,10,acetylcholine,18,17
76720,T2,17987,LC4,10,acetylcholine,17,6
76099,Tm4,17987,LC4,10,acetylcholine,19,17
74450,T2,17987,LC4,10,acetylcholine,20,17
73259,Tm2,17987,LC4,10,acetylcholine,21,17
71490,Tm3,17987,LC4,10,acetylcholine,22,17
71097,Tm2,17987,LC4,10,acetylcholine,23,17
63709,T2,17987,LC4,10,acetylcholine,3,31
59303,TmY3,17987,LC4,10,acetylcholine,2,19
53473,Tm2,17987,LC4,10,acetylcholine,24,17
123304,Tm4,19543,LC4,10,acetylcholine,25,17
84930,Tm4,19543,LC4,10,acetylcholine,26,17
83507,Tm3,19543,LC4,10,acetylcholine,27,17
79830,T2,19543,LC4,10,acetylcholine,22,11
71942,T2,19543,LC4,10,acetylcholine,8,8
70792,T2,19543,LC4,10,acetylcholine,28,17
70455,Tm4,19543,LC4,10,acetylcholine,29,17
58902,Tm2,19543,LC4,10,acetylcholine,30,17
51199,T2,19543,LC4,10,acetylcholine,31,17
21444,Tlp14,19543,LC4,10,glutamate,8,9
15909,Li28,19543,LC4,10,gaba,27,0
15281,Li17,19543,LC4,10,gaba,0,15
96024,Tm4,28945,LC4,10,acetylcholine,6,22
93692,Tm3,28945,LC4,10,acetylcholine,0,18
89526,T2,28945,LC4,10,acetylcholine,9,3
84451,Tm3,28945,LC4,10,acetylcholine,1,18
81054,T2,28945,LC4,10,acetylcholine,2,18
72612,T2,28945,LC4,10,acetylcholine,3,18
66339,Tm2,28945,LC4,10,acetylcholine,4,18
63541,Tm2,28945,LC4,10,acetylcholine,5,18
55674,TmY3,28945,LC4,10,acetylcholine,27,6
46876,Y12,28945,LC4,10,glutamate,6,18
31371,LC9,28945,LC4,10,acetylcholine,10,29
29563,LC4,28945,LC4,10,acetylcholine,28,5
16325,TmY19b,28945,LC4,10,gaba,17,0
124455,Tm4,19634,LC4,10,acetylcholine,7,18
115074,Tm4,19634,LC4,10,acetylcholine,8,18
98289,Tm3,19634,LC4,10,acetylcholine,9,18
86979,T2,19634,LC4,10,acetylcholine,9,27
78994,Tm4,19634,LC4,10,acetylcholine,10,18
76778,Tm4,19634,LC4,10,acetylcholine,11,31
75085,T2,19634,LC4,10,acetylcholine,31,5
72561,Tm4,19634,LC4,10,acetylcholine,27,19
70806,T2,19634,LC4,10,acetylcholine,11,18
55198,TmY3,19634,LC4,10,acetylcholine,9,31
32394,Li25,19634,LC4,10,gaba,17,27
12237,SAD055,19634,LC4,10,acetylcholine,24,31
10051,Li39,19634,LC4,10,gaba,8,0
537017,Li15,17548,LC4,10,gaba,8,14
80643,Tm4,17548,LC4,10,acetylcholine,12,18
73566,TmY3,17548,LC4,10,acetylcholine,13,18
71143,Tm4,17548,LC4,10,acetylcholine,14,18
39728,Tlp12,17548,LC4,10,glutamate,15,18
30227,Tlp14,17548,LC4,10,glutamate,16,18
21429,Li26,17548,LC4,10,gaba,16,21
16475,PVLP024,17548,LC4,10,gaba,20,7
539491,Tm4,21721,LC4,10,acetylcholine,2,28
86517,Tm3,21721,LC4,10,acetylcholine,17,18
56202,Tm37,21721,LC4,10,glutamate,18,18
54973,Tm4,21721,LC4,10,acetylcholine,17,15
22257,PVLP046,21721,LC4,10,gaba,16,12
18140,TmY19b,21721,LC4,10,gaba,5,8
17478,LC4,21721,LC4,10,acetylcholine,0,10
13408,MeLo8,21721,LC4,10,gaba,15,5
12242,SAD055,21721,LC4,10,acetylcholine,22,8
560312,T2,16917,LC4,10,acetylcholine,19,18
532696,Tm3,16917,LC4,10,acetylcholine,20,18
532782,T2,16917,LC4,10,acetylcholine,21,18
530200,Tm4,16917,LC4,10,acetylcholine,22,18
527450,Tlp12,16917,LC4,10,glutamate,13,17
522958,Tm3,16917,LC4,10,acetylcholine,23,18
521516,Li30,16917,LC4,10,gaba,27,15
120803,T2,16917,LC4,10,acetylcholine,11,9
77051,Tm37,16917,LC4,10,glutamate,24,18
25607,PVLP046,16917,LC4,10,gaba,12,3
10776,LoVC7,16917,LC4,10,gaba,2,1
533222,T2,532254,LC4,10,acetylcholine,4,6
521610,Li25,532254,LC4,10,gaba,1,27
169771,T2,532254,LC4,10,acetylcholine,25,18
140058,T2,532254,LC4,10,acetylcholine,14,5
100656,Tm4,532254,LC4,10,acetylcholine,26,18
59166,Tm4,532254,LC4,10,acetylcholine,27,18
46491,Tm3,532254,LC4,10,acetylcholine,28,18
28656,LPLC1,532254,LC4,10,acetylcholine,12,10
23875,Li26,532254,LC4,10,gaba,13,21
11102,PVLP046,532254,LC4,10,gaba,20,4
518687,T2,18432,LC4,10,acetylcholine,29,18
512705,LC4,18432,LC4,10,acetylcholine,30,18
84924,Tm3,18432,LC4,10,acetylcholine,31,18
80055,Tm3,18432,LC4,10,acetylcholine,0,19
77820,Tm4,18432,LC4,10,acetylcholine,28,12
63546,TmY3,18432,LC4,10,acetylcholine,17,28
54459,Tm2,18432,LC4,10,acetylcholine,1,19
48662,TmY3,18432,LC4,10,acetylcholine,2,10
26831,Y11,18432,LC4,10,glutamate,2,19
543000,T2,16809,LC4,10,acetylcholine,3,19
115562,Tm3,16809,LC4,10,acetylcholine,4,19
88306,Tm4,16809,LC4,10,acetylcholine,5,19
78214,T2,16809,LC4,10,acetylcholine,7,20
58541,TmY3,16809,LC4,10,acetylcholine,6,19
48278,Tlp12,16809,LC4,10,glutamate,3,24
24806,TmY19b,16809,LC4,10,gaba,7,19
22619,Tm2,16809,LC4,10,acetylcholine,8,19
15091,MeLo8,16809,LC4,10,gaba,6,10
104144,T2,19954,LC4,10,acetylcholine,17,24
69633,T2,19954,LC4,10,acetylcholine,9,19
68493,T2,19954,LC4,10,acetylcholine,10,19
65307,T2,19954,LC4,10,acetylcholine,11,19
64855,T2,19954,LC4,10,acetylcholine,12,19
63747,T2,19954,LC4,10,acetylcholine,15,11
62562,T2,19954,LC4,10,acetylcholine,13,19
61550,T2,19954,LC4,10,acetylcholine,14,19
49894,TmY3,19954,LC4,10,acetylcholine,5,10
30007,Li15,19954,LC4,10,gaba,15,19
23616,LC9,19954,LC4,10,acetylcholine,31,14
16659,PVLP011,19954,LC4,10,gaba,11,20
16128,LC4,19954,LC4,10,acetylcholine,18,2
16033,Li28,19954,LC4,10,gaba,6,0
11394,Li16,19954,LC4,10,glutamate,20,27
11102,PVLP046,19954,LC4,10,gaba,20,4
88351,Tm2,17668,LC4,10,acetylcholine,16,19
86769,T2,17668,LC4,10,acetylcholine,2,12
81170,T2,17668,LC4,10,acetylcholine,17,19
74498,Tm4,17668,LC4,10,acetylcholine,22,14
65971,T2,17668,LC4,10,acetylcholine,25,10
54040,Tm2,17668,LC4,10,acetylcholine,18,19
53659,TmY3,17668,LC4,10,acetylcholine,8,31
17939,PVLP046,17668,LC4,10,gaba,1,19
534244,Tm4,20859,LC4,10,acetylcholine,19,19
519934,Li25,20859,LC4,10,gaba,3,3
516894,TmY3,20859,LC4,10,acetylcholine,7,8
516875,TmY3,20859,LC4,10,acetylcholine,6,5
515850,T2,20859,LC4,10,acetylcholine,22,1
512601,Tm4,20859,LC4,10,acetylcholine,23,1
511894,Li15,20859,LC4,10,gaba,20,19
111123,T2,20859,LC4,10,acetylcholine,21,19
108613,Tm4,20859,LC4,10,acetylcholine,22,19
58425,Tm4,20859,LC4,10,acetylcholine,23,19
44603,Tm4,20859,LC4,10,acetylcholine,10,6
24747,TmY3,20859,LC4,10,acetylcholine,24,19
23202,LC4,20859,LC4,10,acetylcholine,10,14
15428,Li26,20859,LC4,10,gaba,11,6
96284,Tm4,38065,LC4,10,acetylcholine,26,14
96164,Tm4,38065,LC4,10,acetylcholine,25,19
76324,T2,38065,LC4,10,acetylcholine,29,12
68404,T2,38065,LC4,10,acetylcholine,31,19
66871,T2,38065,LC4,10,acetylcholine,26,19
54132,Tm2,38065,LC4,10,acetylcholine,27,19
52051,TmY3,38065,LC4,10,acetylcholine,29,17
32613,Li25,38065,LC4,10,gaba,28,19
22324,LPLC1,38065,LC4,10,acetylcholine,29,19
562292,T2,27829,LC4,10,acetylcholine,30,19
547593,T2,27829,LC4,10,acetylcholine,25,26
530754,TmY3,27829,LC4,10,acetylcholine,8,7
530648,TmY3,27829,LC4,10,acetylcholine,0,29
106305,T2,27829,LC4,10,acetylcholine,31,19
70167,Li17,27829,LC4,10,gaba,23,6
28802,Li26,27829,LC4,10,gaba,0,20
23275,T2,27829,LC4,10,acetylcholine,1,20
17939,PVLP046,27829,LC4,10,gaba,1,19
14209,Li28,27829,LC4,10,gaba,7,1
12349,LC4,27829,LC4,10,acetylcholine,2,20
101001,Tm4,17926,LC4,10,acetylcholine,3,20
77232,T2,17926,LC4,10,acetylcholine,4,20
66593,Tm4,17926,LC4,10,acetylcholine,5,20
66334,T2,17926,LC4,10,acetylcholine,17,13
64539,Tm3,17926,LC4,10,acetylcholine,6,20
64050,T2,17926,LC4,10,acetylcholine,7,20
56136,Tm3,17926,LC4,10,acetylcholine,8,20
52361,Tm2,17926,LC4,10,acetylcholine,9,20
51170,Tm2,17926,LC4,10,acetylcholine,10,20
42983,Tm2,17926,LC4,10,acetylcholine,11,20
33042,Y3,17926,LC4,10,acetylcholine,12,20
15829,Li17,17926,LC4,10,gaba,7,4
10480,MeVP53,17926,LC4,10,gaba,11,7
98894,Tm3,31262,LC4,10,acetylcholine,13,20
86088,T2,31262,LC4,10,acetylcholine,14,20
57166,TmY3,31262,LC4,10,acetylcholine,4,5
32541,Y11,31262,LC4,10,glutamate,15,20
31169,LC9,31262,LC4,10,acetylcholine,16,20
23553,TmY19b,31262,LC4,10,gaba,17,20
589784,Tm4,23226,LC4,10,acetylcholine,18,20
531008,T2,23226,LC4,10,acetylcholine,19,20
527677,T2,23226,LC4,10,acetylcholine,3,28
39227,TmY3,23226,LC4,10,acetylcholine,22,28
531652,Tm4,518983,LC4,10,acetylcholine,20,20
521277,TmY3,518983,LC4,10,acetylcholine,21,20
93591,T2,518983,LC4,10,acetylcholine,22,20
17474,Li17,518983,LC4,10,gaba,6,4
15261,CB2664,518983,LC4,10,acetylcholine,5,0
545223,T2,12349,LC4,10,acetylcholine,23,20
533382,T2,12349,LC4,10,acetylcholine,24,20
530751,T2,12349,LC4,10,acetylcholine,25,20
520296,Tm2,12349,LC4,10,acetylcholine,26,20
518087,Tm4,12349,LC4,10,acetylcholine,27,20
138435,T2,12349,LC4,10,acetylcholine,28,20
120623,T2,12349,LC4,10,acetylcholine,29,20
115443,T2,12349,LC4,10,acetylcholine,30,20
98841,T2,12349,LC4,10,acetylcholine,31,17
75239,T2,12349,LC4,10,acetylcholine,31,20
52132,T2,12349,LC4,10,acetylcholine,10,9
29257,LC14a-1,12349,LC4,10,acetylcholine,6,1
27829,LC4,12349,LC4,10,acetylcholine,0,21
25639,T2,12349,LC4,10,acetylcholine,1,21
19454,PVLP024,12349,LC4,10,gaba,3,11
16040,Pm7_Li28,12349,LC4,10,gaba,7,0
13600,CB2664,12349,LC4,10,acetylcholine,10,21
103052,Tm4,23098,LC4,10,acetylcholine,2,21
99885,Tm4,23098,LC4,10,acetylcholine,3,21
69875,T2,23098,LC4,10,acetylcholine,25,12
68309,Tm4,23098,LC4,10,acetylcholine,4,21
65034,T2,23098,LC4,10,acetylcholine,9,15
55098,TmY3,23098,LC4,10,acetylcholine,29,26
53740,Tm2,23098,LC4,10,acetylcholine,5,21
48353,Tm2,23098,LC4,10,acetylcholine,6,21
46694,Tm2,23098,LC4,10,acetylcholine,7,21
33231,Tm4,23098,LC4,10,acetylcholine,20,11
26889,Tlp14,23098,LC4,10,glutamate,8,21
13797,Li29,23098,LC4,10,gaba,8,29
548749,Tm3,17478,LC4,10,acetylcholine,9,21
539409,Tm4,17478,LC4,10,acetylcholine,10,21
534513,TmY3,17478,LC4,10,acetylcholine,20,1
517752,LC4,17478,LC4,10,acetylcholine,11,21
517569,TmY3,17478,LC4,10,acetylcholine,26,1
514682,Tm4,17478,LC4,10,acetylcholine,12,21
86335,Tm37,17478,LC4,10,glutamate,13,21
71300,Tm4,17478,LC4,10,acetylcholine,14,21
59741,TmY3,17478,LC4,10,acetylcholine,27,0
49414,Tlp14,17478,LC4,10,glutamate,15,21
36412,Tm37,17478,LC4,10,glutamate,16,21
12710,LoVC14,17478,LC4,10,gaba,27,22
541813,T2,34845,LC4,10,acetylcholine,17,21
529340,Tm3,34845,LC4,10,acetylcholine,18,21
513883,Tm2,34845,LC4,10,acetylcholine,19,21
82888,Tm2,34845,LC4,10,acetylcholine,20,21
55368,Tm2,34845,LC4,10,acetylcholine,21,21
44649,Li25,34845,LC4,10,gaba,22,21
42209,Tm2,34845,LC4,10,acetylcholine,16,7
580388,Tm4,17653,LC4,10,acetylcholine,23,21
531323,Tm4,17653,LC4,10,acetylcholine,13,22
531279,Tm4,17653,LC4,10,acetylcholine,24,21
526074,T2,17653,LC4,10,acetylcholine,21,17
518597,T2,17653,LC4,10,acetylcholine,22,17
518425,Tm4,17653,LC4,10,acetylcholine,25,21
513495,TmY19a,17653,LC4,10,gaba,6,9
109437,Tm3,17653,LC4,10,acetylcholine,26,21
105713,T2,17653,LC4,10,acetylcholine,27,21
76221,T2,17653,LC4,10,acetylcholine,17,15
46340,Y14,17653,LC4,10,glutamate,28,21
26383,Tm2,17653,LC4,10,acetylcholine,29,21
26149,Tm4,17653,LC4,10,acetylcholine,30,21
16475,PVLP024,17653,LC4,10,gaba,20,7
12824,LC4,17653,LC4,10,acetylcholine,9,24
531569,Tm4,20440,LC4,10,acetylcholine,0,27
515570,T2,20440,LC4,10,acetylcholine,0,23
133473,T2,20440,LC4,10,acetylcholine,31,21
81131,Tm4,20440,LC4,10,acetylcholine,9,4
71685,Tm4,20440,LC4,10,acetylcholine,0,22
55920,TmY3,20440,LC4,10,acetylcholine,25,20
29070,TmY3,20440,LC4,10,acetylcholine,28,5
15666,Li17,20440,LC4,10,gaba,20,8
15529,Tm4,20440,LC4,10,acetylcholine,3,13
10158,LT56,20440,LC4,10,glutamate,31,5
541820,TmY3,17340,LC4,10,acetylcholine,24,24
520569,TmY3,17340,LC4,10,acetylcholine,1,22
518004,TmY3,17340,LC4,10,acetylcholine,17,4
514162,T2,17340,LC4,10,acetylcholine,2,22
91695,Tm3,17340,LC4,10,acetylcholine,3,22
87737,T2,17340,LC4,10,acetylcholine,8,9
72307,Tm37,17340,LC4,10,glutamate,4,22
72202,Tm2,17340,LC4,10,acetylcholine,5,22
35835,TmY3,17340,LC4,10,acetylcholine,6,22
20048,TmY3,17340,LC4,10,acetylcholine,7,22
16900,TmY19b,17340,LC4,10,gaba,11,27
13308,Li29,17340,LC4,10,gaba,14,19
527408,LC4,22975,LC4,10,acetylcholine,29,9
94875,Tm4,22975,LC4,10,acetylcholine,8,22
84364,Tm3,22975,LC4,10,acetylcholine,9,22
79431,Tm4,22975,LC4,10,acetylcholine,10,22
78917,Tm4,22975,LC4,10,acetylcholine,11,22
78517,Tm4,22975,LC4,10,acetylcholine,21,8
75742,T2,22975,LC4,10,acetylcholine,12,22
75343,Tm3,22975,LC4,10,acetylcholine,13,22
75110,T2,22975,LC4,10,acetylcholine,4,9
70460,T2,22975,LC4,10,acetylcholine,24,21
67903,Tm4,22975,LC4,10,acetylcholine,14,22
63401,TmY3,22975,LC4,10,acetylcholine,20,7
57164,TmY3,22975,LC4,10,acetylcholine,16,24
56992,Tm2,22975,LC4,10,acetylcholine,15,22
43431,Tlp12,22975,LC4,10,glutamate,16,22
41464,TmY3,22975,LC4,10,acetylcholine,12,18
33588,LC9,22975,LC4,10,acetylcholine,17,22
23929,LC4,22975,LC4,10,acetylcholine,9,25
551340,TmY3,24523,LC4,10,acetylcholine,30,9
541557,TmY3,24523,LC4,10,acetylcholine,16,10
540500,T2,24523,LC4,10,acetylcholine,31,16
113202,T2,24523,LC4,10,acetylcholine,18,22
39202,T2,24523,LC4,10,acetylcholine,19,22
35816,Tm4,24523,LC4,10,acetylcholine,28,18
34320,Li25,24523,LC4,10,gaba,20,22
26474,T2,24523,LC4,10,acetylcholine,14,14
25182,Li14,24523,LC4,10,glutamate,21,22
19292,Li28,24523,LC4,10,gaba,13,0
18355,Tm3,24523,LC4,10,acetylcholine,22,22
13191,Li30,24523,LC4,10,gaba,4,2
12375,MeVC26,24523,LC4,10,acetylcholine,23,22
530331,T2,20967,LC4,10,acetylcholine,24,22
518612,TmY3,20967,LC4,10,acetylcholine,22,12
516277,T2,20967,LC4,10,acetylcholine,20,29
514648,Li25,20967,LC4,10,gaba,25,22
100377,T2,20967,LC4,10,acetylcholine,26,22
76274,TmY3,20967,LC4,10,acetylcholine,11,14
68939,Tm4,20967,LC4,10,acetylcholine,27,22
66828,T2,20967,LC4,10,acetylcholine,28,22
65429,Tm4,20967,LC4,10,acetylcholine,29,22
57420,Tm2,20967,LC4,10,acetylcholine,30,22
33288,Y11,20967,LC4,10,glutamate,31,22
17478,LC4,20967,LC4,10,acetylcholine,0,10
534751,T2,35616,LC4,10,acetylcholine,0,23
521516,Li30,35616,LC4,10,gaba,27,15
53528,Tm3,35616,LC4,10,acetylcholine,1,23
40708,TmY3,35616,LC4,10,acetylcholine,15,18
36247,TmY3,35616,LC4,10,acetylcholine,7,20
31046,T2,35616,LC4,10,acetylcholine,2,23
12242,SAD055,35616,LC4,10,acetylcholine,22,8
541652,MeLo2,535341,LC4,10,acetylcholine,3,23
531862,LT41,535341,LC4,10,gaba,31,3
514299,TmY18,535341,LC4,10,acetylcholine,4,23
513839,Tm5Y,535341,LC4,10,acetylcholine,5,23
111641,Tm4,535341,LC4,10,acetylcholine,6,23
93592,TmY3,535341,LC4,10,acetylcholine,16,10
51384,Y14,535341,LC4,10,glutamate,7,23
27194,PVLP046,535341,LC4,10,gaba,18,3
523013,T2,512366,LC4,10,acetylcholine,8,23
159399,Tm4,512366,LC4,10,acetylcholine,9,23
154030,T2,512366,LC4,10,acetylcholine,10,23
132398,Tm3,512366,LC4,10,acetylcholine,11,23
129953,Tm4,512366,LC4,10,acetylcholine,12,23
123069,Tm4,512366,LC4,10,acetylcholine,13,23
115443,T2,512366,LC4,10,acetylcholine,30,20
71237,T2,512366,LC4,10,acetylcholine,14,23
16475,PVLP024,512366,LC4,10,gaba,20,7
539413,LT56,30480,LC4,10,glutamate,4,14
118626,Tm5Y,30480,LC4,10,acetylcholine,15,23
115917,T2,30480,LC4,10,acetylcholine,13,18
105560,Tm4,30480,LC4,10,acetylcholine,22,5
104644,T2,30480,LC4,10,acetylcholine,16,23
100716,Tm4,30480,LC4,10,acetylcholine,17,23
94107,Tm4,30480,LC4,10,acetylcholine,14,6
92659,T2,30480,LC4,10,acetylcholine,14,24
92485,Tm4,30480,LC4,10,acetylcholine,1,4
91654,T2,30480,LC4,10,acetylcholine,18,23
84633,T2,30480,LC4,10,acetylcholine,19,23
78306,T2,30480,LC4,10,acetylcholine,28,0
77855,Tm4,30480,LC4,10,acetylcholine,20,23
62421,Tm2,30480,LC4,10,acetylcholine,21,23
58916,TmY3,30480,LC4,10,acetylcholine,4,8
49077,Y12,30480,LC4,10,glutamate,22,23
33474,SAD049,30480,LC4,10,acetylcholine,24,18
541813,T2,31301,LC4,10,acetylcholine,17,21
539634,Tm4,31301,LC4,10,acetylcholine,23,23
536374,TmY3,31301,LC4,10,acetylcholine,2,25
531550,T2,31301,LC4,10,acetylcholine,24,23
114569,T2,31301,LC4,10,acetylcholine,25,23
63844,Tm4,31301,LC4,10,acetylcholine,26,23
40524,Tlp12,31301,LC4,10,glutamate,10,5
34413,Li25,31301,LC4,10,gaba,14,10
16680,TmY19a,31301,LC4,10,gaba,27,23
525705,Li25,512705,LC4,10,gaba,28,23
524576,T2,512705,LC4,10,acetylcholine,26,17
523853,T2,512705,LC4,10,acetylcholine,21,3
512529,Tm37,512705,LC4,10,glutamate,29,23
73140,T2,512705,LC4,10,acetylcholine,30,23
38511,Y12,512705,LC4,10,glutamate,31,23
33668,Y11,512705,LC4,10,glutamate,0,24
18432,LC4,512705,LC4,10,acetylcholine,1,24
13600,CB2664,512705,LC4,10,acetylcholine,10,21
108570,TmY18,22034,LC4,10,acetylcholine,2,24
93228,Tm3,22034,LC4,10,acetylcholine,3,24
83249,Tm4,22034,LC4,10,acetylcholine,4,24
81012,Tm4,22034,LC4,10,acetylcholine,5,24
78344,T2,22034,LC4,10,acetylcholine,29,25
73580,T2,22034,LC4,10,acetylcholine,21,27
70706,T2,22034,LC4,10,acetylcholine,6,24
53280,TmY3,22034,LC4,10,acetylcholine,5,20
48490,TmY3,22034,LC4,10,acetylcholine,13,7
537533,Tm4,515476,LC4,10,acetylcholine,30,30
535324,TmY3,515476,LC4,10,acetylcholine,9,2
529133,Tm4,515476,LC4,10,acetylcholine,7,24
523411,TmY3,515476,LC4,10,acetylcholine,29,10
518439,LC4,515476,LC4,10,acetylcholine,9,11
174748,Tm3,515476,LC4,10,acetylcholine,8,24
97749,Tm2,515476,LC4,10,acetylcholine,9,24
90366,T2,515476,LC4,10,acetylcholine,10,24
81367,TmY3,515476,LC4,10,acetylcholine,4,5
48426,TmY3,515476,LC4,10,acetylcholine,25,16
11940,MeLo8,515476,LC4,10,gaba,14,9
10611,Li39,515476,LC4,10,gaba,15,0
76916,T2,30803,LC4,10,acetylcholine,22,31
76386,T2,30803,LC4,10,acetylcholine,23,31
72155,Tm2,30803,LC4,10,acetylcholine,11,24
68345,T2,30803,LC4,10,acetylcholine,28,15
53682,MeLo2,30803,LC4,10,acetylcholine,12,24
48320,TmY3,30803,LC4,10,acetylcholine,29,15
29563,LC4,30803,LC4,10,acetylcholine,28,5
23955,TmY19a,30803,LC4,10,gaba,13,24
23304,TmY19a,30803,LC4,10,gaba,14,24
568461,Tm37,524899,LC4,10,glutamate,15,24
549120,T2,524899,LC4,10,acetylcholine,16,24
133217,T2,524899,LC4,10,acetylcholine,17,24
88872,Tm4,524899,LC4,10,acetylcholine,18,24
64530,Tm2,524899,LC4,10,acetylcholine,19,24
49293,T2,524899,LC4,10,acetylcholine,13,11
44834,T2,524899,LC4,10,acetylcholine,30,20
24523,LC4,524899,LC4,10,acetylcholine,30,17
543781,T2,32597,LC4,10,acetylcholine,20,24
140694,LPT111,32597,LC4,10,gaba,5,6
112914,TmY18,32597,LC4,10,acetylcholine,6,4
99996,T2,32597,LC4,10,acetylcholine,21,24
90420,Tm4,32597,LC4,10,acetylcholine,21,30
85605,Tm4,32597,LC4,10,acetylcholine,22,24
85382,TmY3,32597,LC4,10,acetylcholine,2,15
77048,TmY3,32597,LC4,10,acetylcholine,29,19
64193,TmY3,32597,LC4,10,acetylcholine,27,7
49574,TmY3,32597,LC4,10,acetylcholine,4,7
28565,Tlp14,32597,LC4,10,glutamate,23,24
21003,LPLC1,32597,LC4,10,acetylcholine,24,24
13308,Li29,32597,LC4,10,gaba,14,19
114162,T2,526286,LC4,10,acetylcholine,25,24
85117,Tm3,526286,LC4,10,acetylcholine,26,24
72547,Tm4,526286,LC4,10,acetylcholine,27,24
64737,Tm4,526286,LC4,10,acetylcholine,9,13
41827,Tlp12,526286,LC4,10,glutamate,12,0
38072,Li25,526286,LC4,10,gaba,28,24
27194,PVLP046,526286,LC4,10,gaba,18,3
106305,T2,33137,LC4,10,acetylcholine,31,19
81547,Tm4,33137,LC4,10,acetylcholine,29,24
76892,T2,33137,LC4,10,acetylcholine,30,24
70167,Li17,33137,LC4,10,gaba,23,6
62828,Tm2,33137,LC4,10,acetylcholine,31,24
537453,Tm4,27750,LC4,10,acetylcholine,8,11
183420,Tm4,27750,LC4,10,acetylcholine,0,25
158425,T2,27750,LC4,10,acetylcholine,0,18
136021,Tm3,27750,LC4,10,acetylcholine,1,25
129359,Tm3,27750,LC4,10,acetylcholine,2,25
108620,T2,27750,LC4,10,acetylcholine,3,25
108365,T2,27750,LC4,10,acetylcholine,21,30
25438,SAD064,27750,LC4,10,acetylcholine,5,5
113608,TmY18,17860,LC4,10,acetylcholine,4,25
95028,Tm4,17860,LC4,10,acetylcholine,20,28
92789,T2,17860,LC4,10,acetylcholine,5,25
89539,T2,17860,LC4,10,acetylcholine,6,25
86952,T2,17860,LC4,10,acetylcholine,9,19
84270,T2,17860,LC4,10,acetylcholine,7,25
83279,T2,17860,LC4,10,acetylcholine,8,25
80756,Tm4,17860,LC4,10,acetylcholine,9,25
77194,Tm4,17860,LC4,10,acetylcholine,10,25
77183,Tm3,17860,LC4,10,acetylcholine,11,25
76565,Tm4,17860,LC4,10,acetylcholine,12,25
20016,LC4,17860,LC4,10,acetylcholine,12,16
17289,Li29,17860,LC4,10,gaba,13,1
16628,LC4,17860,LC4,10,acetylcholine,30,29
10051,Li39,17860,LC4,10,gaba,8,0
94566,T2,21287,LC4,10,acetylcholine,13,25
86643,Tm4,21287,LC4,10,acetylcholine,14,25
80775,Tm4,21287,LC4,10,acetylcholine,15,25
78965,T2,21287,LC4,10,acetylcholine,16,25
77853,Tm4,21287,LC4,10,acetylcholine,6,19
75540,Tm4,21287,LC4,10,acetylcholine,29,24
59180,Tm2,21287,LC4,10,acetylcholine,17,25
55071,TmY3,21287,LC4,10,acetylcholine,15,13
26033,LPLC1,21287,LC4,10,acetylcholine,18,25
17860,LC4,21287,LC4,10,acetylcholine,27,0
17289,Li29,21287,LC4,10,gaba,13,1
16475,PVLP024,21287,LC4,10,gaba,20,7
15814,TmY19a,21287,LC4,10,gaba,26,26
11378,CB1280,21287,LC4,10,acetylcholine,29,16
70795,T2,18189,LC4,10,acetylcholine,19,25
68416,T2,18189,LC4,10,acetylcholine,19,14
66801,Tm4,18189,LC4,10,acetylcholine,20,25
55836,TmY3,18189,LC4,10,acetylcholine,28,9
53462,Tm2,18189,LC4,10,acetylcholine,21,25
48813,Tm2,18189,LC4,10,acetylcholine,22,25
41349,TmY3,18189,LC4,10,acetylcholine,7,18
37954,Li25,18189,LC4,10,gaba,23,25
28471,LC9,18189,LC4,10,acetylcholine,24,25
27780,Tlp14,18189,LC4,10,glutamate,25,25
529736,T2,20572,LC4,10,acetylcholine,26,25
519994,TmY3,20572,LC4,10,acetylcholine,6,25
518883,Tm4,20572,LC4,10,acetylcholine,27,25
114801,T2,20572,LC4,10,acetylcholine,16,25
72582,Tm4,20572,LC4,10,acetylcholine,28,25
66885,T2,20572,LC4,10,acetylcholine,29,25
50832,Tlp12,20572,LC4,10,glutamate,30,25
27194,PVLP046,20572,LC4,10,gaba,18,3
17939,PVLP046,20572,LC4,10,gaba,1,19
17141,TmY3,20572,LC4,10,acetylcholine,6,20
13600,CB2664,20572,LC4,10,acetylcholine,10,21
13107,LC9,20572,LC4,10,acetylcholine,5,30
12824,LC4,20572,LC4,10,acetylcholine,9,24
521566,T2,29469,LC4,10,acetylcholine,31,25
521516,Li30,29469,LC4,10,gaba,27,15
157664,T2,29469,LC4,10,acetylcholine,0,26
30087,LC4,29469,LC4,10,acetylcholine,1,26
29383,LPLC1,29469,LC4,10,acetylcholine,2,26
13733,MeLo8,29469,LC4,10,gaba,3,26
110591,Tm4,23929,LC4,10,acetylcholine,4,26
93522,Tm3,23929,LC4,10,acetylcholine,5,26
91591,Tm3,23929,LC4,10,acetylcholine,6,26
91023,T2,23929,LC4,10,acetylcholine,7,26
86802,T2,23929,LC4,10,acetylcholine,8,26
83949,Tm3,23929,LC4,10,acetylcholine,9,26
81392,T2,23929,LC4,10,acetylcholine,10,26
73884,T2,23929,LC4,10,acetylcholine,19,11
68205,Tm2,23929,LC4,10,acetylcholine,11,26
67911,TmY3,23929,LC4,10,acetylcholine,19,5
67132,TmY3,23929,LC4,10,acetylcholine,3,14
34984,LC9,23929,LC4,10,acetylcholine,12,26
30803,LC4,23929,LC4,10,acetylcholine,2,24
29563,LC4,23929,LC4,10,acetylcholine,28,5
25454,TmY19a,23929,LC4,10,gaba,0,11
21439,TmY19b,23929,LC4,10,gaba,13,26
16659,PVLP011,23929,LC4,10,gaba,11,20
126163,Tm3,20399,LC4,10,acetylcholine,14,26
123465,Tm4,20399,LC4,10,acetylcholine,16,27
115650,Tm4,20399,LC4,10,acetylcholine,9,12
89248,T2,20399,LC4,10,acetylcholine,15,26
77984,Tm4,20399,LC4,10,acetylcholine,16,26
75916,T2,20399,LC4,10,acetylcholine,17,26
74867,T2,20399,LC4,10,acetylcholine,18,26
55217,Tm2,20399,LC4,10,acetylcholine,19,26
46324,TmY3,20399,LC4,10,acetylcholine,16,30
24467,LC9,20399,LC4,10,acetylcholine,18,27
22651,Pm7_Li28,20399,LC4,10,gaba,0,6
20917,LC4,20399,LC4,10,acetylcholine,20,26
533892,Tm3,30087,LC4,10,acetylcholine,21,26
531994,Tm4,30087,LC4,10,acetylcholine,22,26
521566,T2,30087,LC4,10,acetylcholine,31,25
520104,Tm4,30087,LC4,10,acetylcholine,23,26
514455,TmY3,30087,LC4,10,acetylcholine,15,14
514215,Tm4,30087,LC4,10,acetylcholine,24,26
175923,T2,30087,LC4,10,acetylcholine,25,26
72907,T2,30087,LC4,10,acetylcholine,26,26
26656,LPLC1,30087,LC4,10,acetylcholine,27,26
17939,PVLP046,30087,LC4,10,gaba,1,19
15666,Li17,30087,LC4,10,gaba,20,8
10085,Am1,30087,LC4,10,gaba,28,1
551830,Tm4,518439,LC4,10,acetylcholine,28,26
521167,Tm4,518439,LC4,10,acetylcholine,29,26
518169,MeLo2,518439,LC4,10,acetylcholine,30,26
515993,Li25,518439,LC4,10,gaba,31,26
108241,T2,518439,LC4,10,acetylcholine,0,27
103590,Tm4,518439,LC4,10,acetylcholine,1,27
52656,MeLo2,518439,LC4,10,acetylcholine,2,27
42281,TmY3,518439,LC4,10,acetylcholine,20,13
32597,LC4,518439,LC4,10,acetylcholine,23,4
526795,Tm4,17608,LC4,10,acetylcholine,3,27
523458,LC9,17608,LC4,10,acetylcholine,4,27
521798,Tm3,17608,LC4,10,acetylcholine,5,27
410217,Li26,17608,LC4,10,gaba,3,10
113795,T2,17608,LC4,10,acetylcholine,6,27
104374,Tm2,17608,LC4,10,acetylcholine,7,27
61022,T2,17608,LC4,10,acetylcholine,4,14
40828,T2,17608,LC4,10,acetylcholine,8,27
37587,LC4,17608,LC4,10,acetylcholine,16,1
37005,Tlp13,17608,LC4,10,glutamate,9,27
34845,LC4,17608,LC4,10,acetylcholine,10,27
34467,T2,17608,LC4,10,acetylcholine,11,27
107830,T2,22847,LC4,10,acetylcholine,12,27
106625,Tm4,22847,LC4,10,acetylcholine,12,3
105840,Tm4,22847,LC4,10,acetylcholine,13,27
98726,Tm3,22847,LC4,10,acetylcholine,14,27
96292,Tm5Y,22847,LC4,10,acetylcholine,15,27
87514,Tm4,22847,LC4,10,acetylcholine,16,27
85694,T2,22847,LC4,10,acetylcholine,17,27
84962,Tm4,22847,LC4,10,acetylcholine,6,29
83742,Tm5Y,22847,LC4,10,acetylcholine,18,27
82846,Tm4,22847,LC4,10,acetylcholine,14,9
80774,Tm4,22847,LC4,10,acetylcholine,14,29
79097,Tm2,22847,LC4,10,acetylcholine,19,27
56389,TmY3,22847,LC4,10,acetylcholine,24,16
53433,TmY3,22847,LC4,10,acetylcholine,28,4
40200,Y11,22847,LC4,10,glutamate,20,27
15909,Li28,22847,LC4,10,gaba,27,0
13850,Li29,22847,LC4,10,gaba,28,11
137320,Tm3,20673,LC4,10,acetylcholine,21,27
87234,Tm3,20673,LC4,10,acetylcholine,22,27
84169,Tm4,20673,LC4,10,acetylcholine,7,24
83437,Tm4,20673,LC4,10,acetylcholine,23,27
83257,Tm4,20673,LC4,10,acetylcholine,24,27
78831,T2,20673,LC4,10,acetylcholine,26,24
74807,TmY3,20673,LC4,10,acetylcholine,0,4
73136,Tm4,20673,LC4,10,acetylcholine,25,27
70645,T2,20673,LC4,10,acetylcholine,8,24
69579,T2,20673,LC4,10,acetylcholine,26,27
54718,Tlp13,20673,LC4,10,glutamate,21,10
53361,Tm2,20673,LC4,10,acetylcholine,27,27
50871,TmY3,20673,LC4,10,acetylcholine,10,17
34799,Li25,20673,LC4,10,gaba,28,27
28232,LC9,20673,LC4,10,acetylcholine,17,18
15665,SAD064,20673,LC4,10,acetylcholine,25,24
547593,T2,518016,LC4,10,acetylcholine,25,26
525253,T2,518016,LC4,10,acetylcholine,13,1
516157,T2,518016,LC4,10,acetylcholine,29,27
62210,Tm37,518016,LC4,10,glutamate,30,27
17375,SAD064,518016,LC4,10,acetylcholine,21,29
15346,T2,518016,LC4,10,acetylcholine,31,27
520676,T2,20976,LC4,10,acetylcholine,0,28
512121,CB1280,20976,LC4,10,acetylcholine,12,21
125175,Tm3,20976,LC4,10,acetylcholine,1,28
49300,Tlp12,20976,LC4,10,glutamate,2,28
29024,LC9,20976,LC4,10,acetylcholine,14,5
24523,LC4,20976,LC4,10,acetylcholine,30,17
22772,LC4,20976,LC4,10,acetylcholine,3,28
540362,Tm4,31308,LC4,10,acetylcholine,4,28
535089,MeLo2,31308,LC4,10,acetylcholine,5,28
534321,T2,31308,LC4,10,acetylcholine,6,28
514298,TmY3,31308,LC4,10,acetylcholine,18,17
86996,TmY3,31308,LC4,10,acetylcholine,0,3
81858,T2,31308,LC4,10,acetylcholine,7,28
81081,Tm2,31308,LC4,10,acetylcholine,8,28
76710,Tm4,31308,LC4,10,acetylcholine,9,28
68749,Tm4,31308,LC4,10,acetylcholine,10,28
68723,Tm2,31308,LC4,10,acetylcholine,11,28
49300,Tlp12,31308,LC4,10,glutamate,2,28
36788,Tm4,31308,LC4,10,acetylcholine,12,28
10611,Li39,31308,LC4,10,gaba,15,0
523564,PVLP011,17270,LC4,10,gaba,14,16
517966,Tm4,17270,LC4,10,acetylcholine,13,28
109310,T2,17270,LC4,10,acetylcholine,14,28
70167,Li17,17270,LC4,10,gaba,23,6
70100,Tm2,17270,LC4,10,acetylcholine,15,28
48033,Tm2,17270,LC4,10,acetylcholine,16,28
23724,Li26,17270,LC4,10,gaba,17,28
23626,LC9,17270,LC4,10,acetylcholine,9,1
17592,Tlp14,17270,LC4,10,glutamate,18,28
10345,LT40,17270,LC4,10,gaba,16,3
536655,Tm4,516909,LC4,10,acetylcholine,19,28
516929,T2,516909,LC4,10,acetylcholine,20,28
516894,TmY3,516909,LC4,10,acetylcholine,7,8
85940,Tm4,516909,LC4,10,acetylcholine,21,28
80047,Tm4,516909,LC4,10,acetylcholine,22,28
59487,Tm2,516909,LC4,10,acetylcholine,23,28
52505,TmY3,516909,LC4,10,acetylcholine,0,15
13308,Li29,516909,LC4,10,gaba,14,19
539356,Tm3,515900,LC4,10,acetylcholine,24,28
539303,Tm4,515900,LC4,10,acetylcholine,25,28
529410,Li13,515900,LC4,10,gaba,26,28
529138,Tm4,515900,LC4,10,acetylcholine,27,28
517251,TmY3,515900,LC4,10,acetylcholine,3,21
516909,LC4,515900,LC4,10,acetylcholine,14,3
91464,Tm3,515900,LC4,10,acetylcholine,28,28
82783,T2,515900,LC4,10,acetylcholine,30,11
77825,Tm4,515900,LC4,10,acetylcholine,16,4
76068,Tm4,515900,LC4,10,acetylcholine,29,28
73084,T2,515900,LC4,10,acetylcholine,2,17
63176,Tm2,515900,LC4,10,acetylcholine,30,28
43679,Tm3,515900,LC4,10,acetylcholine,31,28
33642,Tlp12,515900,LC4,10,glutamate,0,29
22772,LC4,515900,LC4,10,acetylcholine,3,28
19454,PVLP024,515900,LC4,10,gaba,3,11
11498,LPLC2,515900,LC4,10,acetylcholine,4,25
11102,PVLP046,515900,LC4,10,gaba,20,4
512942,TmY3,31429,LC4,10,acetylcholine,12,16
77113,Tm4,31429,LC4,10,acetylcholine,1,29
70675,T2,31429,LC4,10,acetylcholine,2,29
69206,T2,31429,LC4,10,acetylcholine,3,29
68922,Y14,31429,LC4,10,glutamate,4,29
40524,Tlp12,31429,LC4,10,glutamate,10,5
25438,SAD064,31429,LC4,10,acetylcholine,5,5
23275,T2,31429,LC4,10,acetylcholine,1,20
104758,Tm4,19794,LC4,10,acetylcholine,5,29
104856,Tm4,19794,LC4,10,acetylcholine,6,29
89122,T2,19794,LC4,10,acetylcholine,7,29
85018,Tm3,19794,LC4,10,acetylcholine,8,29
80976,T2,19794,LC4,10,acetylcholine,4,27
67908,TmY3,19794,LC4,10,acetylcholine,3,7
52804,TmY3,19794,LC4,10,acetylcholine,2,18
49755,Tm37,19794,LC4,10,glutamate,9,29
45310,TmY3,19794,LC4,10,acetylcholine,2,12
30478,Y11,19794,LC4,10,glutamate,10,29
20062,Li17,19794,LC4,10,gaba,13,26
16033,Li28,19794,LC4,10,gaba,6,0
104958,T2,17266,LC4,10,acetylcholine,11,29
101782,Tm4,17266,LC4,10,acetylcholine,24,25
96322,Tm5Y,17266,LC4,10,acetylcholine,12,29
89664,Tm5Y,17266,LC4,10,acetylcholine,13,29
88021,T2,17266,LC4,10,acetylcholine,14,29
86612,T2,17266,LC4,10,acetylcholine,18,14
83776,Tm4,17266,LC4,10,acetylcholine,15,29
76143,Tm4,17266,LC4,10,acetylcholine,16,29
75913,Tm3,17266,LC4,10,acetylcholine,17,29
65346,Tm2,17266,LC4,10,acetylcholine,18,29
51879,Li14,17266,LC4,10,glutamate,19,29
33958,Tm4,17266,LC4,10,acetylcholine,20,29
29190,MeLo12,17266,LC4,10,glutamate,26,25
23047,Li28,17266,LC4,10,gaba,20,0
14709,MeLo8,17266,LC4,10,gaba,17,13
92318,Tm3,20588,LC4,10,acetylcholine,21,29
86088,T2,20588,LC4,10,acetylcholine,14,20
78734,Tm3,20588,LC4,10,acetylcholine,22,29
72245,T2,20588,LC4,10,acetylcholine,23,29
62452,TmY3,20588,LC4,10,acetylcholine,2,29
59346,TmY3,20588,LC4,10,acetylcholine,10,19
59097,TmY3,20588,LC4,10,acetylcholine,1,18
58043,Li13,20588,LC4,10,gaba,24,29
57842,TmY3,20588,LC4,10,acetylcholine,9,24
54887,Tm2,20588,LC4,10,acetylcholine,15,7
28586,LPLC1,20588,LC4,10,acetylcholine,25,29
25066,TmY19a,20588,LC4,10,gaba,26,29
16659,PVLP011,20588,LC4,10,gaba,11,20
11254,LT41,20588,LC4,10,gaba,31,10
525590,TmY3,22772,LC4,10,acetylcholine,2,4
516929,T2,22772,LC4,10,acetylcholine,20,28
165651,Tm4,22772,LC4,10,acetylcholine,27,29
88780,Tm37,22772,LC4,10,glutamate,28,29
32108,Li25,22772,LC4,10,gaba,17,19
23875,Li26,22772,LC4,10,gaba,13,21
14635,LC9,22772,LC4,10,acetylcholine,21,1
77155,Tm4,20917,LC4,10,acetylcholine,29,29
71485,T2,20917,LC4,10,acetylcholine,27,26
70015,T2,20917,LC4,10,acetylcholine,30,29
60399,T2,20917,LC4,10,acetylcholine,28,11
55706,TmY3,20917,LC4,10,acetylcholine,7,11
54032,TmY3,20917,LC4,10,acetylcholine,1,16
48607,TmY3,20917,LC4,10,acetylcholine,23,24
19454,PVLP024,20917,LC4,10,gaba,3,11
15281,Li17,20917,LC4,10,gaba,0,15
10297,LHAD1g1,20917,LC4,10,gaba,31,29
533911,T2,77614,LC4,10,acetylcholine,0,30
517062,Tm3,77614,LC4,10,acetylcholine,1,30
516070,Li17,77614,LC4,10,gaba,20,22
128769,T2,77614,LC4,10,acetylcholine,2,30
83194,Tm3,77614,LC4,10,acetylcholine,3,30
76220,T2,77614,LC4,10,acetylcholine,2,3
12242,SAD055,77614,LC4,10,acetylcholine,22,8
73527,Tm4,24338,LC4,10,acetylcholine,8,13
72928,Tm2,24338,LC4,10,acetylcholine,4,30
69115,Tm4,24338,LC4,10,acetylcholine,31,12
67728,T2,24338,LC4,10,acetylcholine,15,22
67424,T2,24338,LC4,10,acetylcholine,5,30
66055,T2,24338,LC4,10,acetylcholine,6,30
65803,T2,24338,LC4,10,acetylcholine,18,16
61292,T2,24338,LC4,10,acetylcholine,19,24
58527,TmY3,24338,LC4,10,acetylcholine,11,17
50633,TmY3,24338,LC4,10,acetylcholine,8,12
49474,Tm2,24338,LC4,10,acetylcholine,7,30
49444,Tlp13,24338,LC4,10,glutamate,8,30
49402,Tm2,24338,LC4,10,acetylcholine,17,15
44564,TmY3,24338,LC4,10,acetylcholine,9,5
43825,Tlp12,24338,LC4,10,glutamate,23,20
37605,Y12,24338,LC4,10,glutamate,9,30
16475,PVLP024,24338,LC4,10,gaba,20,7
14380,MeLo8,24338,LC4,10,gaba,14,27
519083,T2,18396,LC4,10,acetylcholine,10,30
518439,LC4,18396,LC4,10,acetylcholine,9,11
515994,Y11,18396,LC4,10,glutamate,11,30
513904,SAD049,18396,LC4,10,acetylcholine,8,14
170513,Tm3,18396,LC4,10,acetylcholine,12,30
134149,T2,18396,LC4,10,acetylcholine,3,15
100622,Tm3,18396,LC4,10,acetylcholine,13,30
91416,Tm4,18396,LC4,10,acetylcholine,14,30
82407,TmY3,18396,LC4,10,acetylcholine,20,14
80732,T2,18396,LC4,10,acetylcholine,15,30
78318,T2,18396,LC4,10,acetylcholine,16,30
43213,TmY3,18396,LC4,10,acetylcholine,26,18
20434,PVLP046,18396,LC4,10,gaba,0,21
75608,Tm4,22194,LC4,10,acetylcholine,17,30
71276,Tm4,22194,LC4,10,acetylcholine,18,30
67424,T2,22194,LC4,10,acetylcholine,5,30
66872,T2,22194,LC4,10,acetylcholine,19,30
64540,T2,22194,LC4,10,acetylcholine,20,30
53405,Li14,22194,LC4,10,glutamate,21,30
51199,T2,22194,LC4,10,acetylcholine,31,17
48073,TmY3,22194,LC4,10,acetylcholine,6,7
44677,TmY3,22194,LC4,10,acetylcholine,21,7
36310,Li25,22194,LC4,10,gaba,22,30
25624,LPLC1,22194,LC4,10,acetylcholine,23,30
24235,TmY19a,22194,LC4,10,gaba,12,3
21677,LPLC1,22194,LC4,10,acetylcholine,24,30
15665,SAD064,22194,LC4,10,acetylcholine,25,24
89305,Tm2,23392,LC4,10,acetylcholine,25,30
70910,Tm2,23392,LC4,10,acetylcholine,26,30
70177,T2,23392,LC4,10,acetylcholine,27,30
70112,T2,23392,LC4,10,acetylcholine,30,12
68951,TmY3,23392,LC4,10,acetylcholine,21,15
52485,TmY3,23392,LC4,10,acetylcholine,30,3
52328,TmY3,23392,LC4,10,acetylcholine,19,18
50333,TmY3,23392,LC4,10,acetylcholine,22,18
46339,Tm2,23392,LC4,10,acetylcholine,28,30
41198,Y11,23392,LC4,10,glutamate,29,30
20673,LC4,23392,LC4,10,acetylcholine,30,30
18127,LC4,23392,LC4,10,acetylcholine,31,30
106912,Tm3,21225,LC4,10,acetylcholine,0,31
103111,Tm4,21225,LC4,10,acetylcholine,20,0
66593,Tm4,21225,LC4,10,acetylcholine,5,20
65307,T2,21225,LC4,10,acetylcholine,11,19
63362,Tm4,21225,LC4,10,acetylcholine,1,31
62116,Tm4,21225,LC4,10,acetylcholine,2,31
61835,T2,21225,LC4,10,acetylcholine,16,1
57476,Tm2,21225,LC4,10,acetylcholine,3,31
26859,LC9,21225,LC4,10,acetylcholine,4,31
542245,Tm4,533129,LC4,10,acetylcholine,5,31
539132,TmY3,533129,LC4,10,acetylcholine,31,11
535648,Tm37,533129,LC4,10,glutamate,6,31
535636,T2,533129,LC4,10,acetylcholine,7,31
534244,Tm4,533129,LC4,10,acetylcholine,19,19
529691,Tm4,533129,LC4,10,acetylcholine,8,31
518264,Tm4,533129,LC4,10,acetylcholine,9,31
517673,Tm37,533129,LC4,10,glutamate,10,31
123121,T2,533129,LC4,10,acetylcholine,11,31
80047,Tm4,533129,LC4,10,acetylcholine,22,28
50492,T2,533129,LC4,10,acetylcholine,8,1
50477,TmY3,533129,LC4,10,acetylcholine,15,11
22233,TmY3,533129,LC4,10,acetylcholine,23,23
89998,Tm37,25584,LC4,10,glutamate,12,31
84434,Tm3,25584,LC4,10,acetylcholine,13,31
66723,Tm4,25584,LC4,10,acetylcholine,14,31
64897,T2,25584,LC4,10,acetylcholine,15,31
54146,Tm2,25584,LC4,10,acetylcholine,16,31
52295,Tm2,25584,LC4,10,acetylcholine,17,31
49942,TmY3,25584,LC4,10,acetylcholine,25,2
49894,TmY3,25584,LC4,10,acetylcholine,5,10
11378,CB1280,25584,LC4,10,acetylcholine,29,16
11254,LT41,25584,LC4,10,gaba,31,10
535324,TmY3,28980,LC4,10,acetylcholine,9,2
534883,T2,28980,LC4,10,acetylcholine,18,31
516813,TmY3,28980,LC4,10,acetylcholine,23,17
135605,T2,28980,LC4,10,acetylcholine,4,16
129396,Tm4,28980,LC4,10,acetylcholine,13,4
51992,TmY3,28980,LC4,10,acetylcholine,12,17
36917,TmY3,28980,LC4,10,acetylcholine,23,27
11102,PVLP046,28980,LC4,10,gaba,20,4
10158,LT56,28980,LC4,10,glutamate,31,5
517193,LoVC7,22328,LC4,10,gaba,1,1
126493,Tm4,22328,LC4,10,acetylcholine,19,31
75797,T2,22328,LC4,10,acetylcholine,30,5
74039,Tm2,22328,LC4,10,acetylcholine,20,31
68494,T2,22328,LC4,10,acetylcholine,21,31
67321,Tm4,22328,LC4,10,acetylcholine,22,31
55390,Tm2,22328,LC4,10,acetylcholine,23,31
53782,Tm2,22328,LC4,10,acetylcholine,21,28
43924,TmY3,22328,LC4,10,acetylcholine,30,6
28652,LC9,22328,LC4,10,acetylcholine,24,31
22911,LPLC1,22328,LC4,10,acetylcholine,25,31
15281,Li17,22328,LC4,10,gaba,0,15
14528,MeLo8,22328,LC4,10,gaba,0,17
533987,Tm4,514956,LC4,10,acetylcholine,26,31
525559,T2,514956,LC4,10,acetylcholine,27,31
519639,T2,514956,LC4,10,acetylcholine,28,31
517741,LC9,514956,LC4,10,acetylcholine,29,31
514954,TmY19a,514956,LC4,10,gaba,30,31
512134,T2,514956,LC4,10,acetylcholine,31,31
137136,T2,514956,LC4,10,acetylcholine,0,0
120878,Tm4,514956,LC4,10,acetylcholine,1,0
113564,TmY3,514956,LC4,10,acetylcholine,7,28
110239,T2,514956,LC4,10,acetylcholine,2,0
107480,T2,514956,LC4,10,acetylcholine,3,0
90285,T2,514956,LC4,10,acetylcholine,28,30
86841,Y14,514956,LC4,10,glutamate,4,0
85190,TmY3,514956,LC4,10,acetylcholine,0,11
78548,T2,514956,LC4,10,acetylcholine,5,0
61799,Tm2,514956,LC4,10,acetylcholine,6,0
55506,Tm2,514956,LC4,10,acetylcholine,7,0
34845,LC4,514956,LC4,10,acetylcholine,10,27
33250,TmY3,514956,LC4,10,acetylcholine,25,21
21002,T2,514956,LC4,10,acetylcholine,8,0
12722,LoVC21,514956,LC4,10,gaba,3,1
516203,TmY18,29514,LC4,10,acetylcholine,9,0
512142,T2,29514,LC4,10,acetylcholine,10,0
107513,LC4,29514,LC4,10,acetylcholine,30,17
72907,T2,29514,LC4,10,acetylcholine,26,26
36917,TmY3,29514,LC4,10,acetylcholine,23,27
527208,Tlp13,22922,LC4,10,glutamate,31,6
188184,Tm4,22922,LC4,10,acetylcholine,11,0
123473,T2,22922,LC4,10,acetylcholine,12,0
78244,T2,22922,LC4,10,acetylcholine,13,0
75576,TmY3,22922,LC4,10,acetylcholine,4,23
65642,T2,22922,LC4,10,acetylcholine,25,17
59964,T2,22922,LC4,10,acetylcholine,14,0
30735,Tm4,22922,LC4,10,acetylcholine,25,23
20434,PVLP046,22922,LC4,10,gaba,0,21
12196,Li29,22922,LC4,10,gaba,28,22
567303,Tm37,517752,LC4,10,glutamate,15,0
512139,TmY3,517752,LC4,10,acetylcholine,24,30
175923,T2,517752,LC4,10,acetylcholine,25,26
124220,T2,517752,LC4,10,acetylcholine,16,0
111787,LC4,517752,LC4,10,acetylcholine,27,30
79327,T2,517752,LC4,10,acetylcholine,5,16
39967,Y12,517752,LC4,10,glutamate,17,0
30320,TmY3,517752,LC4,10,acetylcholine,26,5
140050,Tm4,21165,LC4,10,acetylcholine,11,7
137939,Tm3,21165,LC4,10,acetylcholine,18,0
92789,T2,21165,LC4,10,acetylcholine,5,25
92481,TmY3,21165,LC4,10,acetylcholine,11,18
91697,T2,21165,LC4,10,acetylcholine,19,0
87573,T2,21165,LC4,10,acetylcholine,22,10
86574,Tm4,21165,LC4,10,acetylcholine,20,0
86494,T2,21165,LC4,10,acetylcholine,31,24
84124,T2,21165,LC4,10,acetylcholine,21,0
84026,Tm4,21165,LC4,10,acetylcholine,22,0
80971,Tm4,21165,LC4,10,acetylcholine,1,10
75554,Tm4,21165,LC4,10,acetylcholine,22,26
51339,Tlp12,21165,LC4,10,glutamate,23,0
39990,Y14,21165,LC4,10,glutamate,24,0
19260,LC4,21165,LC4,10,acetylcholine,22,12
15665,SAD064,21165,LC4,10,acetylcholine,25,24
13671,MeLo8,21165,LC4,10,gaba,0,10
13405,CB4179,21165,LC4,10,gaba,11,17
131524,T2,16628,LC4,10,acetylcholine,25,0
122873,Tm4,16628,LC4,10,acetylcholine,11,10
90277,T2,16628,LC4,10,acetylcholine,26,0
84539,T2,16628,LC4,10,acetylcholine,30,4
80513,Tm2,16628,LC4,10,acetylcholine,27,0
75450,T2,16628,LC4,10,acetylcholine,9,19
74578,TmY3,16628,LC4,10,acetylcholine,23,1
70749,T2,16628,LC4,10,acetylcholine,21,15
70037,TmY3,16628,LC4,10,acetylcholine,20,25
56791,Tm2,16628,LC4,10,acetylcholine,28,0
52178,Tm2,16628,LC4,10,acetylcholine,29,0
35603,Li25,16628,LC4,10,gaba,30,0
19924,CB2664,16628,LC4,10,acetylcholine,30,26
12237,SAD055,16628,LC4,10,acetylcholine,24,31
535418,Tm4,519931,LC4,10,acetylcholine,20,9
514060,TmY3,519931,LC4,10,acetylcholine,3,6
122975,T2,519931,LC4,10,acetylcholine,31,0
98996,Tm3,519931,LC4,10,acetylcholine,0,1
81795,T2,519931,LC4,10,acetylcholine,1,1
73957,T2,519931,LC4,10,acetylcholine,2,1
52993,Tm2,519931,LC4,10,acetylcholine,3,1
581248,T2,18478,LC4,10,acetylcholine,4,17
520680,T2,18478,LC4,10,acetylcholine,4,1
514407,Li29,18478,LC4,10,gaba,1,23
135312,Tlp13,18478,LC4,10,glutamate,5,1
94124,Tm3,18478,LC4,10,acetylcholine,6,1
58028,TmY3,18478,LC4,10,acetylcholine,23,9
51434,Y11,18478,LC4,10,glutamate,7,1
36027,Li14,18478,LC4,10,glutamate,8,1
20412,Y11,18478,LC4,10,glutamate,5,23
17777,Li25,18478,LC4,10,gaba,27,18
543010,TmY3,27624,LC4,10,acetylcholine,8,20
533984,TmY3,27624,LC4,10,acetylcholine,21,14
107513,LC4,27624,LC4,10,acetylcholine,30,17
79773,Tm2,27624,LC4,10,acetylcholine,9,1
35262,LC4,27624,LC4,10,acetylcholine,5,22
18396,LC4,27624,LC4,10,acetylcholine,20,31
17939,PVLP046,27624,LC4,10,gaba,1,19
17375,SAD064,27624,LC4,10,acetylcholine,21,29
104135,Tm4,20282,LC4,10,acetylcholine,10,1
103048,Tm2,20282,LC4,10,acetylcholine,11,1
99230,Tm3,20282,LC4,10,acetylcholine,12,1
88191,Tm37,20282,LC4,10,glutamate,13,1
79923,Tm4,20282,LC4,10,acetylcholine,14,1
79369,T2,20282,LC4,10,acetylcholine,15,1
76346,Tm4,20282,LC4,10,acetylcholine,16,1
72007,T2,20282,LC4,10,acetylcholine,13,29
63481,T2,20282,LC4,10,acetylcholine,10,8
53590,TmY3,20282,LC4,10,acetylcholine,17,1
18428,TmY19b,20282,LC4,10,gaba,13,14
17939,PVLP046,20282,LC4,10,gaba,1,19
545223,T2,81112,LC4,10,acetylcholine,23,20
544030,T2,81112,LC4,10,acetylcholine,18,1
535545,Tm3,81112,LC4,10,acetylcholine,19,1
144128,T2,81112,LC4,10,acetylcholine,20,1
114807,Tm4,81112,LC4,10,acetylcholine,21,1
113790,TmY3,81112,LC4,10,acetylcholine,10,7
108926,Li17,81112,LC4,10,gaba,31,13
88426,T2,81112,LC4,10,acetylcholine,22,1
79903,T2,81112,LC4,10,acetylcholine,23,1
71022,Tm4,81112,LC4,10,acetylcholine,5,21
60744,Tm2,81112,LC4,10,acetylcholine,24,1
59750,Tm4,81112,LC4,10,acetylcholine,25,1
48898,T2,81112,LC4,10,acetylcholine,13,26
35835,TmY3,81112,LC4,10,acetylcholine,6,22
33306,T2,81112,LC4,10,acetylcholine,26,1
24765,T2,81112,LC4,10,acetylcholine,30,5
86453,Tm4,26112,LC4,10,acetylcholine,28,3
84404,T2,26112,LC4,10,acetylcholine,27,1
83937,T2,26112,LC4,10,acetylcholine,10,12
75540,Tm4,26112,LC4,10,acetylcholine,29,24
113243,Tm4,21336,LC4,10,acetylcholine,13,16
79678,Tm4,21336,LC4,10,acetylcholine,3,9
65766,Tm4,21336,LC4,10,acetylcholine,28,1
65106,T2,21336,LC4,10,acetylcholine,29,1
64022,T2,21336,LC4,10,acetylcholine,19,16
62560,T2,21336,LC4,10,acetylcholine,0,13
62272,T2,21336,LC4,10,acetylcholine,30,1
61622,T2,21336,LC4,10,acetylcholine,12,4
61442,Tm37,21336,LC4,10,glutamate,31,1
48603,Tm2,21336,LC4,10,acetylcholine,0,2
93266,Tm3,23792,LC4,10,acetylcholine,1,2
90767,Tm4,23792,LC4,10,acetylcholine,2,2
89645,Tm3,23792,LC4,10,acetylcholine,3,2
89266,TmY3,23792,LC4,10,acetylcholine,14,12
84526,Tm4,23792,LC4,10,acetylcholine,4,2
75797,T2,23792,LC4,10,acetylcholine,30,5
72612,T2,23792,LC4,10,acetylcholine,3,18
63886,TmY3,23792,LC4,10,acetylcholine,18,26
62403,TmY3,23792,LC4,10,acetylcholine,19,17
58701,Tm2,23792,LC4,10,acetylcholine,5,2
54027,Tm2,23792,LC4,10,acetylcholine,6,2
33474,SAD049,23792,LC4,10,acetylcholine,24,18
30803,LC4,23792,LC4,10,acetylcholine,2,24
23392,LC4,23792,LC4,10,acetylcholine,7,2
16611,TmY19b,23792,LC4,10,gaba,10,12
11378,CB1280,23792,LC4,10,acetylcholine,29,16
539118,T2,14888,LC4,10,acetylcholine,8,2
529360,TmY3,14888,LC4,10,acetylcholine,2,22
120197,T2,14888,LC4,10,acetylcholine,8,6
108755,Tm3,14888,LC4,10,acetylcholine,9,2
90140,Tm3,14888,LC4,10,acetylcholine,10,2
61785,TmY3,14888,LC4,10,acetylcholine,27,14
32992,Tm2,14888,LC4,10,acetylcholine,11,2
20921,T2,14888,LC4,10,acetylcholine,12,2
20440,LC4,14888,LC4,10,acetylcholine,17,4
15261,CB2664,14888,LC4,10,acetylcholine,5,0
13112,MeLo8,14888,LC4,10,gaba,9,17
543596,T2,519650,LC4,10,acetylcholine,13,2
525590,TmY3,519650,LC4,10,acetylcholine,2,4
524899,LC4,519650,LC4,10,acetylcholine,14,2
512121,CB1280,519650,LC4,10,acetylcholine,12,21
81858,T2,519650,LC4,10,acetylcholine,7,28
36788,Tm4,519650,LC4,10,acetylcholine,12,28
21069,Li25,519650,LC4,10,gaba,15,2
12242,SAD055,519650,LC4,10,acetylcholine,22,8
536602,T2,518730,LC4,10,acetylcholine,30,13
530648,TmY3,518730,LC4,10,acetylcholine,0,29
126979,Tm4,518730,LC4,10,acetylcholine,16,2
93682,TmY3,518730,LC4,10,acetylcholine,19,4
66250,TmY3,518730,LC4,10,acetylcholine,3,22
36901,Tlp12,518730,LC4,10,glutamate,17,2
27828,Li14,518730,LC4,10,glutamate,18,2
23472,TmY19b,518730,LC4,10,gaba,20,0
546854,TmY3,29417,LC4,10,acetylcholine,17,17
521515,LC9,29417,LC4,10,acetylcholine,19,2
518895,T2,29417,LC4,10,acetylcholine,20,2
515127,Tm4,29417,LC4,10,acetylcholine,21,2
514112,TmY3,29417,LC4,10,acetylcholine,12,5
410217,Li26,29417,LC4,10,gaba,3,10
163641,T2,29417,LC4,10,acetylcholine,22,2
111787,LC4,29417,LC4,10,acetylcholine,27,30
107480,T2,29417,LC4,10,acetylcholine,3,0
89310,T2,29417,LC4,10,acetylcholine,9,14
87354,Tm4,29417,LC4,10,acetylcholine,23,2
70065,T2,29417,LC4,10,acetylcholine,24,2
22257,PVLP046,29417,LC4,10,gaba,16,12
20264,Li28,29417,LC4,10,gaba,5,2
19119,TmY19a,29417,LC4,10,gaba,25,2
13733,MeLo8,29417,LC4,10,gaba,3,26
531376,Tlp12,12824,LC4,10,glutamate,26,2
530145,T2,12824,LC4,10,acetylcholine,13,4
518883,Tm4,12824,LC4,10,acetylcholine,27,25
516875,TmY3,12824,LC4,10,acetylcholine,6,5
113306,Tm4,12824,LC4,10,acetylcholine,27,2
105056,Tm3,12824,LC4,10,acetylcholine,28,2
101282,T2,12824,LC4,10,acetylcholine,29,2
83354,TmY3,12824,LC4,10,acetylcholine,27,12
70826,Tm4,12824,LC4,10,acetylcholine,30,2
69898,Tm4,12824,LC4,10,acetylcholine,31,2
46878,Tm4,12824,LC4,10,acetylcholine,0,3
28052,Tm2,12824,LC4,10,acetylcholine,1,3
27194,PVLP046,12824,LC4,10,gaba,18,3
26418,Tlp14,12824,LC4,10,glutamate,2,3
20078,T2,12824,LC4,10,acetylcholine,7,10
20090,Tm2,12824,LC4,10,acetylcholine,3,3
14888,LC4,12824,LC4,10,acetylcholine,28,25
76916,T2,527408,LC4,10,acetylcholine,22,31
67305,T2,527408,LC4,10,acetylcholine,8,14
67065,T2,527408,LC4,10,acetylcholine,4,3
66061,TmY3,527408,LC4,10,acetylcholine,14,4
65293,T2,527408,LC4,10,acetylcholine,13,15
62694,T2,527408,LC4,10,acetylcholine,5,3
57077,Tm2,527408,LC4,10,acetylcholine,6,3
54410,Y12,527408,LC4,10,glutamate,7,3
52054,Tm2,527408,LC4,10,acetylcholine,8,3
48320,TmY3,527408,LC4,10,acetylcholine,29,15
44592,TmY3,527408,LC4,10,acetylcholine,7,10
11102,PVLP046,527408,LC4,10,gaba,20,4
549301,Tm4,12032,LC4,10,acetylcholine,3,1
542134,T2,12032,LC4,10,acetylcholine,9,3
534275,Tm2,12032,LC4,10,acetylcholine,22,14
518729,TmY3,12032,LC4,10,acetylcholine,5,16
180589,T2,12032,LC4,10,acetylcholine,10,3
134459,T2,12032,LC4,10,acetylcholine,11,3
96736,Tm4,12032,LC4,10,acetylcholine,12,3
94330,Tm2,12032,LC4,10,acetylcholine,13,3
22465,MeLo2,12032,LC4,10,acetylcholine,14,3
18140,TmY19b,12032,LC4,10,gaba,5,8
519026,T2,111787,LC4,10,acetylcholine,4,15
512943,TmY3,111787,LC4,10,acetylcholine,3,19
103861,T2,111787,LC4,10,acetylcholine,15,3
49283,Tm37,111787,LC4,10,glutamate,16,3
16475,PVLP024,111787,LC4,10,gaba,20,7
533872,TmY3,35262,LC4,10,acetylcholine,12,14
47559,Li14,35262,LC4,10,glutamate,17,3
29514,LC4,35262,LC4,10,acetylcholine,15,27
26552,LC9,35262,LC4,10,acetylcholine,28,2
22874,TmY3,35262,LC4,10,acetylcholine,5,24
19219,Tm2,35262,LC4,10,acetylcholine,18,3
10776,LoVC7,35262,LC4,10,gaba,2,1
545862,T2,23202,LC4,10,acetylcholine,19,3
526563,Tm3,23202,LC4,10,acetylcholine,20,3
519994,TmY3,23202,LC4,10,acetylcholine,6,25
105015,T2,23202,LC4,10,acetylcholine,21,3
67182,Tm4,23202,LC4,10,acetylcholine,22,3
31046,T2,23202,LC4,10,acetylcholine,2,23
98232,T2,17054,LC4,10,acetylcholine,23,3
81573,T2,17054,LC4,10,acetylcholine,24,3
70644,Tm4,17054,LC4,10,acetylcholine,25,3
65471,T2,17054,LC4,10,acetylcholine,5,31
62453,T2,17054,LC4,10,acetylcholine,21,14
61187,T2,17054,LC4,10,acetylcholine,4,12
55846,Tm37,17054,LC4,10,glutamate,26,3
42333,Tlp12,17054,LC4,10,glutamate,27,3
37769,Tlp12,17054,LC4,10,glutamate,28,3
34169,Li25,17054,LC4,10,gaba,29,3
10052,LoVC14,17054,LC4,10,gaba,8,2
83597,Tm4,16128,LC4,10,acetylcholine,30,3
77472,Tm37,16128,LC4,10,glutamate,31,3
75919,TmY3,16128,LC4,10,acetylcholine,12,5
72852,Tm4,16128,LC4,10,acetylcholine,0,4
63410,Tm4,16128,LC4,10,acetylcholine,1,4
62021,Tm2,16128,LC4,10,acetylcholine,2,4
61507,Tm2,16128,LC4,10,acetylcholine,3,4
61037,Tm4,16128,LC4,10,acetylcholine,6,2
60382,T2,16128,LC4,10,acetylcholine,29,12
59760,T2,16128,LC4,10,acetylcholine,4,4
56006,T2,16128,LC4,10,acetylcholine,13,16
55992,TmY3,16128,LC4,10,acetylcholine,4,18
42715,Tlp12,16128,LC4,10,glutamate,5,4
35603,Li25,16128,LC4,10,gaba,30,0
33331,LC9,16128,LC4,10,acetylcholine,6,4
32529,LC14a-1,16128,LC4,10,acetylcholine,4,4
30890,LLPC2,16128,LC4,10,acetylcholine,7,4
20542,LC4,16128,LC4,10,acetylcholine,8,4
17939,PVLP046,16128,LC4,10,gaba,1,19
17054,LC4,16128,LC4,10,acetylcholine,9,4
13673,MeLo8,16128,LC4,10,gaba,16,1
11102,PVLP046,16128,LC4,10,gaba,20,4
91760,Tm3,21804,LC4,10,acetylcholine,10,4
82940,T2,21804,LC4,10,acetylcholine,31,8
78617,TmY3,21804,LC4,10,acetylcholine,11,4
78528,T2,21804,LC4,10,acetylcholine,12,4
75121,T2,21804,LC4,10,acetylcholine,13,4
74944,T2,21804,LC4,10,acetylcholine,26,9
74555,T2,21804,LC4,10,acetylcholine,14,4
64514,TmY3,21804,LC4,10,acetylcholine,19,6
62715,T2,21804,LC4,10,acetylcholine,15,4
30802,LC9,21804,LC4,10,acetylcholine,16,4
25753,TmY19a,21804,LC4,10,gaba,17,4
25316,LPLC2,21804,LC4,10,acetylcholine,18,4
117110,Tm4,20016,LC4,10,acetylcholine,15,23
92789,T2,20016,LC4,10,acetylcholine,5,25
83770,Tm4,20016,LC4,10,acetylcholine,28,4
79843,T2,20016,LC4,10,acetylcholine,14,14
77635,TmY3,20016,LC4,10,acetylcholine,31,10
63026,Tm2,20016,LC4,10,acetylcholine,19,4
59009,TmY3,20016,LC4,10,acetylcholine,24,27
56131,Tm2,20016,LC4,10,acetylcholine,20,4
52936,Tlp13,20016,LC4,10,glutamate,21,4
28753,LC9,20016,LC4,10,acetylcholine,13,31
24090,Li26,20016,LC4,10,gaba,30,25
11394,Li16,20016,LC4,10,glutamate,20,27
10051,Li39,20016,LC4,10,gaba,8,0
551028,T2,15018,LC4,10,acetylcholine,8,23
513321,T3,15018,LC4,10,acetylcholine,22,4
141465,T2,15018,LC4,10,acetylcholine,23,4
140915,Tm4,15018,LC4,10,acetylcholine,24,4
96896,Tm3,15018,LC4,10,acetylcholine,25,4
91416,Tm4,15018,LC4,10,acetylcholine,14,30
83690,Tm3,15018,LC4,10,acetylcholine,29,15
81509,T2,15018,LC4,10,acetylcholine,26,4
53548,TmY3,15018,LC4,10,acetylcholine,18,18
43213,TmY3,15018,LC4,10,acetylcholine,26,18
21926,TmY19a,15018,LC4,10,gaba,27,4
10158,LT56,15018,LC4,10,glutamate,31,5
123754,Tm4,19260,LC4,10,acetylcholine,18,1
116703,Tm4,19260,LC4,10,acetylcholine,28,4
115074,Tm4,19260,LC4,10,acetylcholine,8,18
110703,Tm4,19260,LC4,10,acetylcholine,29,4
81243,Tm2,19260,LC4,10,acetylcholine,30,4
75480,TmY3,19260,LC4,10,acetylcholine,16,5
75085,T2,19260,LC4,10,acetylcholine,31,5
73941,T2,19260,LC4,10,acetylcholine,31,4
69540,TmY3,19260,LC4,10,acetylcholine,13,2
68898,Tm4,19260,LC4,10,acetylcholine,0,5
67415,T2,19260,LC4,10,acetylcholine,1,5
58735,TmY3,19260,LC4,10,acetylcholine,9,3
50767,Tlp12,19260,LC4,10,glutamate,2,5
17668,LC4,19260,LC4,10,acetylcholine,3,5
15440,Li17,19260,LC4,10,gaba,0,3
531862,LT41,514508,LC4,10,gaba,31,3
163174,TmY18,514508,LC4,10,acetylcholine,4,5
139674,Tm4,514508,LC4,10,acetylcholine,5,5
76049,Tm4,514508,LC4,10,acetylcholine,6,5
51829,TmY3,514508,LC4,10,acetylcholine,13,24
49574,TmY3,514508,LC4,10,acetylcholine,4,7
31761,Tm4,514508,LC4,10,acetylcholine,29,3
82962,Tm3,19550,LC4,10,acetylcholine,7,5
73566,TmY3,19550,LC4,10,acetylcholine,13,18
68851,T2,19550,LC4,10,acetylcholine,8,5
66933,Tm3,19550,LC4,10,acetylcholine,9,5
62980,Tm4,19550,LC4,10,acetylcholine,10,5
61959,T2,19550,LC4,10,acetylcholine,11,5
58467,Tm2,19550,LC4,10,acetylcholine,12,5
57518,T2,19550,LC4,10,acetylcholine,13,5
51225,Tm2,19550,LC4,10,acetylcholine,14,5
49967,Tm2,19550,LC4,10,acetylcholine,15,5
30370,Li15,19550,LC4,10,gaba,0,14
21769,LPLC2,19550,LC4,10,acetylcholine,31,0
19924,CB2664,19550,LC4,10,acetylcholine,30,26
87721,Tm4,21151,LC4,10,acetylcholine,16,5
82970,Tm4,21151,LC4,10,acetylcholine,17,5
82257,T2,21151,LC4,10,acetylcholine,18,5
81669,T2,21151,LC4,10,acetylcholine,16,12
78168,Tm4,21151,LC4,10,acetylcholine,19,5
77220,T2,21151,LC4,10,acetylcholine,7,19
62233,Li14,21151,LC4,10,glutamate,20,5
57223,Tm2,21151,LC4,10,acetylcholine,21,5
51164,TmY3,21151,LC4,10,acetylcholine,4,9
51045,Tlp13,21151,LC4,10,glutamate,22,5
20399,LC4,21151,LC4,10,acetylcholine,31,9
534236,TmY3,518544,LC4,10,acetylcholine,24,6
514060,TmY3,518544,LC4,10,acetylcholine,3,6
64815,T2,518544,LC4,10,acetylcholine,31,2
58388,Tm4,518544,LC4,10,acetylcholine,23,5
51098,TmY3,518544,LC4,10,acetylcholine,18,1
48062,Tlp12,518544,LC4,10,glutamate,24,5
21469,Li25,518544,LC4,10,gaba,25,20
15263,Li28,518544,LC4,10,gaba,3,2
140868,Tm3,19420,LC4,10,acetylcholine,25,5
106370,Tm4,19420,LC4,10,acetylcholine,18,3
97374,Tm4,19420,LC4,10,acetylcholine,6,28
83615,T2,19420,LC4,10,acetylcholine,22,29
82312,T2,19420,LC4,10,acetylcholine,13,14
81833,T2,19420,LC4,10,acetylcholine,26,5
80821,T2,19420,LC4,10,acetylcholine,22,1
78915,Tm4,19420,LC4,10,acetylcholine,27,5
32962,TmY3,19420,LC4,10,acetylcholine,30,21
24100,Li15,19420,LC4,10,gaba,29,20
16128,LC4,19420,LC4,10,acetylcholine,18,2
14903,Li17,19420,LC4,10,gaba,21,0
521516,Li30,107513,LC4,10,gaba,27,15
519639,T2,107513,LC4,10,acetylcholine,28,31
515986,Tm2,107513,LC4,10,acetylcholine,9,23
514954,TmY19a,107513,LC4,10,gaba,30,31
512134,T2,107513,LC4,10,acetylcholine,31,31
78548,T2,107513,LC4,10,acetylcholine,5,0
73362,TmY3,107513,LC4,10,acetylcholine,11,28
61264,TmY3,107513,LC4,10,acetylcholine,13,9
48426,TmY3,107513,LC4,10,acetylcholine,25,16
38423,CB2940,107513,LC4,10,acetylcholine,28,5
33250,TmY3,107513,LC4,10,acetylcholine,25,21
25607,PVLP046,107513,LC4,10,gaba,12,3
22257,PVLP046,107513,LC4,10,gaba,16,12
16596,Li28,107513,LC4,10,gaba,1,4
147837,Tm3,20542,LC4,10,acetylcholine,29,5
120312,Tm3,20542,LC4,10,acetylcholine,30,5
92132,Tm3,20542,LC4,10,acetylcholine,31,5
80981,T2,20542,LC4,10,acetylcholine,0,6
75973,T2,20542,LC4,10,acetylcholine,1,6
72015,Tm4,20542,LC4,10,acetylcholine,2,6
70806,T2,20542,LC4,10,acetylcholine,11,18
70177,T2,20542,LC4,10,acetylcholine,27,30
69834,T2,20542,LC4,10,acetylcholine,3,6
69540,TmY3,20542,LC4,10,acetylcholine,13,2
69293,Tm4,20542,LC4,10,acetylcholine,4,6
66325,Tm3,20542,LC4,10,acetylcholine,5,6
54386,Tm2,20542,LC4,10,acetylcholine,6,6
43956,Tlp12,20542,LC4,10,glutamate,7,6
38088,MeLo2,20542,LC4,10,acetylcholine,8,6
23116,LPLC1,20542,LC4,10,acetylcholine,9,6
22847,LC4,20542,LC4,10,acetylcholine,10,6
86664,Tm3,29563,LC4,10,acetylcholine,11,6
74097,Tm4,29563,LC4,10,acetylcholine,12,6
73392,T2,29563,LC4,10,acetylcholine,13,6
70114,T2,29563,LC4,10,acetylcholine,14,6
69687,T2,29563,LC4,10,acetylcholine,15,6
66871,T2,29563,LC4,10,acetylcholine,26,19
48838,Tm2,29563,LC4,10,acetylcholine,16,6
46755,Tm2,29563,LC4,10,acetylcholine,17,6
40472,Y12,29563,LC4,10,glutamate,18,6
28652,LC9,29563,LC4,10,acetylcholine,24,31
22847,LC4,29563,LC4,10,acetylcholine,10,6
16549,Li30,29563,LC4,10,gaba,27,9
15073,MeLo8,29563,LC4,10,gaba,15,4
129428,T2,17364,LC4,10,acetylcholine,19,6
111382,Tm4,17364,LC4,10,acetylcholine,13,21
101333,T2,17364,LC4,10,acetylcholine,20,6
88021,T2,17364,LC4,10,acetylcholine,14,29
85623,T2,17364,LC4,10,acetylcholine,21,6
82921,T2,17364,LC4,10,acetylcholine,22,6
81411,Tm4,17364,LC4,10,acetylcholine,23,6
76343,Tm3,17364,LC4,10,acetylcholine,24,6
73940,Tm4,17364,LC4,10,acetylcholine,25,6
58175,Tm2,17364,LC4,10,acetylcholine,26,6
53376,TmY3,17364,LC4,10,acetylcholine,27,25
48628,Tlp13,17364,LC4,10,glutamate,27,6
47361,Tm2,17364,LC4,10,acetylcholine,28,6
27194,PVLP046,17364,LC4,10,gaba,18,3
21287,LC4,17364,LC4,10,acetylcholine,5,5
532033,Tm4,37587,LC4,10,acetylcholine,29,6
525160,TmY3,37587,LC4,10,acetylcholine,29,28
518402,Y12,37587,LC4,10,glutamate,24,8
167402,T2,37587,LC4,10,acetylcholine,2,26
139809,Tm3,37587,LC4,10,acetylcholine,30,6
84269,T2,37587,LC4,10,acetylcholine,2,24
57912,Tm4,37587,LC4,10,acetylcholine,31,6
39634,Tlp12,37587,LC4,10,glutamate,0,7
34845,LC4,37587,LC4,10,acetylcholine,10,27
29833,TmY19b,37587,LC4,10,gaba,1,7
29755,TmY3,37587,LC4,10,acetylcholine,12,5
26138,Y12,37587,LC4,10,glutamate,2,7
13733,MeLo8,37587,LC4,10,gaba,3,26
580530,Tm2,530029,LC4,10,acetylcholine,3,7
524823,Tm2,530029,LC4,10,acetylcholine,4,7
523984,LC9,530029,LC4,10,acetylcholine,7,14
515387,Tm2,530029,LC4,10,acetylcholine,5,7
513904,SAD049,530029,LC4,10,acetylcholine,8,14
512366,LC4,530029,LC4,10,acetylcholine,6,7
128844,Tm4,530029,LC4,10,acetylcholine,10,23
55570,TmY3,530029,LC4,10,acetylcholine,29,7
40828,T2,530029,LC4,10,acetylcholine,8,27
33604,LC9,530029,LC4,10,acetylcholine,6,8
32597,LC4,530029,LC4,10,acetylcholine,23,4
12967,T2,530029,LC4,10,acetylcholine,7,7
11102,PVLP046,530029,LC4,10,gaba,20,4
74790,Tm4,16138,LC4,10,acetylcholine,8,7
71929,T2,16138,LC4,10,acetylcholine,5,0
43225,Tlp13,16138,LC4,10,glutamate,9,7
15497,TmY19a,16138,LC4,10,gaba,10,7
11254,LT41,16138,LC4,10,gaba,31,10
171349687,Tm3,18127,LC4,10,acetylcholine,11,7
102015,Tm4,18127,LC4,10,acetylcholine,12,7
48300,Tlp12,18127,LC4,10,glutamate,13,7
43313,TmY3,18127,LC4,10,acetylcholine,11,9
42983,Tm2,18127,LC4,10,acetylcholine,11,20
37733,TmY3,18127,LC4,10,acetylcholine,30,1
22108,TmY3,18127,LC4,10,acetylcholine,15,8
21225,LC4,18127,LC4,10,acetylcholine,26,0
17926,LC4,18127,LC4,10,acetylcholine,5,11
14581,TmY19a,18127,LC4,10,gaba,1,22
13850,Li29,18127,LC4,10,gaba,28,11
13673,MeLo8,18127,LC4,10,gaba,16,1
535656,TmY3,100485,LC4,10,acetylcholine,26,13
531008,T2,100485,LC4,10,acetylcholine,19,20
127015,T2,100485,LC4,10,acetylcholine,14,7
92103,Y14,100485,LC4,10,glutamate,15,7
56863,Tm2,100485,LC4,10,acetylcholine,16,7
29675,LC9,100485,LC4,10,acetylcholine,11,5
20976,LC4,100485,LC4,10,acetylcholine,7,8
71514,Tm4,21313,LC4,10,acetylcholine,17,7
69540,TmY3,21313,LC4,10,acetylcholine,13,2
61394,T2,21313,LC4,10,acetylcholine,7,16
61357,T2,21313,LC4,10,acetylcholine,22,0
50345,TmY3,21313,LC4,10,acetylcholine,22,24
50333,TmY3,21313,LC4,10,acetylcholine,22,18
49346,LLPC2,21313,LC4,10,acetylcholine,18,7
48743,Tm2,21313,LC4,10,acetylcholine,19,7
47368,TmY3,21313,LC4,10,acetylcholine,17,6
22194,LC4,21313,LC4,10,acetylcholine,20,7
12237,SAD055,21313,LC4,10,acetylcholine,24,31
108550,Tm4,20808,LC4,9,acetylcholine,21,7
78856,Tm3,20808,LC4,9,acetylcholine,16,27
73301,Tm3,20808,LC4,9,acetylcholine,22,7
68966,Tm4,20808,LC4,9,acetylcholine,0,8
68494,T2,20808,LC4,9,acetylcholine,21,31
67855,Tm4,20808,LC4,9,acetylcholine,1,8
64579,T2,20808,LC4,9,acetylcholine,23,7
63190,T2,20808,LC4,9,acetylcholine,29,9
53589,Y14,20808,LC4,9,glutamate,24,7
49446,Tm2,20808,LC4,9,acetylcholine,25,7
48603,Tm2,20808,LC4,9,acetylcholine,0,2
28051,LC9,20808,LC4,9,acetylcholine,8,10
26011,Li26,20808,LC4,9,gaba,26,7
24338,LC4,20808,LC4,9,acetylcholine,27,7
22328,LC4,20808,LC4,9,acetylcholine,26,21
13850,Li29,20808,LC4,9,gaba,28,11
13797,Li29,20808,LC4,9,gaba,8,29
547705,T2,22966,LC4,9,acetylcholine,21,31
93217,Tm4,22966,LC4,9,acetylcholine,28,7
85194,Tm3,22966,LC4,9,acetylcholine,29,7
84927,T2,22966,LC4,9,acetylcholine,1,1
78045,Tm2,22966,LC4,9,acetylcholine,30,7
76446,TmY3,22966,LC4,9,acetylcholine,2,14
69440,Tm2,22966,LC4,9,acetylcholine,31,7
69030,T2,22966,LC4,9,acetylcholine,16,2
63614,T2,22966,LC4,9,acetylcholine,16,17
30803,LC4,22966,LC4,9,acetylcholine,2,24
25588,TmY19b,22966,LC4,9,gaba,0,8
10480,MeVP53,22966,LC4,9,gaba,11,7
539849,Tm4,520449,LC4,9,acetylcholine,1,8
539372,TmY3,520449,LC4,9,acetylcholine,21,16
537405,Tm3,520449,LC4,9,acetylcholine,2,8
536966,T2,520449,LC4,9,acetylcholine,3,8
533050,Tm4,520449,LC4,9,acetylcholine,16,0
529138,Tm4,520449,LC4,9,acetylcholine,27,28
519090,TmY3,520449,LC4,9,acetylcholine,16,2
514846,LPLC1,520449,LC4,9,acetylcholine,4,8
512384,Tm4,520449,LC4,9,acetylcholine,5,8
110000,T2,520449,LC4,9,acetylcholine,23,17
70537,T2,520449,LC4,9,acetylcholine,6,8
53597,Tm2,520449,LC4,9,acetylcholine,7,8
31838,Tm4,520449,LC4,9,acetylcholine,8,8
26514,LC9,520449,LC4,9,acetylcholine,9,26
14888,LC4,520449,LC4,9,acetylcholine,28,25
530742,Tm2,511914,LC4,9,acetylcholine,9,8
113444,Li13,511914,LC4,9,gaba,15,4
53925,Tm2,511914,LC4,9,acetylcholine,10,8
53909,Li14,511914,LC4,9,glutamate,11,8
47362,Tm2,511914,LC4,9,acetylcholine,12,8
34581,T2,511914,LC4,9,acetylcholine,13,8
26694,Tm4,511914,LC4,9,acetylcholine,21,2
23626,LC9,511914,LC4,9,acetylcholine,9,1
17653,LC4,511914,LC4,9,acetylcholine,13,6
16900,TmY19b,511914,LC4,9,gaba,11,27
16459,PVLP024,511914,LC4,9,gaba,5,15
13703,Y12,511914,LC4,9,glutamate,14,8
537017,Li15,17987,LC4,9,gaba,8,14
107193,T2,17987,LC4,9,acetylcholine,15,8
99278,Tm4,17987,LC4,9,acetylcholine,16,8
93928,Tm2,17987,LC4,9,acetylcholine,17,8
93132,T2,17987,LC4,9,acetylcholine,18,8
93066,Tm4,17987,LC4,9,acetylcholine,10,8
90748,Tm4,17987,LC4,9,acetylcholine,19,8
85193,Tm4,17987,LC4,9,acetylcholine,19,26
78145,Tm3,17987,LC4,9,acetylcholine,20,8
75427,Tm2,17987,LC4,9,acetylcholine,21,8
72355,Tm3,17987,LC4,9,acetylcholine,22,8
71510,Tm4,17987,LC4,9,acetylcholine,7,27
68985,Tm2,17987,LC4,9,acetylcholine,23,8
68366,T2,17987,LC4,9,acetylcholine,23,29
67084,T2,17987,LC4,9,acetylcholine,15,21
59900,Tm2,17987,LC4,9,acetylcholine,24,8
50244,TmY3,17987,LC4,9,acetylcholine,5,11
33715,Li25,17987,LC4,9,gaba,25,8
27752,Tlp13,17987,LC4,9,glutamate,26,8
20917,LC4,17987,LC4,9,acetylcholine,20,26
20310,TmY19a,17987,LC4,9,gaba,13,13
17926,LC4,17987,LC4,9,acetylcholine,5,11
17668,LC4,17987,LC4,9,acetylcholine,3,5
13776,MeLo8,17987,LC4,9,gaba,0,5
102998,Tm3,19543,LC4,9,acetylcholine,27,8
90995,Tm3,19543,LC4,9,acetylcholine,28,8
74277,T2,19543,LC4,9,acetylcholine,29,8
74003,Tm4,19543,LC4,9,acetylcholine,30,8
71965,Tm4,19543,LC4,9,acetylcholine,31,8
71087,T2,19543,LC4,9,acetylcholine,23,11
58344,Tm2,19543,LC4,9,acetylcholine,0,9
56612,Tm2,19543,LC4,9,acetylcholine,1,9
55625,Tm2,19543,LC4,9,acetylcholine,2,9
54744,Tm2,19543,LC4,9,acetylcholine,22,24
53265,Tm2,19543,LC4,9,acetylcholine,3,9
42498,Tlp13,19543,LC4,9,glutamate,4,9
11254,LT41,19543,LC4,9,gaba,31,10
98759,T2,28945,LC4,9,acetylcholine,31,23
94267,Tm5Y,28945,LC4,9,acetylcholine,5,9
92802,Tm4,28945,LC4,9,acetylcholine,6,9
87352,Tm4,28945,LC4,9,acetylcholine,7,9
86453,Tm4,28945,LC4,9,acetylcholine,28,3
85283,Tm3,28945,LC4,9,acetylcholine,8,9
83184,T2,28945,LC4,9,acetylcholine,9,9
82915,Tm4,28945,LC4,9,acetylcholine,28,6
82163,Tm3,28945,LC4,9,acetylcholine,10,9
77522,T2,28945,LC4,9,acetylcholine,28,24
61188,Tm2,28945,LC4,9,acetylcholine,11,9
55730,TmY3,28945,LC4,9,acetylcholine,1,14
53236,TmY3,28945,LC4,9,acetylcholine,26,20
30356,LC9,28945,LC4,9,acetylcholine,12,9
13671,MeLo8,28945,LC4,9,gaba,0,10
539413,LT56,19634,LC4,9,glutamate,4,14
109907,Tm4,19634,LC4,9,acetylcholine,31,14
87495,T2,19634,LC4,9,acetylcholine,13,9
86913,Tm2,19634,LC4,9,acetylcholine,14,9
80957,T2,19634,LC4,9,acetylcholine,15,9
76375,T2,19634,LC4,9,acetylcholine,16,9
75480,TmY3,19634,LC4,9,acetylcholine,16,5
49982,Li14,19634,LC4,9,glutamate,17,9
20434,PVLP046,19634,LC4,9,gaba,0,21
19543,LC4,19634,LC4,9,acetylcholine,18,9
13797,Li29,19634,LC4,9,gaba,8,29
13673,MeLo8,19634,LC4,9,gaba,16,1
554508,T2,17548,LC4,9,acetylcholine,6,30
74609,Tm4,17548,LC4,9,acetylcholine,19,9
70649,Tm4,17548,LC4,9,acetylcholine,20,9
65280,T2,17548,LC4,9,acetylcholine,3,26
62659,Tm4,17548,LC4,9,acetylcholine,15,30
61835,T2,17548,LC4,9,acetylcholine,16,1
59760,T2,17548,LC4,9,acetylcholine,4,4
53462,Tm2,17548,LC4,9,acetylcholine,21,25
51493,Tm2,17548,LC4,9,acetylcholine,21,9
47823,TmY3,17548,LC4,9,acetylcholine,5,5
45252,TmY3,17548,LC4,9,acetylcholine,30,12
36088,LLPC2,17548,LC4,9,acetylcholine,22,9
21899,LPLC2,17548,LC4,9,acetylcholine,23,9
20783,LPLC1,17548,LC4,9,acetylcholine,12,26
19454,PVLP024,17548,LC4,9,gaba,3,11
18127,LC4,17548,LC4,9,acetylcholine,31,30
17939,PVLP046,17548,LC4,9,gaba,1,19
16128,LC4,17548,LC4,9,acetylcholine,18,2
11628,LT40,17548,LC4,9,gaba,27,4
542992,Tm37,21721,LC4,9,glutamate,25,3
542272,Tm4,21721,LC4,9,acetylcholine,6,3
517829,Li15,21721,LC4,9,gaba,25,18
154700,T2,21721,LC4,9,acetylcholine,24,9
91005,T2,21721,LC4,9,acetylcholine,25,9
81131,Tm4,21721,LC4,9,acetylcholine,9,4
73906,Tm2,21721,LC4,9,acetylcholine,26,9
42060,T2,21721,LC4,9,acetylcholine,27,9
41900,Y12,21721,LC4,9,glutamate,28,9
23444,Tlp14,21721,LC4,9,glutamate,29,9
11940,MeLo8,21721,LC4,9,gaba,14,9
532780,Tm4,16917,LC4,9,acetylcholine,30,9
527515,Tm37,16917,LC4,9,glutamate,31,9
525558,Tm4,16917,LC4,9,acetylcholine,0,10
520104,Tm4,16917,LC4,9,acetylcholine,23,26
513893,Tm2,16917,LC4,9,acetylcholine,1,10
126285,T2,16917,LC4,9,acetylcholine,2,6
63378,Y14,16917,LC4,9,glutamate,2,10
38285,T2,16917,LC4,9,acetylcholine,3,10
25426,Tm2,16917,LC4,9,acetylcholine,4,10
14209,Li28,16917,LC4,9,gaba,7,1
10158,LT56,16917,LC4,9,glutamate,31,5
551830,Tm4,532254,LC4,9,acetylcholine,28,26
545735,T2,532254,LC4,9,acetylcholine,5,10
529196,Li15,532254,LC4,9,gaba,6,10
524899,LC4,532254,LC4,9,acetylcholine,14,2
171561,T2,532254,LC4,9,acetylcholine,1,13
147210,T2,532254,LC4,9,acetylcholine,7,10
132314,Tm4,532254,LC4,9,acetylcholine,8,10
89874,Tm3,532254,LC4,9,acetylcholine,9,10
85466,Tm4,532254,LC4,9,acetylcholine,10,10
84000,Tm4,532254,LC4,9,acetylcholine,11,10
71524,Tlp12,532254,LC4,9,glutamate,12,10
64193,TmY3,532254,LC4,9,acetylcholine,27,7
57781,TmY3,532254,LC4,9,acetylcholine,30,9
37875,Tm2,532254,LC4,9,acetylcholine,13,10
10611,Li39,532254,LC4,9,gaba,15,0
544274,Tm4,18432,LC4,9,acetylcholine,14,10
535293,Tm2,18432,LC4,9,acetylcholine,15,10
532101,TmY3,18432,LC4,9,acetylcholine,27,12
530290,Tm4,18432,LC4,9,acetylcholine,22,0
525254,TmY3,18432,LC4,9,acetylcholine,18,0
82051,Tm3,18432,LC4,9,acetylcholine,16,10
81308,Tm4,18432,LC4,9,acetylcholine,17,10
73153,T2,18432,LC4,9,acetylcholine,18,10
56515,Tm39,18432,LC4,9,acetylcholine,19,10
49810,TmY3,18432,LC4,9,acetylcholine,10,3
25438,SAD064,18432,LC4,9,acetylcholine,5,5
23650,T2,18432,LC4,9,acetylcholine,20,10
18413,Li17,18432,LC4,9,gaba,9,8
16680,TmY19a,18432,LC4,9,gaba,27,23
15346,T2,18432,LC4,9,acetylcholine,31,27
534439,T2,16809,LC4,9,acetylcholine,29,27
531862,LT41,16809,LC4,9,gaba,31,3
524343,MeLo8,16809,LC4,9,gaba,5,1
516719,Tm2,16809,LC4,9,acetylcholine,21,10
148364,LC9,16809,LC4,9,acetylcholine,23,9
140458,T2,16809,LC4,9,acetylcholine,22,10
137120,Tm3,16809,LC4,9,acetylcholine,23,10
71237,T2,16809,LC4,9,acetylcholine,14,23
53020,TmY3,16809,LC4,9,acetylcholine,2,7
39420,T2,16809,LC4,9,acetylcholine,24,10
19292,Li28,16809,LC4,9,gaba,13,0
81402,Tm4,19954,LC4,9,acetylcholine,25,10
69011,T2,19954,LC4,9,acetylcholine,26,10
68186,Tm4,19954,LC4,9,acetylcholine,27,10
67343,Tm4,19954,LC4,9,acetylcholine,28,10
60438,T2,19954,LC4,9,acetylcholine,1,13
59145,T2,19954,LC4,9,acetylcholine,15,28
56242,Tm2,19954,LC4,9,acetylcholine,29,10
53474,Tm2,19954,LC4,9,acetylcholine,30,10
49776,Tm2,19954,LC4,9,acetylcholine,31,10
48187,Tm2,19954,LC4,9,acetylcholine,0,11
47971,Tm2,19954,LC4,9,acetylcholine,1,11
46346,Li29,19954,LC4,9,gaba,2,11
41002,Tlp12,19954,LC4,9,glutamate,3,11
39073,LLPC2,19954,LC4,9,acetylcholine,4,11
34026,Li25,19954,LC4,9,gaba,5,11
20016,LC4,19954,LC4,9,acetylcholine,12,16
15281,Li17,19954,LC4,9,gaba,0,15
87328,Tm3,17668,LC4,9,acetylcholine,6,11
75946,T2,17668,LC4,9,acetylcholine,4,20
74017,Tm4,17668,LC4,9,acetylcholine,7,11
69708,Tm2,17668,LC4,9,acetylcholine,8,11
69656,Tm4,17668,LC4,9,acetylcholine,9,11
63058,T2,17668,LC4,9,acetylcholine,30,31
57890,Tm2,17668,LC4,9,acetylcholine,10,11
20964,Li26,17668,LC4,9,gaba,11,10
19924,CB2664,17668,LC4,9,acetylcholine,30,26
13797,Li29,17668,LC4,9,gaba,8,29
10052,LoVC14,17668,LC4,9,gaba,8,2
549652,TmY3,20859,LC4,9,acetylcholine,24,6
531217,Tm4,20859,LC4,9,acetylcholine,14,9
519805,MeLo2,20859,LC4,9,acetylcholine,11,11
516320,T2,20859,LC4,9,acetylcholine,12,11
516276,T2,20859,LC4,9,acetylcholine,4,3
514102,Tm2,20859,LC4,9,acetylcholine,13,11
512602,Tm2,20859,LC4,9,acetylcholine,14,11
512603,Tm4,20859,LC4,9,acetylcholine,24,1
63439,Tm4,20859,LC4,9,acetylcholine,26,12
47513,Tlp12,20859,LC4,9,glutamate,15,11
33563,LC9,20859,LC4,9,acetylcholine,20,6
23145,T2,20859,LC4,9,acetylcholine,16,11
121977,Tm4,38065,LC4,9,acetylcholine,17,11
85907,Tm3,38065,LC4,9,acetylcholine,18,11
84072,Tm4,38065,LC4,9,acetylcholine,19,11
79433,Tm4,38065,LC4,9,acetylcholine,20,11
72843,T2,38065,LC4,9,acetylcholine,21,11
60106,Tm2,38065,LC4,9,acetylcholine,26,3
57326,Tm2,38065,LC4,9,acetylcholine,22,11
54274,TmY3,38065,LC4,9,acetylcholine,26,9
53288,TmY3,38065,LC4,9,acetylcholine,5,14
51770,TmY3,38065,LC4,9,acetylcholine,6,13
16033,Li28,38065,LC4,9,gaba,6,0
540511,TmY3,27829,LC4,9,acetylcholine,1,10
529222,Tm3,27829,LC4,9,acetylcholine,23,11
520558,T2,27829,LC4,9,acetylcholine,20,20
455618,LC15,27829,LC4,9,acetylcholine,24,11
73275,Tm3,27829,LC4,9,acetylcholine,25,11
47251,Tm2,27829,LC4,9,acetylcholine,26,11
38072,Li25,27829,LC4,9,gaba,28,24
22922,LC4,27829,LC4,9,acetylcholine,17,3
18413,Li17,27829,LC4,9,gaba,9,8
17592,Tlp14,27829,LC4,9,glutamate,18,28
15049,LPLC1,27829,LC4,9,acetylcholine,27,11
11102,PVLP046,27829,LC4,9,gaba,20,4
68730,T2,17926,LC4,9,acetylcholine,28,11
65988,T2,17926,LC4,9,acetylcholine,4,16
64862,Tm4,17926,LC4,9,acetylcholine,29,11
64158,T2,17926,LC4,9,acetylcholine,30,11
24853,Tlp14,17926,LC4,9,glutamate,4,30
19454,PVLP024,17926,LC4,9,gaba,3,11
16475,PVLP024,17926,LC4,9,gaba,20,7
16128,LC4,17926,LC4,9,acetylcholine,18,2
10297,LHAD1g1,17926,LC4,9,gaba,31,29
101762,Tm4,31262,LC4,9,acetylcholine,31,11
97570,TmY3,31262,LC4,9,acetylcholine,18,30
96243,T2,31262,LC4,9,acetylcholine,24,5
91408,Tm4,31262,LC4,9,acetylcholine,0,12
91023,T2,31262,LC4,9,acetylcholine,7,26
87910,Tm37,31262,LC4,9,glutamate,1,12
61569,TmY3,31262,LC4,9,acetylcholine,2,12
48311,Li14,31262,LC4,9,glutamate,3,12
30803,LC4,31262,LC4,9,acetylcholine,2,24
25607,PVLP046,31262,LC4,9,gaba,12,3
20542,LC4,31262,LC4,9,acetylcholine,8,4
14079,MeLo8,31262,LC4,9,gaba,30,26
11254,LT41,31262,LC4,9,gaba,31,10
562833,Tm5Y,23226,LC4,9,acetylcholine,4,12
529133,Tm4,23226,LC4,9,acetylcholine,7,24
521137,TmY3,23226,LC4,9,acetylcholine,13,2
516771,Tm37,23226,LC4,9,glutamate,5,12
512593,T2,23226,LC4,9,acetylcholine,22,9
512329,LC9,23226,LC4,9,acetylcholine,23,1
125191,Tm4,23226,LC4,9,acetylcholine,6,12
100777,Tm3,23226,LC4,9,acetylcholine,7,12
61469,T2,23226,LC4,9,acetylcholine,1,11
43574,Y12,23226,LC4,9,glutamate,8,12
25080,Li26,23226,LC4,9,gaba,9,12
539951,Tm2,518983,LC4,9,acetylcholine,10,12
539255,Tm4,518983,LC4,9,acetylcholine,11,12
539013,Tlp12,518983,LC4,9,glutamate,12,12
533202,TmY3,518983,LC4,9,acetylcholine,16,23
530419,Tm4,518983,LC4,9,acetylcholine,0,17
529849,Tm5Y,518983,LC4,9,acetylcholine,13,12
524884,Li14,518983,LC4,9,glutamate,14,12
519067,Tm2,518983,LC4,9,acetylcholine,15,12
517731,T2,518983,LC4,9,acetylcholine,16,12
514162,T2,518983,LC4,9,acetylcholine,2,22
152436,LC9,518983,LC4,9,acetylcholine,17,12
107579,T2,518983,LC4,9,acetylcholine,18,4
82281,T2,518983,LC4,9,acetylcholine,18,12
47362,Tm2,518983,LC4,9,acetylcholine,12,8
29077,MeLo2,518983,LC4,9,acetylcholine,19,12
18096,T2,518983,LC4,9,acetylcholine,30,28
17939,PVLP046,518983,LC4,9,gaba,1,19
546072,Tm3,12349,LC4,9,acetylcholine,20,12
540425,Tm4,12349,LC4,9,acetylcholine,21,12
539770,Li15,12349,LC4,9,gaba,22,12
531486,Tm2,12349,LC4,9,acetylcholine,23,12
530603,Tm4,12349,LC4,9,acetylcholine,24,12
526929,T2,12349,LC4,9,acetylcholine,25,12
518655,TmY3,12349,LC4,9,acetylcholine,29,9
515603,Tm2,12349,LC4,9,acetylcholine,26,12
116328,T2,12349,LC4,9,acetylcholine,2,3
108454,T2,12349,LC4,9,acetylcholine,27,12
76175,T2,12349,LC4,9,acetylcholine,29,8
52698,Tlp12,12349,LC4,9,glutamate,28,12
32780,TmY3,12349,LC4,9,acetylcholine,25,28
22772,LC4,12349,LC4,9,acetylcholine,3,28
17596,Li28,12349,LC4,9,gaba,9,2
16475,PVLP024,12349,LC4,9,gaba,20,7
10158,LT56,12349,LC4,9,glutamate,31,5
146416,Tm2,23098,LC4,9,acetylcholine,29,12
128726,Tm3,23098,LC4,9,acetylcholine,30,12
108489,Tm4,23098,LC4,9,acetylcholine,31,12
97974,Tm4,23098,LC4,9,acetylcholine,8,16
80623,Tm2,23098,LC4,9,acetylcholine,0,13
71402,Tm3,23098,LC4,9,acetylcholine,1,13
69015,Tm4,23098,LC4,9,acetylcholine,2,13
68569,Tm4,23098,LC4,9,acetylcholine,3,13
35191,Y11,23098,LC4,9,glutamate,4,13
34026,Li25,23098,LC4,9,gaba,5,11
27194,PVLP046,23098,LC4,9,gaba,18,3
18189,LC4,23098,LC4,9,acetylcholine,4,11
17926,LC4,23098,LC4,9,acetylcholine,5,11
17280,Li28,23098,LC4,9,gaba,1,0
14106,CB2664,23098,LC4,9,acetylcholine,4,17
13850,Li29,23098,LC4,9,gaba,28,11
12237,SAD055,23098,LC4,9,acetylcholine,24,31
11628,LT40,23098,LC4,9,gaba,27,4
536020,Tm4,17478,LC4,9,acetylcholine,13,9
533383,Tm37,17478,LC4,9,glutamate,5,13
530094,Tm4,17478,LC4,9,acetylcholine,6,13
524039,Li15,17478,LC4,9,gaba,12,10
517274,Tm4,17478,LC4,9,acetylcholine,7,13
516036,Tlp13,17478,LC4,9,glutamate,8,13
514834,Tm4,17478,LC4,9,acetylcholine,9,13
512386,T2,17478,LC4,9,acetylcholine,10,13
129906,T2,17478,LC4,9,acetylcholine,18,24
111123,T2,17478,LC4,9,acetylcholine,21,19
67066,Li14,17478,LC4,9,glutamate,11,13
50674,TmY3,17478,LC4,9,acetylcholine,7,24
33376,Tm2,17478,LC4,9,acetylcholine,12,13
24363,LC14a-1,17478,LC4,9,acetylcholine,11,6
20440,LC4,17478,LC4,9,acetylcholine,17,4
10251,MeVP53,17478,LC4,9,gaba,13,27
513904,SAD049,34845,LC4,9,acetylcholine,8,14
107912,Tm37,34845,LC4,9,glutamate,13,13
93394,TmY3,34845,LC4,9,acetylcholine,9,13
85073,Tm4,34845,LC4,9,acetylcholine,14,13
77101,Tm4,34845,LC4,9,acetylcholine,15,13
65731,T2,34845,LC4,9,acetylcholine,6,18
21509,T2,34845,LC4,9,acetylcholine,31,8
16809,LC4,34845,LC4,9,acetylcholine,7,20
530348,T2,17653,LC4,9,acetylcholine,9,6
520449,LC4,17653,LC4,9,acetylcholine,0,2
515900,LC4,17653,LC4,9,acetylcholine,0,23
515355,Tm37,17653,LC4,9,glutamate,16,13
511894,Li15,17653,LC4,9,gaba,20,19
98415,T2,17653,LC4,9,acetylcholine,11,26
84281,Tm4,17653,LC4,9,acetylcholine,17,13
82352,Tm4,17653,LC4,9,acetylcholine,18,13
67053,Tm3,17653,LC4,9,acetylcholine,19,13
58912,Tm3,17653,LC4,9,acetylcholine,20,13
56761,T2,17653,LC4,9,acetylcholine,11,18
43879,Tlp12,17653,LC4,9,glutamate,14,22
36180,Tlp14,17653,LC4,9,glutamate,21,13
33374,Tm4,17653,LC4,9,acetylcholine,22,13
32903,TmY3,17653,LC4,9,acetylcholine,17,10
31994,Y11,17653,LC4,9,glutamate,23,13
27388,Tm4,17653,LC4,9,acetylcholine,24,13
23832,Li26,17653,LC4,9,gaba,13,19
22257,PVLP046,17653,LC4,9,gaba,16,12
20572,LC4,17653,LC4,9,acetylcholine,25,13
537894,TmY3,20440,LC4,9,acetylcholine,3,5
535418,Tm4,20440,LC4,9,acetylcholine,20,9
513468,Li25,20440,LC4,9,gaba,26,13
138342,T2,20440,LC4,9,acetylcholine,27,13
129620,T2,20440,LC4,9,acetylcholine,28,13
94569,T2,20440,LC4,9,acetylcholine,17,31
92496,T2,20440,LC4,9,acetylcholine,29,13
82367,Tm4,20440,LC4,9,acetylcholine,21,28
75627,TmY3,20440,LC4,9,acetylcholine,26,0
56869,Tm2,20440,LC4,9,acetylcholine,30,13
20967,LC4,20440,LC4,9,acetylcholine,23,8
14888,LC4,20440,LC4,9,acetylcholine,28,25
14166,Tm3,20440,LC4,9,acetylcholine,31,13
12680,TmY19a,20440,LC4,9,gaba,9,9
591525,,17340,LC4,9,gaba,0,14
535634,TmY3,17340,LC4,9,acetylcholine,4,13
534198,T2,17340,LC4,9,acetylcholine,1,14
533129,LC4,17340,LC4,9,acetylcholine,2,22
517734,TmY19a,17340,LC4,9,gaba,2,14
89515,T2,17340,LC4,9,acetylcholine,4,29
82822,Tm4,17340,LC4,9,acetylcholine,9,0
80327,T2,17340,LC4,9,acetylcholine,19,4
70183,TmY3,17340,LC4,9,acetylcholine,24,29
63256,TmY3,17340,LC4,9,acetylcholine,30,8
60981,Tm2,17340,LC4,9,acetylcholine,3,14
44473,Tm4,17340,LC4,9,acetylcholine,4,14
26229,TmY3,17340,LC4,9,acetylcholine,5,14
22922,LC4,17340,LC4,9,acetylcholine,17,3
14888,LC4,17340,LC4,9,acetylcholine,28,25
95626,TmY18,22975,LC4,9,acetylcholine,6,14
62043,Tm37,22975,LC4,9,glutamate,7,14
61161,Tm2,22975,LC4,9,acetylcholine,8,14
60702,Tm2,22975,LC4,9,acetylcholine,9,14
58827,Tm2,22975,LC4,9,acetylcholine,10,14
51306,TmY3,22975,LC4,9,acetylcholine,11,13
48681,Li14,22975,LC4,9,glutamate,11,14
33474,SAD049,22975,LC4,9,acetylcholine,24,18
30856,LC9,22975,LC4,9,acetylcholine,5,9
17939,PVLP046,22975,LC4,9,gaba,1,19
15468,MeLo8,22975,LC4,9,gaba,8,9
11394,Li16,22975,LC4,9,glutamate,20,27
542102,Tm2,24523,LC4,9,acetylcholine,12,14
537154,T2,24523,LC4,9,acetylcholine,20,1
536976,TmY3,24523,LC4,9,acetylcholine,3,8
526343,T2,24523,LC4,9,acetylcholine,12,14
66109,T2,24523,LC4,9,acetylcholine,23,24
35844,TmY3,24523,LC4,9,acetylcholine,1,31
28067,T2,24523,LC4,9,acetylcholine,13,14
27194,PVLP046,24523,LC4,9,gaba,18,3
541557,TmY3,20967,LC4,9,acetylcholine,16,10
537452,T2,20967,LC4,9,acetylcholine,13,3
537154,T2,20967,LC4,9,acetylcholine,20,1
533950,Tm2,20967,LC4,9,acetylcholine,14,14
519931,LC4,20967,LC4,9,acetylcholine,15,14
511895,T2,20967,LC4,9,acetylcholine,16,14
140974,LC9,20967,LC4,9,acetylcholine,17,14
71242,Tm3,20967,LC4,9,acetylcholine,18,14
50378,Tm3,20967,LC4,9,acetylcholine,19,14
42303,TmY3,20967,LC4,9,acetylcholine,19,11
26383,Tm2,20967,LC4,9,acetylcholine,29,21
16475,PVLP024,20967,LC4,9,gaba,20,7
15428,Li26,20967,LC4,9,gaba,11,6
12824,LC4,20967,LC4,9,acetylcholine,9,24
12722,LoVC21,20967,LC4,9,gaba,3,1
11102,PVLP046,20967,LC4,9,gaba,20,4
10158,LT56,20967,LC4,9,glutamate,31,5
545862,T2,35616,LC4,9,acetylcholine,19,3
543178,Tm4,35616,LC4,9,acetylcholine,26,20
539288,Tm3,35616,LC4,9,acetylcholine,20,14
531168,T2,35616,LC4,9,acetylcholine,7,13
523479,MeLo8,35616,LC4,9,gaba,0,8
519434,Tm4,35616,LC4,9,acetylcholine,21,14
94713,T2,35616,LC4,9,acetylcholine,2,30
72639,T2,35616,LC4,9,acetylcholine,22,14
64533,T2,35616,LC4,9,acetylcholine,23,14
45105,Tm3,35616,LC4,9,acetylcholine,24,14
35326,Tm2,35616,LC4,9,acetylcholine,25,14
24794,LPLC1,35616,LC4,9,acetylcholine,29,6
512528,TmY3,535341,LC4,9,acetylcholine,26,5
121243,T2,535341,LC4,9,acetylcholine,26,14
74787,Tm4,535341,LC4,9,acetylcholine,27,14
73140,T2,535341,LC4,9,acetylcholine,30,23
54978,Tm2,535341,LC4,9,acetylcholine,28,14
25438,SAD064,535341,LC4,9,acetylcholine,5,5
19454,PVLP024,535341,LC4,9,gaba,3,11
19186,Tm3,535341,LC4,9,acetylcholine,29,14
15736,TmY19a,535341,LC4,9,gaba,30,14
15640,Y14,535341,LC4,9,glutamate,31,14
10776,LoVC7,535341,LC4,9,gaba,2,1
10158,LT56,535341,LC4,9,glutamate,31,5
535789,Tm37,512366,LC4,9,glutamate,0,15
530029,LC4,512366,LC4,9,acetylcholine,17,25
156883,Tm4,512366,LC4,9,acetylcholine,1,15
96294,T2,512366,LC4,9,acetylcholine,2,15
76459,Tm2,512366,LC4,9,acetylcholine,3,15
58328,Tm2,512366,LC4,9,acetylcholine,4,15
39597,TmY19a,512366,LC4,9,gaba,5,15
36522,T2,512366,LC4,9,acetylcholine,17,1
30087,LC4,512366,LC4,9,acetylcholine,1,26
29469,LC4,512366,LC4,9,acetylcholine,6,15
25607,PVLP046,512366,LC4,9,gaba,12,3
23537,TmY19b,512366,LC4,9,unclear,7,15
16809,LC4,512366,LC4,9,acetylcholine,7,20
13846,Li29,512366,LC4,9,gaba,23,21
12196,Li29,512366,LC4,9,gaba,28,22
113522,Tm4,30480,LC4,9,acetylcholine,23,14
91708,Tm3,30480,LC4,9,acetylcholine,8,15
82974,Tm4,30480,LC4,9,acetylcholine,6,14
81938,Tm2,30480,LC4,9,acetylcholine,9,15
80984,T2,30480,LC4,9,acetylcholine,4,7
80416,Tm4,30480,LC4,9,acetylcholine,15,9
78027,Tlp13,30480,LC4,9,glutamate,10,15
65036,Tm2,30480,LC4,9,acetylcholine,11,15
64011,LPT111,30480,LC4,9,gaba,12,15
54766,TmY3,30480,LC4,9,acetylcholine,26,8
42393,Y11,30480,LC4,9,glutamate,13,15
40833,LC14a-1,30480,LC4,9,acetylcholine,31,14
23304,TmY19a,30480,LC4,9,gaba,14,24
22034,LC4,30480,LC4,9,acetylcholine,14,15
17289,Li29,30480,LC4,9,gaba,13,1
16007,TmY19a,30480,LC4,9,gaba,19,2
15909,Li28,30480,LC4,9,gaba,27,0
14462,MeLo8,30480,LC4,9,gaba,17,2
535293,Tm2,31301,LC4,9,acetylcholine,15,10
534754,TmY3,31301,LC4,9,acetylcholine,21,5
524951,Tm4,31301,LC4,9,acetylcholine,15,15
77101,Tm4,31301,LC4,9,acetylcholine,15,13
43599,LC9,31301,LC4,9,acetylcholine,29,19
17596,Li28,31301,LC4,9,gaba,9,2
16475,PVLP024,31301,LC4,9,gaba,20,7
13875,MeLo8,31301,LC4,9,gaba,25,4
532843,Tm2,512705,LC4,9,acetylcholine,16,15
526657,Tm3,512705,LC4,9,acetylcholine,17,15
520417,Tm4,512705,LC4,9,acetylcholine,18,15
519931,LC4,512705,LC4,9,acetylcholine,15,14
124220,T2,512705,LC4,9,acetylcholine,16,0
79616,Tm4,512705,LC4,9,acetylcholine,19,15
67536,T2,512705,LC4,9,acetylcholine,20,15
34028,T2,512705,LC4,9,acetylcholine,21,15
33137,LC4,512705,LC4,9,acetylcholine,22,15
29285,Tm2,512705,LC4,9,acetylcholine,23,15
23409,Tlp14,512705,LC4,9,glutamate,24,15
23006,Tm4,512705,LC4,9,acetylcholine,5,2
14209,Li28,512705,LC4,9,gaba,7,1
10158,LT56,512705,LC4,9,glutamate,31,5
78291,Tm4,22034,LC4,9,acetylcholine,25,15
77816,Tm4,22034,LC4,9,acetylcholine,26,15
73989,T2,22034,LC4,9,acetylcholine,27,15
73392,T2,22034,LC4,9,acetylcholine,13,6
69579,T2,22034,LC4,9,acetylcholine,26,27
63579,Tm2,22034,LC4,9,acetylcholine,28,15
56853,Tm2,22034,LC4,9,acetylcholine,29,15
54274,TmY3,22034,LC4,9,acetylcholine,26,9
52894,Tm2,22034,LC4,9,acetylcholine,30,15
50667,TmY3,22034,LC4,9,acetylcholine,2,10
36098,LC9,22034,LC4,9,acetylcholine,2,4
30356,LC9,22034,LC4,9,acetylcholine,12,9
22774,Li26,22034,LC4,9,gaba,31,15
14155,CB2940,22034,LC4,9,acetylcholine,17,17
955658695,Li17,515476,LC4,9,gaba,20,15
546550,TmY3,515476,LC4,9,acetylcholine,24,18
542761,T2,515476,LC4,9,acetylcholine,0,16
543022,Tm3,515476,LC4,9,acetylcholine,1,16
531556,T2,515476,LC4,9,acetylcholine,2,16
524817,MeLo2,515476,LC4,9,acetylcholine,3,16
515502,Tm4,515476,LC4,9,acetylcholine,25,18
89907,T2,515476,LC4,9,acetylcholine,7,12
87510,Tm3,515476,LC4,9,acetylcholine,4,16
80151,T2,515476,LC4,9,acetylcholine,4,8
59786,TmY3,515476,LC4,9,acetylcholine,5,3
37337,T2,515476,LC4,9,acetylcholine,5,16
34532,LC9,515476,LC4,9,acetylcholine,14,4
30842,Tlp14,515476,LC4,9,glutamate,6,16
27194,PVLP046,515476,LC4,9,gaba,18,3
103988,T2,30803,LC4,9,acetylcholine,7,16
95202,Tm3,30803,LC4,9,acetylcholine,8,16
95003,Tm4,30803,LC4,9,acetylcholine,7,3
93217,Tm4,30803,LC4,9,acetylcholine,28,7
92329,Tm2,30803,LC4,9,acetylcholine,9,16
86294,Tm4,30803,LC4,9,acetylcholine,10,16
83430,Tm2,30803,LC4,9,acetylcholine,11,16
72004,T2,30803,LC4,9,acetylcholine,12,16
67130,Y13,30803,LC4,9,glutamate,13,16
63852,Tlp13,30803,LC4,9,glutamate,14,16
42393,Y11,30803,LC4,9,glutamate,13,15
581201,Li14,524899,LC4,9,glutamate,15,16
535466,TmY3,524899,LC4,9,acetylcholine,4,16
524037,MeLo8,524899,LC4,9,gaba,28,0
518927,T2,524899,LC4,9,acetylcholine,16,16
516929,T2,524899,LC4,9,acetylcholine,20,28
150143,T2,524899,LC4,9,acetylcholine,17,16
100820,Tm3,524899,LC4,9,acetylcholine,18,16
87129,T2,524899,LC4,9,acetylcholine,11,11
86482,Tm4,524899,LC4,9,acetylcholine,19,16
74249,Tm4,524899,LC4,9,acetylcholine,20,16
44971,Tm4,524899,LC4,9,acetylcholine,24,2
28252,Li25,524899,LC4,9,gaba,13,10
23875,Li26,524899,LC4,9,gaba,13,21
15182,Li17,524899,LC4,9,gaba,17,1
12710,LoVC14,524899,LC4,9,gaba,27,22
580564,Tlp13,32597,LC4,9,glutamate,21,16
530029,LC4,32597,LC4,9,acetylcholine,17,25
518439,LC4,32597,LC4,9,acetylcholine,9,11
174748,Tm3,32597,LC4,9,acetylcholine,8,24
161958,T2,32597,LC4,9,acetylcholine,22,16
151883,T2,32597,LC4,9,acetylcholine,23,16
143695,T2,32597,LC4,9,acetylcholine,24,16
85328,Tm4,32597,LC4,9,acetylcholine,25,16
27194,PVLP046,32597,LC4,9,gaba,18,3
15516,LC9,32597,LC4,9,acetylcholine,21,19
11102,PVLP046,32597,LC4,9,gaba,20,4
543160,Tm4,526286,LC4,9,acetylcholine,26,16
533129,LC4,526286,LC4,9,acetylcholine,2,22
529815,Tm4,526286,LC4,9,acetylcholine,27,16
519744,T2,526286,LC4,9,acetylcholine,31,15
518885,TmY3,526286,LC4,9,acetylcholine,25,14
516411,Tm3,526286,LC4,9,acetylcholine,28,16
515900,LC4,526286,LC4,9,acetylcholine,0,23
512525,TmY3,526286,LC4,9,acetylcholine,12,25
77651,Tm3,526286,LC4,9,acetylcholine,29,16
76166,Tm2,526286,LC4,9,acetylcholine,30,16
75047,T2,526286,LC4,9,acetylcholine,31,16
46005,Tm2,526286,LC4,9,acetylcholine,0,17
43111,T2,526286,LC4,9,acetylcholine,21,23
34581,T2,526286,LC4,9,acetylcholine,13,8
559048,T2,33137,LC4,9,acetylcholine,5,17
519931,LC4,33137,LC4,9,acetylcholine,15,14
80752,Tm4,33137,LC4,9,acetylcholine,10,0
77773,T2,33137,LC4,9,acetylcholine,1,17
70183,TmY3,33137,LC4,9,acetylcholine,24,29
40098,Tm3,33137,LC4,9,acetylcholine,2,17
34320,Li25,33137,LC4,9,gaba,20,22
31409,Li26,33137,LC4,9,gaba,3,17
581358,T2,27750,LC4,9,acetylcholine,6,11
519152,T2,27750,LC4,9,acetylcholine,4,17
167402,T2,27750,LC4,9,acetylcholine,2,26
129139,Tm3,27750,LC4,9,acetylcholine,5,17
114198,Tm3,27750,LC4,9,acetylcholine,6,17
77101,Tm4,27750,LC4,9,acetylcholine,15,13
49482,Tm2,27750,LC4,9,acetylcholine,7,17
13733,MeLo8,27750,LC4,9,gaba,3,26
125747,Tm4,17860,LC4,9,acetylcholine,8,17
92861,T2,17860,LC4,9,acetylcholine,9,17
84124,T2,17860,LC4,9,acetylcholine,21,0
83389,T2,17860,LC4,9,acetylcholine,6,5
82802,TmY3,17860,LC4,9,acetylcholine,2,13
62335,Y14,17860,LC4,9,glutamate,10,17
29190,MeLo12,17860,LC4,9,glutamate,26,25
23047,Li28,17860,LC4,9,gaba,20,0
15814,TmY19a,17860,LC4,9,gaba,26,26
15440,Li17,17860,LC4,9,gaba,0,3
88599,T2,21287,LC4,9,acetylcholine,11,17
80243,T2,21287,LC4,9,acetylcholine,12,17
77194,Tm4,21287,LC4,9,acetylcholine,10,25
75274,Tm4,21287,LC4,9,acetylcholine,3,5
75081,Tm4,21287,LC4,9,acetylcholine,29,24
74827,Tm4,21287,LC4,9,acetylcholine,13,17
58376,TmY3,21287,LC4,9,acetylcholine,11,15
44518,Y11,21287,LC4,9,glutamate,14,17
30449,LC9,21287,LC4,9,acetylcholine,15,29
15909,Li28,21287,LC4,9,gaba,27,0
127686,Tm3,18189,LC4,9,acetylcholine,15,17
77223,Tm3,18189,LC4,9,acetylcholine,16,17
76357,Tm3,18189,LC4,9,acetylcholine,17,17
75142,T2,18189,LC4,9,acetylcholine,17,14
70015,T2,18189,LC4,9,acetylcholine,30,29
68890,T2,18189,LC4,9,acetylcholine,18,17
68493,T2,18189,LC4,9,acetylcholine,10,19
66986,Tm4,18189,LC4,9,acetylcholine,19,17
66706,Tm4,18189,LC4,9,acetylcholine,20,17
65052,T2,18189,LC4,9,acetylcholine,28,31
62497,T2,18189,LC4,9,acetylcholine,21,17
61756,T2,18189,LC4,9,acetylcholine,4,31
60594,TmY3,18189,LC4,9,acetylcholine,13,5
58486,Tm3,18189,LC4,9,acetylcholine,22,17
48929,TmY3,18189,LC4,9,acetylcholine,4,13
44724,Tm2,18189,LC4,9,acetylcholine,23,17
40253,Tlp13,18189,LC4,9,glutamate,24,17
23098,LC4,18189,LC4,9,acetylcholine,25,17
20917,LC4,18189,LC4,9,acetylcholine,20,26
12237,SAD055,18189,LC4,9,acetylcholine,24,31
10480,MeVP53,18189,LC4,9,gaba,11,7
544294,TmY3,20572,LC4,9,acetylcholine,18,19
529691,Tm4,20572,LC4,9,acetylcholine,8,31
513525,TmY3,20572,LC4,9,acetylcholine,6,12
101282,T2,20572,LC4,9,acetylcholine,29,2
48074,Tm2,20572,LC4,9,acetylcholine,26,17
30090,T2,20572,LC4,9,acetylcholine,27,17
18350,PVLP046,20572,LC4,9,gaba,25,3
531916,Tm5Y,29469,LC4,9,acetylcholine,28,17
526079,T2,29469,LC4,9,acetylcholine,30,18
70346,T2,29469,LC4,9,acetylcholine,29,17
69278,Tm4,29469,LC4,9,acetylcholine,30,17
34397,Li25,29469,LC4,9,gaba,31,17
30675,TmY3,29469,LC4,9,acetylcholine,13,25
16459,PVLP024,29469,LC4,9,gaba,5,15
10776,LoVC7,29469,LC4,9,gaba,2,1
99712,Tm4,23929,LC4,9,acetylcholine,0,18
98049,T2,23929,LC4,9,acetylcholine,1,18
78464,TmY3,23929,LC4,9,acetylcholine,17,22
76446,TmY3,23929,LC4,9,acetylcholine,2,14
74297,T2,23929,LC4,9,acetylcholine,26,16
73875,T2,23929,LC4,9,acetylcholine,31,6
72862,T2,23929,LC4,9,acetylcholine,2,18
70460,T2,23929,LC4,9,acetylcholine,24,21
66803,T2,23929,LC4,9,acetylcholine,4,14
63498,Tm2,23929,LC4,9,acetylcholine,3,18
61161,Tm2,23929,LC4,9,acetylcholine,8,14
53461,TmY3,23929,LC4,9,acetylcholine,25,9
22966,LC4,23929,LC4,9,acetylcholine,24,27
19702,TmY19b,23929,LC4,9,gaba,4,18
527699,SAD064,20399,LC4,9,acetylcholine,4,13
116094,Tm4,20399,LC4,9,acetylcholine,5,18
105899,TmY18,20399,LC4,9,acetylcholine,6,18
92481,TmY3,20399,LC4,9,acetylcholine,11,18
86412,Tm4,20399,LC4,9,acetylcholine,7,18
85651,Tm4,20399,LC4,9,acetylcholine,8,18
85055,T2,20399,LC4,9,acetylcholine,9,18
83556,Tm3,20399,LC4,9,acetylcholine,10,18
81353,T2,20399,LC4,9,acetylcholine,11,18
76895,T2,20399,LC4,9,acetylcholine,12,18
75529,T2,20399,LC4,9,acetylcholine,23,26
74047,Tm4,20399,LC4,9,acetylcholine,19,10
61619,Tm37,20399,LC4,9,glutamate,13,18
55085,Tm2,20399,LC4,9,acetylcholine,14,18
49471,TmY3,20399,LC4,9,acetylcholine,10,6
47253,Tlp12,20399,LC4,9,glutamate,15,18
19454,PVLP024,20399,LC4,9,gaba,3,11
16140,TmY19a,20399,LC4,9,gaba,16,18
13797,Li29,20399,LC4,9,gaba,8,29
11254,LT41,20399,LC4,9,gaba,31,10
10480,MeVP53,20399,LC4,9,gaba,11,7
560312,T2,30087,LC4,9,acetylcholine,19,18
531373,Tm4,30087,LC4,9,acetylcholine,17,18
530029,LC4,30087,LC4,9,acetylcholine,17,25
529899,Tm4,30087,LC4,9,acetylcholine,18,18
521137,TmY3,30087,LC4,9,acetylcholine,13,2
521138,Tm2,30087,LC4,9,acetylcholine,19,18
517439,Tm2,30087,LC4,9,acetylcholine,20,18
515385,Tm4,30087,LC4,9,acetylcholine,21,18
122875,Tm3,30087,LC4,9,acetylcholine,22,18
111734,Tm3,30087,LC4,9,acetylcholine,23,18
106754,T2,30087,LC4,9,acetylcholine,24,18
70065,T2,30087,LC4,9,acetylcholine,24,2
65799,Tlp12,30087,LC4,9,glutamate,7,1
30675,TmY3,30087,LC4,9,acetylcholine,13,25
25209,LPLC2,30087,LC4,9,acetylcholine,25,18
22257,PVLP046,30087,LC4,9,gaba,16,12
13875,MeLo8,30087,LC4,9,gaba,25,4
10182,T2,30087,LC4,9,acetylcholine,26,18
526014,TmY3,518439,LC4,9,acetylcholine,6,11
141465,T2,518439,LC4,9,acetylcholine,23,4
135317,Tm4,518439,LC4,9,acetylcholine,27,18
128950,Tm4,518439,LC4,9,acetylcholine,28,18
121638,Li14,518439,LC4,9,glutamate,29,18
120095,T2,518439,LC4,9,acetylcholine,10,11
100656,Tm4,518439,LC4,9,acetylcholine,26,18
99959,Tm3,518439,LC4,9,acetylcholine,30,18
92093,Tm4,518439,LC4,9,acetylcholine,31,18
73363,Tm2,518439,LC4,9,acetylcholine,0,19
67990,TmY3,518439,LC4,9,acetylcholine,8,6
63432,TmY3,518439,LC4,9,acetylcholine,11,25
27194,PVLP046,518439,LC4,9,gaba,18,3
26871,Tlp12,518439,LC4,9,glutamate,26,16
23063,Li26,518439,LC4,9,gaba,1,19
303431,Tm4,17608,LC4,9,acetylcholine,2,19
195329,Tm4,17608,LC4,9,acetylcholine,3,19
160764,T2,17608,LC4,9,acetylcholine,26,30
99649,Tm2,17608,LC4,9,acetylcholine,4,19
57547,Y14,17608,LC4,9,glutamate,5,19
56972,TmY3,17608,LC4,9,acetylcholine,20,21
29514,LC4,17608,LC4,9,acetylcholine,15,27
20434,PVLP046,17608,LC4,9,gaba,0,21
16475,PVLP024,17608,LC4,9,gaba,20,7
125224,TmY18,22847,LC4,9,acetylcholine,6,19
112584,Tm4,22847,LC4,9,acetylcholine,5,3
100716,Tm4,22847,LC4,9,acetylcholine,17,23
93204,Tm3,22847,LC4,9,acetylcholine,7,19
89426,T2,22847,LC4,9,acetylcholine,8,19
79537,Tm4,22847,LC4,9,acetylcholine,16,9
50644,TmY3,22847,LC4,9,acetylcholine,28,17
38539,MeLo2,22847,LC4,9,acetylcholine,9,19
20434,PVLP046,22847,LC4,9,gaba,0,21
15221,CB4179,22847,LC4,9,gaba,10,19
12215,PVLP122,22847,LC4,9,acetylcholine,11,19
137130,Tm3,20673,LC4,9,acetylcholine,12,19
90860,Tm3,20673,LC4,9,acetylcholine,7,5
87573,T2,20673,LC4,9,acetylcholine,22,10
81152,T2,20673,LC4,9,acetylcholine,13,19
77788,T2,20673,LC4,9,acetylcholine,29,5
77141,Tm4,20673,LC4,9,acetylcholine,14,19
75746,T2,20673,LC4,9,acetylcholine,6,13
61769,Tm37,20673,LC4,9,glutamate,15,19
25956,Li30,20673,LC4,9,gaba,9,8
13588,Li30,20673,LC4,9,gaba,12,1
562292,T2,518016,LC4,9,acetylcholine,30,19
540511,TmY3,518016,LC4,9,acetylcholine,1,10
519899,LoVC15,518016,LC4,9,gaba,16,19
516547,TmY3,518016,LC4,9,acetylcholine,5,24
512942,TmY3,518016,LC4,9,acetylcholine,12,16
167071,T2,518016,LC4,9,acetylcholine,17,19
103649,T2,518016,LC4,9,acetylcholine,18,19
74122,T2,518016,LC4,9,acetylcholine,26,31
73825,Tm4,518016,LC4,9,acetylcholine,1,15
49810,TmY3,518016,LC4,9,acetylcholine,10,3
39435,Tlp12,518016,LC4,9,glutamate,19,19
31593,Li25,518016,LC4,9,gaba,28,12
15747,Tm2,518016,LC4,9,acetylcholine,20,19
536655,Tm4,20976,LC4,9,acetylcholine,19,28
534321,T2,20976,LC4,9,acetylcholine,6,28
530535,Y12,20976,LC4,9,glutamate,21,19
525633,Tlp12,20976,LC4,9,glutamate,17,10
518670,T2,20976,LC4,9,acetylcholine,22,19
145978,TmY3,20976,LC4,9,acetylcholine,15,25
89577,Tm3,20976,LC4,9,acetylcholine,23,19
83354,TmY3,20976,LC4,9,acetylcholine,27,12
70826,Tm4,20976,LC4,9,acetylcholine,30,2
56813,Tm2,20976,LC4,9,acetylcholine,24,19
34536,Tm4,20976,LC4,9,acetylcholine,25,19
20434,PVLP046,20976,LC4,9,gaba,0,21
12196,Li29,20976,LC4,9,gaba,28,22
580162,Tm4,31308,LC4,9,acetylcholine,4,0
543562,TmY3,31308,LC4,9,acetylcholine,3,25
525908,Tm4,31308,LC4,9,acetylcholine,26,19
137521,T2,31308,LC4,9,acetylcholine,22,8
125191,Tm4,31308,LC4,9,acetylcholine,6,12
92887,T2,31308,LC4,9,acetylcholine,19,2
82417,Tm3,31308,LC4,9,acetylcholine,27,19
58388,Tm4,31308,LC4,9,acetylcholine,23,5
36868,TmY3,31308,LC4,9,acetylcholine,0,14
13600,CB2664,31308,LC4,9,acetylcholine,10,21
12225,LoVC15,31308,LC4,9,gaba,28,19
562292,T2,17270,LC4,9,acetylcholine,30,19
525705,Li25,17270,LC4,9,gaba,28,23
517727,Tm5Y,17270,LC4,9,acetylcholine,29,19
516157,T2,17270,LC4,9,acetylcholine,29,27
253475,Tm3,17270,LC4,9,acetylcholine,30,19
167071,T2,17270,LC4,9,acetylcholine,17,19
165595,T2,17270,LC4,9,acetylcholine,31,19
74122,T2,17270,LC4,9,acetylcholine,26,31
64737,Tm4,17270,LC4,9,acetylcholine,9,13
50867,Tm2,17270,LC4,9,acetylcholine,0,20
41265,TmY3,17270,LC4,9,acetylcholine,30,11
31593,Li25,17270,LC4,9,gaba,28,12
20967,LC4,17270,LC4,9,acetylcholine,23,8
19292,Li28,17270,LC4,9,gaba,13,0
18117,TmY3,17270,LC4,9,acetylcholine,11,5
16475,PVLP024,17270,LC4,9,gaba,20,7
14535,LPLC1,17270,LC4,9,acetylcholine,1,20
13308,Li29,17270,LC4,9,gaba,14,19
13086,LPLC1,17270,LC4,9,acetylcholine,2,20
12349,LC4,17270,LC4,9,acetylcholine,2,20
539310,Tm4,516909,LC4,9,acetylcholine,30,22
533989,Y12,516909,LC4,9,glutamate,3,20
514407,Li29,516909,LC4,9,gaba,1,23
131699,Tm4,516909,LC4,9,acetylcholine,4,20
82983,T2,516909,LC4,9,acetylcholine,29,16
80805,Tm4,516909,LC4,9,acetylcholine,5,20
65536,Y11,516909,LC4,9,glutamate,6,20
53775,T2,516909,LC4,9,acetylcholine,7,20
12710,LoVC14,516909,LC4,9,gaba,27,22
548699,T2,515900,LC4,9,acetylcholine,15,4
543288,Tm4,515900,LC4,9,acetylcholine,8,20
535982,Tm3,515900,LC4,9,acetylcholine,9,20
534763,Tm4,515900,LC4,9,acetylcholine,10,20
533525,Tm2,515900,LC4,9,acetylcholine,11,20
528980,T2,515900,LC4,9,acetylcholine,12,20
526184,TmY3,515900,LC4,9,acetylcholine,23,9
518544,LC4,515900,LC4,9,acetylcholine,13,20
516900,LC9,515900,LC4,9,acetylcholine,14,20
92661,T2,515900,LC4,9,acetylcholine,15,20
80817,Tm2,515900,LC4,9,acetylcholine,16,20
77720,Tm3,515900,LC4,9,acetylcholine,17,20
69212,Tm3,515900,LC4,9,acetylcholine,18,20
56804,Tm4,515900,LC4,9,acetylcholine,19,20
56761,T2,515900,LC4,9,acetylcholine,11,18
51716,TmY3,515900,LC4,9,acetylcholine,20,20
49746,TmY3,515900,LC4,9,acetylcholine,21,20
19292,Li28,515900,LC4,9,gaba,13,0
12710,LoVC14,515900,LC4,9,gaba,27,22
12242,SAD055,515900,LC4,9,acetylcholine,22,8
566019,Tm4,31429,LC4,9,acetylcholine,22,20
531550,T2,31429,LC4,9,acetylcholine,24,23
530648,TmY3,31429,LC4,9,acetylcholine,0,29
113094,T2,31429,LC4,9,acetylcholine,23,20
77215,Tm4,31429,LC4,9,acetylcholine,9,25
51705,T2,31429,LC4,9,acetylcholine,18,14
45698,T2,31429,LC4,9,acetylcholine,24,20
42988,TmY3,31429,LC4,9,acetylcholine,19,16
27194,PVLP046,31429,LC4,9,gaba,18,3
24238,Tm4,31429,LC4,9,acetylcholine,25,20
19739,TmY3,31429,LC4,9,acetylcholine,21,13
17785,TmY19a,31429,LC4,9,gaba,26,20
11524,TmY19a,31429,LC4,9,gaba,11,15
539413,LT56,19794,LC4,9,glutamate,4,14
113309,T2,19794,LC4,9,acetylcholine,27,20
92692,Tm3,19794,LC4,9,acetylcholine,28,20
91475,T2,19794,LC4,9,acetylcholine,23,11
90583,T2,19794,LC4,9,acetylcholine,29,20
88756,T2,19794,LC4,9,acetylcholine,14,17
88004,Tm4,19794,LC4,9,acetylcholine,30,20
87107,Tm4,19794,LC4,9,acetylcholine,31,20
86782,T2,19794,LC4,9,acetylcholine,0,21
86598,T2,19794,LC4,9,acetylcholine,16,26
82688,T2,19794,LC4,9,acetylcholine,28,13
79302,Tm4,19794,LC4,9,acetylcholine,1,21
79091,Tm4,19794,LC4,9,acetylcholine,2,21
77155,Tm4,19794,LC4,9,acetylcholine,29,29
75768,Tm3,19794,LC4,9,acetylcholine,3,21
70015,T2,19794,LC4,9,acetylcholine,30,29
66503,T2,19794,LC4,9,acetylcholine,4,21
63462,T2,19794,LC4,9,acetylcholine,5,21
63161,Tm4,19794,LC4,9,acetylcholine,6,21
62469,TmY3,19794,LC4,9,acetylcholine,8,27
60195,Tm2,19794,LC4,9,acetylcholine,7,21
58022,Tm2,19794,LC4,9,acetylcholine,0,22
57090,Tm37,19794,LC4,9,glutamate,8,21
56254,T2,19794,LC4,9,acetylcholine,11,14
53179,Tm2,19794,LC4,9,acetylcholine,9,21
45025,Li14,19794,LC4,9,glutamate,10,21
29269,LC9,19794,LC4,9,acetylcholine,11,21
28765,Li25,19794,LC4,9,gaba,12,21
18428,TmY19b,19794,LC4,9,gaba,13,14
17054,LC4,19794,LC4,9,acetylcholine,9,4
103508,Tm5Y,17266,LC4,9,acetylcholine,13,21
89706,T2,17266,LC4,9,acetylcholine,14,21
89644,T2,17266,LC4,9,acetylcholine,15,21
89522,Tm3,17266,LC4,9,acetylcholine,16,21
89426,T2,17266,LC4,9,acetylcholine,8,19
88360,T2,17266,LC4,9,acetylcholine,17,14
84854,T2,17266,LC4,9,acetylcholine,17,21
83279,T2,17266,LC4,9,acetylcholine,8,25
81111,T2,17266,LC4,9,acetylcholine,30,4
80561,Tm4,17266,LC4,9,acetylcholine,18,21
77220,T2,17266,LC4,9,acetylcholine,7,19
77136,Tm4,17266,LC4,9,acetylcholine,30,19
70169,TmY3,17266,LC4,9,acetylcholine,31,9
55380,TmY3,17266,LC4,9,acetylcholine,0,4
47166,Y11,17266,LC4,9,glutamate,19,21
32401,Li25,17266,LC4,9,gaba,20,21
29563,LC4,17266,LC4,9,acetylcholine,28,5
11378,CB1280,17266,LC4,9,acetylcholine,29,16
11102,PVLP046,17266,LC4,9,gaba,20,4
539413,LT56,20588,LC4,9,glutamate,4,14
86959,T2,20588,LC4,9,acetylcholine,1,0
86218,Tm4,20588,LC4,9,acetylcholine,21,21
71087,T2,20588,LC4,9,acetylcholine,23,11
70996,Tm2,20588,LC4,9,acetylcholine,22,21
67204,Y14,20588,LC4,9,glutamate,23,21
66803,T2,20588,LC4,9,acetylcholine,4,14
66275,T2,20588,LC4,9,acetylcholine,27,18
61338,Tm2,20588,LC4,9,acetylcholine,28,16
59276,Tm2,20588,LC4,9,acetylcholine,24,21
58985,Tm2,20588,LC4,9,acetylcholine,25,21
53662,Tm2,20588,LC4,9,acetylcholine,26,21
53590,TmY3,20588,LC4,9,acetylcholine,17,1
49371,MeLo2,20588,LC4,9,acetylcholine,27,21
45769,Tlp12,20588,LC4,9,glutamate,28,21
24322,Li26,20588,LC4,9,gaba,15,15
20808,LC4,20588,LC4,9,acetylcholine,29,21
13797,Li29,20588,LC4,9,gaba,8,29
534743,LPLC1,22772,LC4,9,acetylcholine,30,21
140418,MeLo2,22772,LC4,9,acetylcholine,31,21
81667,Tm4,22772,LC4,9,acetylcholine,27,22
81343,Tm4,22772,LC4,9,acetylcholine,0,22
78244,T2,22772,LC4,9,acetylcholine,13,0
56485,TmY3,22772,LC4,9,acetylcholine,23,4
31672,Li25,22772,LC4,9,gaba,14,11
29876,TmY3,22772,LC4,9,acetylcholine,7,15
18478,LC4,22772,LC4,9,acetylcholine,11,14
18350,PVLP046,22772,LC4,9,gaba,25,3
10251,MeVP53,22772,LC4,9,gaba,13,27
80820,Tm4,20917,LC4,9,acetylcholine,1,22
74136,Tm4,20917,LC4,9,acetylcholine,2,22
71963,T2,20917,LC4,9,acetylcholine,4,21
71359,T2,20917,LC4,9,acetylcholine,9,15
70966,T2,20917,LC4,9,acetylcholine,3,22
68240,T2,20917,LC4,9,acetylcholine,4,22
67632,T2,20917,LC4,9,acetylcholine,30,22
63208,T2,20917,LC4,9,acetylcholine,5,22
61959,T2,20917,LC4,9,acetylcholine,11,5
61734,T2,20917,LC4,9,acetylcholine,6,22
59552,T2,20917,LC4,9,acetylcholine,7,22
56254,T2,20917,LC4,9,acetylcholine,11,14
51628,Tm2,20917,LC4,9,acetylcholine,8,22
50998,Tm2,20917,LC4,9,acetylcholine,9,22
50602,TmY3,20917,LC4,9,acetylcholine,27,11
23526,LC9,20917,LC4,9,acetylcholine,7,12
21225,LC4,20917,LC4,9,acetylcholine,26,0
17939,PVLP046,20917,LC4,9,gaba,1,19
536890,Tm2,77614,LC4,9,acetylcholine,10,22
533186,Tm4,77614,LC4,9,acetylcholine,11,22
517905,Tlp14,77614,LC4,9,glutamate,0,3
517605,T2,77614,LC4,9,acetylcholine,12,22
516148,TmY3,77614,LC4,9,acetylcholine,19,2
515170,T2,77614,LC4,9,acetylcholine,13,22
147856,Tm3,77614,LC4,9,acetylcholine,14,22
111903,LPLC2,77614,LC4,9,acetylcholine,20,2
105768,T2,77614,LC4,9,acetylcholine,15,22
99570,Tm3,77614,LC4,9,acetylcholine,16,22
67545,Li13,77614,LC4,9,gaba,29,21
59477,Tm2,77614,LC4,9,acetylcholine,17,22
35066,TmY3,77614,LC4,9,acetylcholine,17,7
25438,SAD064,77614,LC4,9,acetylcholine,5,5
20967,LC4,77614,LC4,9,acetylcholine,23,8
13577,MeLo8,77614,LC4,9,gaba,21,0
12349,LC4,77614,LC4,9,acetylcholine,2,20
539413,LT56,24338,LC4,9,glutamate,4,14
77058,Tm2,24338,LC4,9,acetylcholine,18,22
75110,T2,24338,LC4,9,acetylcholine,4,9
74807,TmY3,24338,LC4,9,acetylcholine,0,4
71495,T2,24338,LC4,9,acetylcholine,19,22
71361,Tm3,24338,LC4,9,acetylcholine,20,22
66872,T2,24338,LC4,9,acetylcholine,19,30
66859,Tm4,24338,LC4,9,acetylcholine,21,22
64612,T2,24338,LC4,9,acetylcholine,22,22
57871,T2,24338,LC4,9,acetylcholine,23,22
56765,Tm2,24338,LC4,9,acetylcholine,4,23
54813,Li14,24338,LC4,9,glutamate,24,22
49557,Tm2,24338,LC4,9,acetylcholine,25,22
46771,Tm2,24338,LC4,9,acetylcholine,26,22
33588,LC9,24338,LC4,9,acetylcholine,17,22
30638,LC9,24338,LC4,9,acetylcholine,9,12
23047,Li28,24338,LC4,9,gaba,20,0
19178,TmY19a,24338,LC4,9,gaba,10,25
16659,PVLP011,24338,LC4,9,gaba,11,20
151883,T2,18396,LC4,9,acetylcholine,23,16
107513,LC4,18396,LC4,9,acetylcholine,30,17
102306,Tm3,18396,LC4,9,acetylcholine,27,22
96165,TmY3,18396,LC4,9,acetylcholine,25,7
91685,Tm4,18396,LC4,9,acetylcholine,28,22
81524,T2,18396,LC4,9,acetylcholine,29,22
73101,Y12,18396,LC4,9,glutamate,30,22
69458,TmY3,18396,LC4,9,acetylcholine,12,9
35147,TmY3,18396,LC4,9,acetylcholine,4,28
27624,LC4,18396,LC4,9,acetylcholine,24,25
23063,Li26,18396,LC4,9,gaba,1,19
15018,LC4,18396,LC4,9,acetylcholine,8,4
13900,MeLo8,18396,LC4,9,gaba,18,2
13813,MeLo8,18396,LC4,9,gaba,2,20
11940,MeLo8,18396,LC4,9,gaba,14,9
547091,T2,22194,LC4,9,acetylcholine,3,13
539413,LT56,22194,LC4,9,glutamate,4,14
80117,Tm4,22194,LC4,9,acetylcholine,31,22
79599,Tm2,22194,LC4,9,acetylcholine,0,23
76162,T2,22194,LC4,9,acetylcholine,1,23
75308,T2,22194,LC4,9,acetylcholine,6,18
71306,Tm4,22194,LC4,9,acetylcholine,18,9
70188,T2,22194,LC4,9,acetylcholine,13,17
69121,T2,22194,LC4,9,acetylcholine,23,28
66275,T2,22194,LC4,9,acetylcholine,27,18
65636,T2,22194,LC4,9,acetylcholine,4,14
60174,Tm2,22194,LC4,9,acetylcholine,2,23
59448,Tm2,22194,LC4,9,acetylcholine,30,11
48267,TmY3,22194,LC4,9,acetylcholine,7,22
24322,Li26,22194,LC4,9,gaba,15,15
16475,PVLP024,22194,LC4,9,gaba,20,7
16138,LC4,22194,LC4,9,acetylcholine,3,23
14380,MeLo8,22194,LC4,9,gaba,14,27
105460,Tm4,23392,LC4,9,acetylcholine,4,23
101099,Tm4,23392,LC4,9,acetylcholine,22,16
78398,Tm4,23392,LC4,9,acetylcholine,5,23
72897,T2,23392,LC4,9,acetylcholine,6,23
67734,Tm2,23392,LC4,9,acetylcholine,7,23
64999,Tm4,23392,LC4,9,acetylcholine,0,16
56291,TmY3,23392,LC4,9,acetylcholine,29,30
45005,TmY3,23392,LC4,9,acetylcholine,7,7
43956,Tlp12,23392,LC4,9,glutamate,7,6
40331,Tlp12,23392,LC4,9,glutamate,26,31
32394,Li25,23392,LC4,9,gaba,17,27
16260,Li17,23392,LC4,9,gaba,4,26
15665,SAD064,23392,LC4,9,acetylcholine,25,24
517193,LoVC7,21225,LC4,9,gaba,1,1
71035,Tm3,21225,LC4,9,acetylcholine,8,23
69441,Tm3,21225,LC4,9,acetylcholine,9,23
69011,T2,21225,LC4,9,acetylcholine,26,10
68842,TmY3,21225,LC4,9,acetylcholine,30,10
68416,T2,21225,LC4,9,acetylcholine,19,14
64370,Tm4,21225,LC4,9,acetylcholine,10,23
63332,T2,21225,LC4,9,acetylcholine,3,31
59265,Tm37,21225,LC4,9,glutamate,11,23
57287,Tm4,21225,LC4,9,acetylcholine,30,31
46392,Tm2,21225,LC4,9,acetylcholine,12,23
44883,Tm2,21225,LC4,9,acetylcholine,13,23
32358,MeLo2,21225,LC4,9,acetylcholine,14,23
24778,LC9,21225,LC4,9,acetylcholine,26,1
19470,TmY19a,21225,LC4,9,gaba,15,23
16475,PVLP024,21225,LC4,9,gaba,20,7
10532,MeVC26,21225,LC4,9,acetylcholine,6,26
581248,T2,533129,LC4,9,acetylcholine,4,17
533470,Li17,533129,LC4,9,gaba,16,4
525308,Tm3,533129,LC4,9,acetylcholine,16,23
72159,T2,533129,LC4,9,acetylcholine,17,23
64390,T2,533129,LC4,9,acetylcholine,6,7
59342,Tm2,533129,LC4,9,acetylcholine,18,23
57404,TmY3,533129,LC4,9,acetylcholine,7,26
35193,TmY3,533129,LC4,9,acetylcholine,15,22
30775,Li25,533129,LC4,9,gaba,9,1
23145,T2,533129,LC4,9,acetylcholine,16,11
16475,PVLP024,533129,LC4,9,gaba,20,7
12196,Li29,533129,LC4,9,gaba,28,22
74003,Tm4,25584,LC4,9,acetylcholine,30,8
71654,Tm4,25584,LC4,9,acetylcholine,19,23
69096,Tm4,25584,LC4,9,acetylcholine,25,30
68470,Tm4,25584,LC4,9,acetylcholine,20,23
68323,Tm4,25584,LC4,9,acetylcholine,21,23
62562,T2,25584,LC4,9,acetylcholine,13,19
61734,T2,25584,LC4,9,acetylcholine,6,22
56007,TmY3,25584,LC4,9,acetylcholine,22,31
55813,Tm4,25584,LC4,9,acetylcholine,22,23
55625,Tm2,25584,LC4,9,acetylcholine,2,9
51199,T2,25584,LC4,9,acetylcholine,31,17
49974,Tm2,25584,LC4,9,acetylcholine,23,23
38974,Y12,25584,LC4,9,glutamate,24,23
22034,LC4,25584,LC4,9,acetylcholine,14,15
17289,Li29,25584,LC4,9,gaba,13,1
519082,TmY3,28980,LC4,9,acetylcholine,2,14
518241,Y3,28980,LC4,9,acetylcholine,25,23
517995,TmY3,28980,LC4,9,acetylcholine,11,3
515474,TmY3,28980,LC4,9,acetylcholine,27,13
512121,CB1280,28980,LC4,9,acetylcholine,12,21
129620,T2,28980,LC4,9,acetylcholine,28,13
79339,TmY3,28980,LC4,9,acetylcholine,19,13
45345,TmY3,28980,LC4,9,acetylcholine,24,7
30828,Y11,28980,LC4,9,glutamate,26,23
25031,LPLC1,28980,LC4,9,acetylcholine,27,23
15666,Li17,28980,LC4,9,gaba,20,8
13308,Li29,28980,LC4,9,gaba,14,19
80911,Tm3,22328,LC4,9,acetylcholine,28,23
70607,T2,22328,LC4,9,acetylcholine,23,16
70277,T2,22328,LC4,9,acetylcholine,29,23
69723,Tm3,22328,LC4,9,acetylcholine,30,23
68735,T2,22328,LC4,9,acetylcholine,16,11
67971,Tm3,22328,LC4,9,acetylcholine,31,23
59574,Tm2,22328,LC4,9,acetylcholine,0,24
54799,Li14,22328,LC4,9,glutamate,1,24
51064,Tm2,22328,LC4,9,acetylcholine,16,15
39499,Li25,22328,LC4,9,gaba,2,24
25607,PVLP046,22328,LC4,9,gaba,12,3
23434,Li26,22328,LC4,9,gaba,25,0
16549,Li30,22328,LC4,9,gaba,27,9
13850,Li29,22328,LC4,9,gaba,28,11
560559,Tm4,514956,LC4,9,acetylcholine,3,24
532897,Tm3,514956,LC4,9,acetylcholine,4,24
514715,T2,514956,LC4,9,acetylcholine,10,20
95440,Tm3,514956,LC4,9,acetylcholine,5,24
78659,Tm4,514956,LC4,9,acetylcholine,6,24
63378,Y14,514956,LC4,9,glutamate,2,10
62323,Tm2,514956,LC4,9,acetylcholine,7,24
56972,TmY3,514956,LC4,9,acetylcholine,20,21
45351,Tm2,514956,LC4,9,acetylcholine,8,24
27750,LC4,514956,LC4,9,acetylcholine,19,19
27194,PVLP046,514956,LC4,9,gaba,18,3
562463,Tm4,29514,LC4,9,acetylcholine,0,0
545309,T2,29514,LC4,9,acetylcholine,9,24
531862,LT41,29514,LC4,9,gaba,31,3
530200,Tm4,29514,LC4,9,acetylcholine,22,18
524356,Tm2,29514,LC4,9,acetylcholine,10,24
518436,Tm2,29514,LC4,9,acetylcholine,11,24
518166,Tm4,29514,LC4,9,acetylcholine,12,24
110239,T2,29514,LC4,9,acetylcholine,2,0
59356,Tm3,29514,LC4,9,acetylcholine,13,24
55082,TmY3,29514,LC4,9,acetylcholine,24,24
48403,Y12,29514,LC4,9,glutamate,14,24
45249,Tm4,29514,LC4,9,acetylcholine,15,24
33345,Li14,29514,LC4,9,glutamate,16,24
28747,Tm4,29514,LC4,9,acetylcholine,17,24
25438,SAD064,29514,LC4,9,acetylcholine,5,5
11940,MeLo8,29514,LC4,9,gaba,14,9
10611,Li39,29514,LC4,9,gaba,15,0
531247,T2,22922,LC4,9,acetylcholine,1,7
516024,Tm3,22922,LC4,9,acetylcholine,18,24
95785,Tm3,22922,LC4,9,acetylcholine,19,24
81101,Tm4,22922,LC4,9,acetylcholine,20,24
76555,Tm4,22922,LC4,9,acetylcholine,21,24
74167,Tm4,22922,LC4,9,acetylcholine,22,24
71554,Tm4,22922,LC4,9,acetylcholine,23,24
47844,Y12,22922,LC4,9,glutamate,24,24
43400,Tm2,22922,LC4,9,acetylcholine,25,24
41413,TmY3,22922,LC4,9,acetylcholine,4,6
30829,Tm2,22922,LC4,9,acetylcholine,26,24
24523,LC4,22922,LC4,9,acetylcholine,30,17
23875,Li26,22922,LC4,9,gaba,13,21
22772,LC4,22922,LC4,9,acetylcholine,3,28
21255,Li25,22922,LC4,9,gaba,27,24
16596,Li28,22922,LC4,9,gaba,1,4
10158,LT56,22922,LC4,9,glutamate,31,5
529035,Y11,517752,LC4,9,glutamate,28,24
524868,Tm3,517752,LC4,9,acetylcholine,29,24
517541,Tm4,517752,LC4,9,acetylcholine,30,24
515500,Tm4,517752,LC4,9,acetylcholine,31,24
77096,T2,517752,LC4,9,acetylcholine,0,25
51783,Tm2,517752,LC4,9,acetylcholine,1,25
45345,TmY3,517752,LC4,9,acetylcholine,24,7
36049,Tm2,517752,LC4,9,acetylcholine,2,25
34397,Li25,517752,LC4,9,gaba,31,17
15055,Li26,517752,LC4,9,gaba,25,6
115573,Tm4,21165,LC4,9,acetylcholine,3,25
99156,TmY18,21165,LC4,9,acetylcholine,4,25
90028,T2,21165,LC4,9,acetylcholine,21,9
85919,Tm3,21165,LC4,9,acetylcholine,5,25
82802,TmY3,21165,LC4,9,acetylcholine,2,13
82064,T2,21165,LC4,9,acetylcholine,14,25
79266,T2,21165,LC4,9,acetylcholine,31,4
77788,T2,21165,LC4,9,acetylcholine,29,5
62736,Tm2,21165,LC4,9,acetylcholine,6,25
61393,Tm2,21165,LC4,9,acetylcholine,7,25
56361,Tm2,21165,LC4,9,acetylcholine,8,25
54503,TmY3,21165,LC4,9,acetylcholine,23,7
30192,Li25,21165,LC4,9,gaba,15,25
14903,Li17,21165,LC4,9,gaba,21,0
14709,MeLo8,21165,LC4,9,gaba,17,13
13588,Li30,21165,LC4,9,gaba,12,1
539413,LT56,16628,LC4,9,glutamate,4,14
76879,T2,16628,LC4,9,acetylcholine,15,31
75460,Tm4,16628,LC4,9,acetylcholine,9,25
74325,Tm4,16628,LC4,9,acetylcholine,14,15
71266,T2,16628,LC4,9,acetylcholine,26,29
68895,T2,16628,LC4,9,acetylcholine,10,25
64870,Tm2,16628,LC4,9,acetylcholine,11,25
63825,Tm3,16628,LC4,9,acetylcholine,12,25
62488,T2,16628,LC4,9,acetylcholine,15,31
61507,Tm2,16628,LC4,9,acetylcholine,3,4
55146,TmY3,16628,LC4,9,acetylcholine,19,12
50510,Tm2,16628,LC4,9,acetylcholine,13,25
48015,Y14,16628,LC4,9,glutamate,14,25
46465,Tlp12,16628,LC4,9,glutamate,15,25
45019,Tm2,16628,LC4,9,acetylcholine,16,25
21313,LC4,16628,LC4,9,acetylcholine,17,25
20508,LPLC1,16628,LC4,9,acetylcholine,22,13
17860,LC4,16628,LC4,9,acetylcholine,27,0
10480,MeVP53,16628,LC4,9,gaba,11,7
537162,Tm3,519931,LC4,9,acetylcholine,18,25
534263,Tm4,519931,LC4,9,acetylcholine,30,6
517649,T2,519931,LC4,9,acetylcholine,19,25
515498,T2,519931,LC4,9,acetylcholine,20,25
512593,T2,519931,LC4,9,acetylcholine,22,9
133537,Tm4,519931,LC4,9,acetylcholine,21,25
111787,LC4,519931,LC4,9,acetylcholine,27,30
78541,Tlp12,519931,LC4,9,glutamate,6,16
77503,T2,519931,LC4,9,acetylcholine,2,7
54319,Tm2,519931,LC4,9,acetylcholine,22,25
51992,TmY3,519931,LC4,9,acetylcholine,12,17
37183,Li25,519931,LC4,9,gaba,23,25
33137,LC4,519931,LC4,9,acetylcholine,22,15
19992,Y11,519931,LC4,9,glutamate,24,25
15056,Li14,519931,LC4,9,glutamate,25,25
13308,Li29,519931,LC4,9,gaba,14,19
536849,Tm3,18478,LC4,9,acetylcholine,26,25
534743,LPLC1,18478,LC4,9,acetylcholine,30,21
518927,T2,18478,LC4,9,acetylcholine,16,16
517274,Tm4,18478,LC4,9,acetylcholine,7,13
161090,Tm4,18478,LC4,9,acetylcholine,27,25
129906,T2,18478,LC4,9,acetylcholine,18,24
107222,Tm37,18478,LC4,9,glutamate,28,25
105425,T2,18478,LC4,9,acetylcholine,0,6
95515,Tm3,18478,LC4,9,acetylcholine,29,25
88317,Tm2,18478,LC4,9,acetylcholine,30,25
87634,T2,18478,LC4,9,acetylcholine,31,25
86236,Tm4,18478,LC4,9,acetylcholine,31,0
66215,Tm2,18478,LC4,9,acetylcholine,0,26
38865,LC9,18478,LC4,9,acetylcholine,1,26
27676,T2,18478,LC4,9,acetylcholine,2,26
22465,MeLo2,18478,LC4,9,acetylcholine,14,3
20013,Li26,18478,LC4,9,gaba,4,0
10251,MeVP53,18478,LC4,9,gaba,13,27
558327,Li13,27624,LC4,9,gaba,3,26
524563,T2,27624,LC4,9,acetylcholine,4,26
524323,TmY3,27624,LC4,9,acetylcholine,19,30
516675,TmY3,27624,LC4,9,acetylcholine,21,31
512646,Tm4,27624,LC4,9,acetylcholine,5,26
146383,Tm4,27624,LC4,9,acetylcholine,6,26
140458,T2,27624,LC4,9,acetylcholine,22,10
107465,Tm4,27624,LC4,9,acetylcholine,7,26
106172,TmY3,27624,LC4,9,acetylcholine,8,26
85293,T2,27624,LC4,9,acetylcholine,9,26
73357,T2,27624,LC4,9,acetylcholine,28,21
44208,Tlp12,27624,LC4,9,glutamate,10,26
19365,Li17,27624,LC4,9,gaba,10,11
18350,PVLP046,27624,LC4,9,gaba,25,3
16917,LC4,27624,LC4,9,acetylcholine,10,27
15091,MeLo8,27624,LC4,9,gaba,6,10
118822,Tm3,20282,LC4,9,acetylcholine,11,26
97725,T2,20282,LC4,9,acetylcholine,24,13
92983,Tm3,20282,LC4,9,acetylcholine,12,26
91563,Tm3,20282,LC4,9,acetylcholine,13,26
88078,Tm3,20282,LC4,9,acetylcholine,14,26
86309,Tm4,20282,LC4,9,acetylcholine,15,26
82481,Tm4,20282,LC4,9,acetylcholine,28,1
81226,T2,20282,LC4,9,acetylcholine,16,26
78500,T2,20282,LC4,9,acetylcholine,17,26
77391,Tm4,20282,LC4,9,acetylcholine,18,26
75121,T2,20282,LC4,9,acetylcholine,13,4
73888,T2,20282,LC4,9,acetylcholine,29,11
72245,T2,20282,LC4,9,acetylcholine,23,29
70359,T2,20282,LC4,9,acetylcholine,12,13
66677,T2,20282,LC4,9,acetylcholine,25,21
59007,TmY3,20282,LC4,9,acetylcholine,23,5
50873,Tm2,20282,LC4,9,acetylcholine,19,26
47382,TmY3,20282,LC4,9,acetylcholine,5,27
40556,Li13,20282,LC4,9,gaba,20,26
19642,Li17,20282,LC4,9,gaba,25,5
17289,Li29,20282,LC4,9,gaba,13,1
544002,T2,81112,LC4,9,acetylcholine,21,26
517920,Tm4,81112,LC4,9,acetylcholine,22,26
142456,Tm4,81112,LC4,9,acetylcholine,23,26
116334,Tm4,81112,LC4,9,acetylcholine,24,26
82686,T2,81112,LC4,9,acetylcholine,13,16
37210,Li25,81112,LC4,9,gaba,25,26
31489,Tm2,81112,LC4,9,acetylcholine,26,26
23766,Li13,81112,LC4,9,gaba,27,26
20859,LC4,81112,LC4,9,acetylcholine,5,26
94429,T2,26112,LC4,9,acetylcholine,28,26
91085,T2,26112,LC4,9,acetylcholine,29,26
80243,T2,26112,LC4,9,acetylcholine,12,17
78965,T2,26112,LC4,9,acetylcholine,16,25
62225,Tm2,26112,LC4,9,acetylcholine,30,26
34212,Li25,26112,LC4,9,gaba,12,12
21287,LC4,26112,LC4,9,acetylcholine,5,5
17289,Li29,26112,LC4,9,gaba,13,1
10480,MeVP53,26112,LC4,9,gaba,11,7
72893,T2,21336,LC4,9,acetylcholine,9,13
71528,Tm4,21336,LC4,9,acetylcholine,31,26
69692,T2,21336,LC4,9,acetylcholine,9,16
68605,T2,21336,LC4,9,acetylcholine,15,17
67028,T2,21336,LC4,9,acetylcholine,27,30
66729,T2,21336,LC4,9,acetylcholine,17,16
66188,T2,21336,LC4,9,acetylcholine,1,0
64855,T2,21336,LC4,9,acetylcholine,12,19
62340,T2,21336,LC4,9,acetylcholine,0,27
56007,TmY3,21336,LC4,9,acetylcholine,22,31
51199,T2,21336,LC4,9,acetylcholine,31,17
50734,Tm2,21336,LC4,9,acetylcholine,1,27
50331,Tm2,21336,LC4,9,acetylcholine,2,27
48475,TmY3,21336,LC4,9,acetylcholine,3,0
30365,Li25,21336,LC4,9,gaba,3,27
30007,Li15,21336,LC4,9,gaba,15,19
17010,TmY19b,21336,LC4,9,gaba,28,4
15665,SAD064,21336,LC4,9,acetylcholine,25,24
83437,Tm4,23792,LC4,9,acetylcholine,23,27
81162,Tm4,23792,LC4,9,acetylcholine,4,27
69579,T2,23792,LC4,9,acetylcholine,26,27
65363,Tm2,23792,LC4,9,acetylcholine,5,27
55774,Tm2,23792,LC4,9,acetylcholine,6,27
48690,TmY3,23792,LC4,9,acetylcholine,29,3
42807,Y12,23792,LC4,9,glutamate,7,27
25528,LC9,23792,LC4,9,acetylcholine,30,3
22651,Pm7_Li28,23792,LC4,9,gaba,0,6
16861,TmY19b,23792,LC4,9,gaba,9,21
12468,LoVC13,23792,LC4,9,gaba,14,7
548699,T2,14888,LC4,9,acetylcholine,15,4
530971,Tm4,14888,LC4,9,acetylcholine,8,27
530743,T2,14888,LC4,9,acetylcholine,18,23
528980,T2,14888,LC4,9,acetylcholine,12,20
524624,TmY3,14888,LC4,9,acetylcholine,17,11
512384,Tm4,14888,LC4,9,acetylcholine,5,8
55211,Tm2,14888,LC4,9,acetylcholine,9,27
35727,Tm4,14888,LC4,9,acetylcholine,20,2
30353,Tlp14,14888,LC4,9,glutamate,10,27
26694,Tm4,14888,LC4,9,acetylcholine,21,2
26474,T2,14888,LC4,9,acetylcholine,14,14
22242,Tm37,14888,LC4,9,glutamate,11,27
17478,LC4,14888,LC4,9,acetylcholine,0,10
13846,Li29,14888,LC4,9,gaba,23,21
12710,LoVC14,14888,LC4,9,gaba,27,22
542339,T2,519650,LC4,9,acetylcholine,12,27
542153,Tm3,519650,LC4,9,acetylcholine,13,27
534751,T2,519650,LC4,9,acetylcholine,0,23
135894,Tm3,519650,LC4,9,acetylcholine,14,27
123473,T2,519650,LC4,9,acetylcholine,12,0
74463,T2,519650,LC4,9,acetylcholine,15,27
25438,SAD064,519650,LC4,9,acetylcholine,5,5
15736,TmY19a,519650,LC4,9,gaba,30,14
14888,LC4,519650,LC4,9,acetylcholine,28,25
10158,LT56,519650,LC4,9,glutamate,31,5
539272,Tm2,518730,LC4,9,acetylcholine,16,27
537180,Tm4,518730,LC4,9,acetylcholine,17,27
519931,LC4,518730,LC4,9,acetylcholine,15,14
74456,T2,518730,LC4,9,acetylcholine,0,14
73153,T2,518730,LC4,9,acetylcholine,18,10
58246,TmY3,518730,LC4,9,acetylcholine,3,12
47895,T2,518730,LC4,9,acetylcholine,18,27
41788,Tm2,518730,LC4,9,acetylcholine,19,27
24661,T2,518730,LC4,9,acetylcholine,20,27
20440,LC4,518730,LC4,9,acetylcholine,17,4
16900,TmY19b,518730,LC4,9,gaba,11,27
16475,PVLP024,518730,LC4,9,gaba,20,7
15091,MeLo8,518730,LC4,9,gaba,6,10
14209,Li28,518730,LC4,9,gaba,7,1
515433,Tm2,29417,LC4,9,acetylcholine,21,27
514149,Tm4,29417,LC4,9,acetylcholine,22,27
111734,Tm3,29417,LC4,9,acetylcholine,23,18
60923,Tm3,29417,LC4,9,acetylcholine,23,27
45941,LC10d,29417,LC4,9,acetylcholine,24,27
38285,T2,29417,LC4,9,acetylcholine,3,10
557763,Tm3,12824,LC4,9,acetylcholine,25,27
534879,Tm39,12824,LC4,9,acetylcholine,26,27
530994,T2,12824,LC4,9,acetylcholine,27,27
518699,Tm3,12824,LC4,9,acetylcholine,28,27
516795,Tm4,12824,LC4,9,acetylcholine,29,27
165595,T2,12824,LC4,9,acetylcholine,31,19
72582,Tm4,12824,LC4,9,acetylcholine,28,25
70225,Tm4,12824,LC4,9,acetylcholine,30,27
46038,TmY3,12824,LC4,9,acetylcholine,19,1
31972,Y14,12824,LC4,9,glutamate,31,27
15019,Li28,12824,LC4,9,gaba,12,0
71063,T2,527408,LC4,9,acetylcholine,11,15
70737,TmY3,527408,LC4,9,acetylcholine,5,4
65727,T2,527408,LC4,9,acetylcholine,0,28
63614,T2,527408,LC4,9,acetylcholine,16,17
63435,T2,527408,LC4,9,acetylcholine,17,30
59779,Tm2,527408,LC4,9,acetylcholine,1,28
57250,Tm2,527408,LC4,9,acetylcholine,2,28
17289,Li29,527408,LC4,9,gaba,13,1
16549,Li30,527408,LC4,9,gaba,27,9
14886,Li17,527408,LC4,9,gaba,27,3
555837,LoVC5,12032,LC4,9,gaba,3,28
544248,Tm4,12032,LC4,9,acetylcholine,4,28
520078,LPLC1,12032,LC4,9,acetylcholine,5,28
514407,Li29,12032,LC4,9,gaba,1,23
116849,Tm5Y,12032,LC4,9,acetylcholine,6,28
101026,T2,12032,LC4,9,acetylcholine,7,28
100656,Tm4,12032,LC4,9,acetylcholine,26,18
97250,Tm4,12032,LC4,9,acetylcholine,8,28
84099,Tm4,12032,LC4,9,acetylcholine,9,28
79129,LPi_unclear,12032,LC4,9,glutamate,10,28
67259,TmY3,12032,LC4,9,acetylcholine,13,9
59481,Li14,12032,LC4,9,glutamate,11,28
55618,TmY3,12032,LC4,9,acetylcholine,8,1
32583,Y12,12032,LC4,9,glutamate,12,28
20967,LC4,12032,LC4,9,acetylcholine,23,8
17939,PVLP046,12032,LC4,9,gaba,1,19
533872,TmY3,111787,LC4,9,acetylcholine,12,14
532640,Tm4,111787,LC4,9,acetylcholine,13,28
525254,TmY3,111787,LC4,9,acetylcholine,18,0
523564,PVLP011,111787,LC4,9,gaba,14,16
514914,Tm2,111787,LC4,9,acetylcholine,14,28
165776,Tm4,111787,LC4,9,acetylcholine,27,17
51245,Tm2,111787,LC4,9,acetylcholine,15,28
36370,Tm4,111787,LC4,9,acetylcholine,16,28
20264,Li28,111787,LC4,9,gaba,5,2
580357,Tm3,35262,LC4,9,acetylcholine,17,28
539710,T2,35262,LC4,9,acetylcholine,4,13
533868,Tm37,35262,LC4,9,glutamate,18,28
532729,Tm4,35262,LC4,9,acetylcholine,19,28
525253,T2,35262,LC4,9,acetylcholine,13,1
520426,Tm2,35262,LC4,9,acetylcholine,20,28
518566,Tlp12,35262,LC4,9,glutamate,21,28
132457,T2,35262,LC4,9,acetylcholine,22,28
122307,Li15,35262,LC4,9,gaba,23,28
103861,T2,35262,LC4,9,acetylcholine,15,3
64125,T2,35262,LC4,9,acetylcholine,2,28
34413,Li25,35262,LC4,9,gaba,14,10
27194,PVLP046,35262,LC4,9,gaba,18,3
14383,TmY19a,35262,LC4,9,gaba,24,28
10158,LT56,35262,LC4,9,glutamate,31,5
540087,Y14,23202,LC4,9,glutamate,25,28
532564,TmY3,23202,LC4,9,acetylcholine,19,3
519434,Tm4,23202,LC4,9,acetylcholine,21,14
515271,Tlp14,23202,LC4,9,glutamate,26,28
129946,Tm3,23202,LC4,9,acetylcholine,27,28
101866,T2,23202,LC4,9,acetylcholine,21,20
101849,T2,23202,LC4,9,acetylcholine,2,7
66194,T2,23202,LC4,9,acetylcholine,28,28
49403,Tm2,23202,LC4,9,acetylcholine,29,28
34536,Tm4,23202,LC4,9,acetylcholine,25,19
31972,Y14,23202,LC4,9,glutamate,31,27
26418,Tlp14,23202,LC4,9,glutamate,2,3
17581,Tm4,23202,LC4,9,acetylcholine,30,28
13846,Li29,23202,LC4,9,gaba,23,21
100141,TmY3,17054,LC4,9,acetylcholine,31,28
76135,Tm4,17054,LC4,9,acetylcholine,0,29
76099,Tm4,17054,LC4,9,acetylcholine,19,17
70106,Tm4,17054,LC4,9,acetylcholine,1,29
63709,T2,17054,LC4,9,acetylcholine,3,31
62515,Tm3,17054,LC4,9,acetylcholine,2,29
57632,Li14,17054,LC4,9,glutamate,3,29
56610,TmY3,17054,LC4,9,acetylcholine,23,4
53637,TmY3,17054,LC4,9,acetylcholine,7,9
53213,Tm37,17054,LC4,9,glutamate,4,29
42938,LC9,17054,LC4,9,acetylcholine,5,29
36236,Tlp13,17054,LC4,9,glutamate,6,29
36211,LLPC2,17054,LC4,9,acetylcholine,7,29
36143,LC9,17054,LC4,9,acetylcholine,8,29
25367,Li15,17054,LC4,9,gaba,9,29
19260,LC4,17054,LC4,9,acetylcholine,22,12
17548,LC4,17054,LC4,9,acetylcholine,11,15
17289,Li29,17054,LC4,9,gaba,13,1
13776,MeLo8,17054,LC4,9,gaba,0,5
554508,T2,16128,LC4,9,acetylcholine,6,30
95176,Tm4,16128,LC4,9,acetylcholine,10,29
93913,T2,16128,LC4,9,acetylcholine,29,25
67521,T2,16128,LC4,9,acetylcholine,11,29
65971,T2,16128,LC4,9,acetylcholine,25,10
64784,T2,16128,LC4,9,acetylcholine,19,8
64244,Tm4,16128,LC4,9,acetylcholine,12,29
64317,T2,16128,LC4,9,acetylcholine,29,15
62773,Tm4,16128,LC4,9,acetylcholine,31,15
60800,Tm4,16128,LC4,9,acetylcholine,13,29
55333,Tm2,16128,LC4,9,acetylcholine,14,29
50978,Tm2,16128,LC4,9,acetylcholine,15,29
50946,Tm5Y,16128,LC4,9,acetylcholine,16,29
48683,Tm2,16128,LC4,9,acetylcholine,17,29
48654,Tm2,16128,LC4,9,acetylcholine,18,29
45019,Tm2,16128,LC4,9,acetylcholine,16,25
44757,Tlp13,16128,LC4,9,glutamate,19,29
42137,Tlp12,16128,LC4,9,glutamate,20,29
28531,Y11,16128,LC4,9,glutamate,21,29
27194,PVLP046,16128,LC4,9,gaba,18,3
21830,MeLo2,16128,LC4,9,acetylcholine,22,29
20964,Li26,16128,LC4,9,gaba,11,10
19420,LC4,16128,LC4,9,acetylcholine,28,27
18929,LPLC2,16128,LC4,9,acetylcholine,23,29
10052,LoVC14,16128,LC4,9,gaba,8,2
124756,Tm4,21804,LC4,9,acetylcholine,24,29
112868,T2,21804,LC4,9,acetylcholine,25,29
106580,T2,21804,LC4,9,acetylcholine,26,29
86782,T2,21804,LC4,9,acetylcholine,0,21
80240,Tm2,21804,LC4,9,acetylcholine,27,29
75008,Tm2,21804,LC4,9,acetylcholine,28,29
72421,TmY3,21804,LC4,9,acetylcholine,10,20
66631,Tm2,21804,LC4,9,acetylcholine,29,29
62822,TmY3,21804,LC4,9,acetylcholine,3,10
62546,TmY3,21804,LC4,9,acetylcholine,0,18
61569,TmY3,21804,LC4,9,acetylcholine,2,12
55531,Tm2,21804,LC4,9,acetylcholine,30,29
44872,T2,21804,LC4,9,acetylcholine,31,29
19454,PVLP024,21804,LC4,9,gaba,3,11
140499,Tm3,20016,LC4,9,acetylcholine,0,30
122500,Tm4,20016,LC4,9,acetylcholine,10,14
115573,Tm4,20016,LC4,9,acetylcholine,3,25
112860,TmY18,20016,LC4,9,acetylcholine,1,30
86954,T2,20016,LC4,9,acetylcholine,10,27
86192,T2,20016,LC4,9,acetylcholine,9,8
85751,T2,20016,LC4,9,acetylcholine,2,30
85055,T2,20016,LC4,9,acetylcholine,9,18
80981,T2,20016,LC4,9,acetylcholine,0,6
79583,Tm4,20016,LC4,9,acetylcholine,28,24
78168,Tm4,20016,LC4,9,acetylcholine,19,5
77607,Tm4,20016,LC4,9,acetylcholine,3,30
67366,Tm2,20016,LC4,9,acetylcholine,4,30
38704,Y11,20016,LC4,9,glutamate,5,30
16611,TmY19b,20016,LC4,9,gaba,10,12
134132,Tm4,15018,LC4,9,acetylcholine,6,30
81524,T2,15018,LC4,9,acetylcholine,29,22
78318,T2,15018,LC4,9,acetylcholine,16,30
73372,TmY3,15018,LC4,9,acetylcholine,12,7
34845,LC4,15018,LC4,9,acetylcholine,10,27
20524,Li16,15018,LC4,9,glutamate,7,30
16809,LC4,15018,LC4,9,acetylcholine,7,20
125171,Tm3,19260,LC4,9,acetylcholine,8,30
115367,Tm4,19260,LC4,9,acetylcholine,9,30
114870,Tm4,19260,LC4,9,acetylcholine,10,30
113574,Tm4,19260,LC4,9,acetylcholine,0,22
109907,Tm4,19260,LC4,9,acetylcholine,31,14
74578,TmY3,19260,LC4,9,acetylcholine,23,1
70710,T2,19260,LC4,9,acetylcholine,2,15
68951,TmY3,19260,LC4,9,acetylcholine,21,15
37624,Y11,19260,LC4,9,glutamate,11,30
32088,Li25,19260,LC4,9,gaba,12,30
30094,Li25,19260,LC4,9,gaba,13,30
16429,Li17,19260,LC4,9,gaba,16,3
15909,Li28,19260,LC4,9,gaba,27,0
15497,TmY19a,19260,LC4,9,gaba,10,7
10052,LoVC14,19260,LC4,9,gaba,8,2
545038,TmY18,514508,LC4,9,acetylcholine,14,30
523479,MeLo8,514508,LC4,9,gaba,0,8
148013,T2,514508,LC4,9,acetylcholine,15,30
136598,Tm3,514508,LC4,9,acetylcholine,16,30
132561,Tm3,514508,LC4,9,acetylcholine,17,30
106954,TmY3,514508,LC4,9,acetylcholine,11,24
91025,Tm3,514508,LC4,9,acetylcholine,18,30
84574,Tm5Y,514508,LC4,9,acetylcholine,19,30
68083,Tm37,514508,LC4,9,glutamate,20,30
42060,T2,514508,LC4,9,acetylcholine,27,9
33670,LC9,514508,LC4,9,acetylcholine,10,12
33077,LC9,514508,LC4,9,acetylcholine,2,19
11102,PVLP046,514508,LC4,9,gaba,20,4
10158,LT56,514508,LC4,9,glutamate,31,5
74450,T2,19550,LC4,9,acetylcholine,20,17
73944,Tm4,19550,LC4,9,acetylcholine,21,30
70015,T2,19550,LC4,9,acetylcholine,30,29
68962,T2,19550,LC4,9,acetylcholine,30,0
66503,T2,19550,LC4,9,acetylcholine,4,21
65471,T2,19550,LC4,9,acetylcholine,5,31
65435,Tm4,19550,LC4,9,acetylcholine,22,30
63067,TmY3,19550,LC4,9,acetylcholine,21,0
59867,T2,19550,LC4,9,acetylcholine,23,30
56851,Tm37,19550,LC4,9,glutamate,24,30
52457,TmY3,19550,LC4,9,acetylcholine,0,16
46346,Li29,19550,LC4,9,gaba,2,11
43694,Tm2,19550,LC4,9,acetylcholine,25,30
28030,Li26,19550,LC4,9,gaba,26,30
26751,Li26,19550,LC4,9,gaba,24,7
13997,MeLo8,19550,LC4,9,gaba,15,6
99691,Tm5Y,21151,LC4,9,acetylcholine,27,30
92969,T2,21151,LC4,9,acetylcholine,28,30
89706,T2,21151,LC4,9,acetylcholine,14,21
86719,Tm5Y,21151,LC4,9,acetylcholine,29,30
84783,TmY3,21151,LC4,9,acetylcholine,18,12
83600,Tm4,21151,LC4,9,acetylcholine,3,20
82808,Tm4,21151,LC4,9,acetylcholine,30,30
82802,TmY3,21151,LC4,9,acetylcholine,2,13
82493,Tm4,21151,LC4,9,acetylcholine,16,13
78915,Tm4,21151,LC4,9,acetylcholine,27,5
73861,Tm4,21151,LC4,9,acetylcholine,31,30
58735,TmY3,21151,LC4,9,acetylcholine,9,3
57519,TmY3,21151,LC4,9,acetylcholine,17,5
55615,TmY3,21151,LC4,9,acetylcholine,18,23
20703,Li26,21151,LC4,9,gaba,7,19
532564,TmY3,518544,LC4,9,acetylcholine,19,3
532554,Tm4,518544,LC4,9,acetylcholine,17,12
525705,Li25,518544,LC4,9,gaba,28,23
524573,Tm3,518544,LC4,9,acetylcholine,0,31
523824,TmY3,518544,LC4,9,acetylcholine,9,21
514298,TmY3,518544,LC4,9,acetylcholine,18,17
512155,LC9,518544,LC4,9,acetylcholine,31,13
77622,T2,518544,LC4,9,acetylcholine,1,31
86979,T2,19420,LC4,9,acetylcholine,9,27
86362,T2,19420,LC4,9,acetylcholine,21,29
84430,Tm2,19420,LC4,9,acetylcholine,2,31
82234,T2,19420,LC4,9,acetylcholine,3,31
78912,T2,19420,LC4,9,acetylcholine,31,26
78046,T2,19420,LC4,9,acetylcholine,4,31
57223,Tm2,19420,LC4,9,acetylcholine,21,5
54338,Tm2,19420,LC4,9,acetylcholine,5,31
49121,Tm2,19420,LC4,9,acetylcholine,6,31
46346,Li29,19420,LC4,9,gaba,2,11
39561,Y12,19420,LC4,9,glutamate,7,31
22945,Li26,19420,LC4,9,gaba,30,19
17548,LC4,19420,LC4,9,acetylcholine,11,15
17364,LC4,19420,LC4,9,acetylcholine,21,11
13797,Li29,19420,LC4,9,gaba,8,29
13588,Li30,19420,LC4,9,gaba,12,1
546550,TmY3,107513,LC4,9,acetylcholine,24,18
532893,Tm2,107513,LC4,9,acetylcholine,8,31
531862,LT41,107513,LC4,9,gaba,31,3
526037,T2,107513,LC4,9,acetylcholine,9,31
515727,TmY3,107513,LC4,9,acetylcholine,16,19
156336,Tm3,107513,LC4,9,acetylcholine,10,31
116540,T2,107513,LC4,9,acetylcholine,10,24
76626,T2,107513,LC4,9,acetylcholine,16,30
69444,Tm2,107513,LC4,9,acetylcholine,11,31
35693,Y11,107513,LC4,9,glutamate,12,31
29700,TmY3,107513,LC4,9,acetylcholine,22,14
13900,MeLo8,107513,LC4,9,gaba,18,2
133040,Tm3,20542,LC4,9,acetylcholine,13,31
109289,Tm4,20542,LC4,9,acetylcholine,21,31
104511,Tm4,20542,LC4,9,acetylcholine,8,13
92342,Tm3,20542,LC4,9,acetylcholine,14,31
82614,T2,20542,LC4,9,acetylcholine,15,31
82030,Tm2,20542,LC4,9,acetylcholine,16,31
81353,T2,20542,LC4,9,acetylcholine,11,18
77984,Tm4,20542,LC4,9,acetylcholine,16,26
76895,T2,20542,LC4,9,acetylcholine,12,18
75916,T2,20542,LC4,9,acetylcholine,17,26
66836,Tm4,20542,LC4,9,acetylcholine,17,31
63146,Tm2,20542,LC4,9,acetylcholine,18,31
57108,Tm2,20542,LC4,9,acetylcholine,19,31
46646,LLPC2,20542,LC4,9,acetylcholine,20,31
27194,PVLP046,20542,LC4,9,gaba,18,3
22945,Li26,20542,LC4,9,gaba,30,19
18127,LC4,20542,LC4,9,acetylcholine,31,30
17289,Li29,20542,LC4,9,gaba,13,1
13797,Li29,20542,LC4,9,gaba,8,29
118886,T2,29563,LC4,9,acetylcholine,24,9
86323,Tm4,29563,LC4,9,acetylcholine,21,31
79675,Tm4,29563,LC4,9,acetylcholine,22,31
73001,Tm4,29563,LC4,9,acetylcholine,24,31
72452,T2,29563,LC4,9,acetylcholine,5,28
71495,T2,29563,LC4,9,acetylcholine,19,22
70882,Tm4,29563,LC4,9,acetylcholine,23,31
67065,T2,29563,LC4,9,acetylcholine,4,3
60712,Tm2,29563,LC4,9,acetylcholine,24,31
56918,TmY3,29563,LC4,9,acetylcholine,4,10
50667,TmY3,29563,LC4,9,acetylcholine,2,10
17289,Li29,29563,LC4,9,gaba,13,1
14245,MeLo8,29563,LC4,9,gaba,9,10
542230,Tm2,17364,LC4,9,acetylcholine,25,31
103504,T2,17364,LC4,9,acetylcholine,26,31
94077,T2,17364,LC4,9,acetylcholine,17,21
89876,Tm3,17364,LC4,9,acetylcholine,27,31
86859,T2,17364,LC4,9,acetylcholine,11,27
86354,TmY3,17364,LC4,9,acetylcholine,14,5
84228,Tm4,17364,LC4,9,acetylcholine,28,31
82697,Tm3,17364,LC4,9,acetylcholine,29,31
79378,Tm4,17364,LC4,9,acetylcholine,30,31
78675,Tm4,17364,LC4,9,acetylcholine,31,31
77072,Tm2,17364,LC4,9,acetylcholine,0,0
76534,Tm4,17364,LC4,9,acetylcholine,1,0
72471,Tm4,17364,LC4,9,acetylcholine,2,0
33958,Tm4,17364,LC4,9,acetylcholine,20,29
29618,LC9,17364,LC4,9,acetylcholine,3,0
19260,LC4,17364,LC4,9,acetylcholine,22,12
11394,Li16,17364,LC4,9,glutamate,20,27
10052,LoVC14,17364,LC4,9,gaba,8,2
539252,Tm3,37587,LC4,9,acetylcholine,4,0
527425,Tm2,37587,LC4,9,acetylcholine,5,0
526898,TmY3,37587,LC4,9,acetylcholine,2,6
525994,Tm4,37587,LC4,9,acetylcholine,28,19
523653,Tm3,37587,LC4,9,acetylcholine,26,30
108620,T2,37587,LC4,9,acetylcholine,3,25
73044,TmY3,37587,LC4,9,acetylcholine,28,3
70502,T2,37587,LC4,9,acetylcholine,1,19
68246,T2,37587,LC4,9,acetylcholine,26,26
23728,T2,37587,LC4,9,acetylcholine,19,11
20437,T2,37587,LC4,9,acetylcholine,1,3
19464,Tlp13,37587,LC4,9,glutamate,6,0
15986,MeLo8,37587,LC4,9,gaba,25,7
15677,T2,37587,LC4,9,acetylcholine,25,24
10158,LT56,37587,LC4,9,glutamate,31,5
521511,T2,530029,LC4,9,acetylcholine,9,1
513325,Tm2,530029,LC4,9,acetylcholine,7,0
513320,T2,530029,LC4,9,acetylcholine,8,0
159878,T2,530029,LC4,9,acetylcholine,9,0
37005,Tlp13,530029,LC4,9,glutamate,9,27
32618,Tm2,530029,LC4,9,acetylcholine,10,0
31513,Y11,530029,LC4,9,glutamate,11,0
30087,LC4,530029,LC4,9,acetylcholine,1,26
29514,LC4,530029,LC4,9,acetylcholine,15,27
23541,LC14a-1,530029,LC4,9,acetylcholine,10,1
21658,TmY19b,530029,LC4,9,gaba,12,0
16283,TmY19b,530029,LC4,9,gaba,26,15
13733,MeLo8,530029,LC4,9,gaba,3,26
117351,T2,16138,LC4,9,acetylcholine,28,25
88012,T2,16138,LC4,9,acetylcholine,13,0
83257,Tm4,16138,LC4,9,acetylcholine,24,27
77520,Tm4,16138,LC4,9,acetylcholine,18,7
74940,T2,16138,LC4,9,acetylcholine,14,0
69293,Tm4,16138,LC4,9,acetylcholine,4,6
55690,Tm2,16138,LC4,9,acetylcholine,15,0
55158,Tm2,16138,LC4,9,acetylcholine,16,0
50871,TmY3,16138,LC4,9,acetylcholine,10,17
46346,Li29,16138,LC4,9,gaba,2,11
45567,Tm2,16138,LC4,9,acetylcholine,17,0
30727,MeLo2,16138,LC4,9,acetylcholine,18,0
20399,LC4,16138,LC4,9,acetylcholine,31,9
17548,LC4,16138,LC4,9,acetylcholine,11,15
108246,Tm4,18127,LC4,9,acetylcholine,19,0
108073,Tm4,18127,LC4,9,acetylcholine,20,0
76238,T2,18127,LC4,9,acetylcholine,21,0
74578,TmY3,18127,LC4,9,acetylcholine,23,1
73320,T2,18127,LC4,9,acetylcholine,22,0
71933,T2,18127,LC4,9,acetylcholine,23,0
68730,T2,18127,LC4,9,acetylcholine,28,11
67554,T2,18127,LC4,9,acetylcholine,13,31
67223,Tm4,18127,LC4,9,acetylcholine,14,31
66737,T2,18127,LC4,9,acetylcholine,21,0
64050,T2,18127,LC4,9,acetylcholine,7,20
62283,Tm4,18127,LC4,9,acetylcholine,24,0
60916,T2,18127,LC4,9,acetylcholine,0,16
47489,Tm2,18127,LC4,9,acetylcholine,25,0
46346,Li29,18127,LC4,9,gaba,2,11
42010,TmY3,18127,LC4,9,acetylcholine,31,7
35709,LLPC2,18127,LC4,9,acetylcholine,26,0
31137,Y12,18127,LC4,9,glutamate,27,0
27194,PVLP046,18127,LC4,9,gaba,18,3
26304,LC9,18127,LC4,9,acetylcholine,28,0
24710,LC9,18127,LC4,9,acetylcholine,29,0
24612,Li26,18127,LC4,9,gaba,3,17
21850,LPLC1,18127,LC4,9,acetylcholine,25,7
21287,LC4,18127,LC4,9,acetylcholine,5,5
21023,LPLC1,18127,LC4,9,acetylcholine,0,27
19420,LC4,18127,LC4,9,acetylcholine,28,27
12415,MeLo8,18127,LC4,9,gaba,22,0
532796,Tm2,100485,LC4,9,acetylcholine,30,0
519900,LoVC15,100485,LC4,9,gaba,23,14
517036,T2,100485,LC4,9,acetylcholine,31,0
514382,Tm3,100485,LC4,9,acetylcholine,0,1
160295,T2,100485,LC4,9,acetylcholine,15,2
124024,T2,100485,LC4,9,acetylcholine,10,2
76812,Tm3,100485,LC4,9,acetylcholine,1,1
14452,MeLo8,100485,LC4,9,gaba,21,20
10251,MeVP53,100485,LC4,9,gaba,13,27
79849,Tm3,21313,LC4,9,acetylcholine,2,1
72301,Tm4,21313,LC4,9,acetylcholine,3,1
69633,T2,21313,LC4,9,acetylcholine,9,19
67559,Tm4,21313,LC4,9,acetylcholine,4,1
65504,T2,21313,LC4,9,acetylcholine,5,1
64341,TmY3,21313,LC4,9,acetylcholine,23,5
62340,T2,21313,LC4,9,acetylcholine,0,27
61968,T2,21313,LC4,9,acetylcholine,23,22
61045,TmY3,21313,LC4,9,acetylcholine,8,27
15281,Li17,21313,LC4,9,gaba,0,15
14581,TmY19a,21313,LC4,9,gaba,1,22
539413,LT56,20808,LC4,8,glutamate,4,14
80108,Tm4,20808,LC4,8,acetylcholine,6,1
72220,Tm2,20808,LC4,8,acetylcholine,7,1
70655,T2,20808,LC4,8,acetylcholine,8,1
64260,T2,20808,LC4,8,acetylcholine,6,28
61292,T2,20808,LC4,8,acetylcholine,19,24
59574,Tm2,20808,LC4,8,acetylcholine,0,24
52225,Tm2,20808,LC4,8,acetylcholine,9,1
49994,Tm2,20808,LC4,8,acetylcholine,10,1
46346,Li29,20808,LC4,8,gaba,2,11
46001,Tm2,20808,LC4,8,acetylcholine,11,1
44564,TmY3,20808,LC4,8,acetylcholine,9,5
24090,Li26,20808,LC4,8,gaba,30,25
23392,LC4,20808,LC4,8,acetylcholine,7,2
21677,LPLC1,20808,LC4,8,acetylcholine,24,30
544574,T2a,22966,LC4,8,acetylcholine,12,1
82629,Tm4,22966,LC4,8,acetylcholine,13,1
79057,Tm2,22966,LC4,8,acetylcholine,14,1
78875,Tm2,22966,LC4,8,acetylcholine,15,1
74998,Tm4,22966,LC4,8,acetylcholine,16,1
66442,T2,22966,LC4,8,acetylcholine,17,1
62142,T2,22966,LC4,8,acetylcholine,11,21
59141,MeLo2,22966,LC4,8,acetylcholine,18,1
57164,TmY3,22966,LC4,8,acetylcholine,16,24
24967,TmY19a,22966,LC4,8,gaba,26,16
22975,LC4,22966,LC4,8,acetylcholine,30,0
545918,Tm3,520449,LC4,8,acetylcholine,19,1
539951,Tm2,520449,LC4,8,acetylcholine,10,12
533202,TmY3,520449,LC4,8,acetylcholine,16,23
530806,Tm4,520449,LC4,8,acetylcholine,20,1
514162,T2,520449,LC4,8,acetylcholine,2,22
512285,T2,520449,LC4,8,acetylcholine,31,24
140869,Li13,520449,LC4,8,gaba,21,1
123116,T2,520449,LC4,8,acetylcholine,22,1
48623,TmY3,520449,LC4,8,acetylcholine,1,23
42899,Tm2,520449,LC4,8,acetylcholine,23,1
42776,Y12,520449,LC4,8,glutamate,24,1
38544,Tm2,520449,LC4,8,acetylcholine,25,1
29089,Tm4,520449,LC4,8,acetylcholine,26,1
26694,Tm4,520449,LC4,8,acetylcholine,21,2
11102,PVLP046,520449,LC4,8,gaba,20,4
533138,T2,511914,LC4,8,acetylcholine,27,1
530806,Tm4,511914,LC4,8,acetylcholine,20,1
107579,T2,511914,LC4,8,acetylcholine,18,4
80363,Tm37,511914,LC4,8,glutamate,28,1
77773,T2,511914,LC4,8,acetylcholine,1,17
75859,Tm3,511914,LC4,8,acetylcholine,29,1
69679,Tm4,511914,LC4,8,acetylcholine,26,15
51779,Tm2,511914,LC4,8,acetylcholine,30,1
51558,Tm4,511914,LC4,8,acetylcholine,31,1
45590,T2,511914,LC4,8,acetylcholine,8,14
38128,Li25,511914,LC4,8,gaba,0,2
34320,Li25,511914,LC4,8,gaba,20,22
23226,LC4,511914,LC4,8,acetylcholine,1,2
17734,LPLC1,511914,LC4,8,acetylcholine,2,2
16475,PVLP024,511914,LC4,8,gaba,20,7
89047,T2,17987,LC4,8,acetylcholine,3,2
86782,T2,17987,LC4,8,acetylcholine,0,21
85413,Tm2,17987,LC4,8,acetylcholine,4,2
85090,Tm2,17987,LC4,8,acetylcholine,5,2
81262,Tm4,17987,LC4,8,acetylcholine,6,2
72300,Tm3,17987,LC4,8,acetylcholine,7,2
70388,Tm4,17987,LC4,8,acetylcholine,8,2
66933,Tm3,17987,LC4,8,acetylcholine,9,5
65276,Tm2,17987,LC4,8,acetylcholine,9,2
61767,Tm37,17987,LC4,8,glutamate,10,2
58669,Tm2,17987,LC4,8,acetylcholine,11,2
52911,Tm2,17987,LC4,8,acetylcholine,12,2
51928,Tm2,17987,LC4,8,acetylcholine,13,2
50587,TmY3,17987,LC4,8,acetylcholine,10,10
48747,Tm2,17987,LC4,8,acetylcholine,14,2
45866,Tlp12,17987,LC4,8,glutamate,15,2
37769,Tlp12,17987,LC4,8,glutamate,28,3
22650,Li14,17987,LC4,8,glutamate,16,2
19454,PVLP024,17987,LC4,8,gaba,3,11
17289,Li29,17987,LC4,8,gaba,13,1
16628,LC4,17987,LC4,8,acetylcholine,30,29
13797,Li29,17987,LC4,8,gaba,8,29
11628,LT40,17987,LC4,8,gaba,27,4
81226,T2,19543,LC4,8,acetylcholine,16,26
79599,Tm2,19543,LC4,8,acetylcholine,0,23
75370,Tm4,19543,LC4,8,acetylcholine,17,2
75027,Tm3,19543,LC4,8,acetylcholine,18,2
68067,T2,19543,LC4,8,acetylcholine,25,11
67424,T2,19543,LC4,8,acetylcholine,5,30
65116,Tm4,19543,LC4,8,acetylcholine,7,24
64540,T2,19543,LC4,8,acetylcholine,20,30
64022,T2,19543,LC4,8,acetylcholine,19,16
56818,Li14,19543,LC4,8,glutamate,19,2
54050,Y14,19543,LC4,8,glutamate,20,2
49853,Tm2,19543,LC4,8,acetylcholine,21,2
49510,Tm2,19543,LC4,8,acetylcholine,22,2
44564,TmY3,19543,LC4,8,acetylcholine,9,5
26011,Li26,19543,LC4,8,gaba,26,7
21677,LPLC1,19543,LC4,8,acetylcholine,24,30
20399,LC4,19543,LC4,8,acetylcholine,31,9
118668,TmY18,28945,LC4,8,acetylcholine,23,2
114959,T3,28945,LC4,8,acetylcholine,24,2
101633,Tm3,28945,LC4,8,acetylcholine,25,2
93274,Tm3,28945,LC4,8,acetylcholine,26,2
92981,T2,28945,LC4,8,acetylcholine,27,6
91654,T2,28945,LC4,8,acetylcholine,18,23
84741,Tm3,28945,LC4,8,acetylcholine,27,2
83037,Tm4,28945,LC4,8,acetylcholine,28,2
81076,T2,28945,LC4,8,acetylcholine,29,2
80979,T2,28945,LC4,8,acetylcholine,4,4
80964,T2,28945,LC4,8,acetylcholine,30,2
70702,Tm37,28945,LC4,8,glutamate,31,2
64004,Tm2,28945,LC4,8,acetylcholine,0,3
49030,Y12,28945,LC4,8,glutamate,1,3
36636,Li25,28945,LC4,8,gaba,2,3
33474,SAD049,28945,LC4,8,acetylcholine,24,18
30803,LC4,28945,LC4,8,acetylcholine,2,24
26393,LPLC2,28945,LC4,8,acetylcholine,3,3
23333,LPLC1,28945,LC4,8,acetylcholine,4,3
22966,LC4,28945,LC4,8,acetylcholine,24,27
530885,Tm3,19634,LC4,8,acetylcholine,5,3
118371,Tm4,19634,LC4,8,acetylcholine,20,19
115650,Tm4,19634,LC4,8,acetylcholine,9,12
113621,Tm4,19634,LC4,8,acetylcholine,6,3
94507,Tm2,19634,LC4,8,acetylcholine,7,3
89248,T2,19634,LC4,8,acetylcholine,15,26
87560,Tm3,19634,LC4,8,acetylcholine,8,3
85055,T2,19634,LC4,8,acetylcholine,9,18
82970,Tm4,19634,LC4,8,acetylcholine,17,5
82808,Tm4,19634,LC4,8,acetylcholine,30,30
82234,T2,19634,LC4,8,acetylcholine,3,31
76206,Tm4,19634,LC4,8,acetylcholine,9,3
74501,Tm3,19634,LC4,8,acetylcholine,10,3
54503,TmY3,19634,LC4,8,acetylcholine,23,7
53659,TmY3,19634,LC4,8,acetylcholine,8,31
24269,Li26,19634,LC4,8,gaba,25,26
16659,PVLP011,19634,LC4,8,gaba,11,20
15909,Li28,19634,LC4,8,gaba,27,0
93512,Tm37,17548,LC4,8,glutamate,11,3
70704,Tm4,17548,LC4,8,acetylcholine,12,3
70013,Tm4,17548,LC4,8,acetylcholine,13,3
64454,Tm4,17548,LC4,8,acetylcholine,14,3
64352,T2,17548,LC4,8,acetylcholine,11,5
64158,T2,17548,LC4,8,acetylcholine,30,11
56907,TmY3,17548,LC4,8,acetylcholine,30,14
52448,TmY3,17548,LC4,8,acetylcholine,9,4
48929,TmY3,17548,LC4,8,acetylcholine,4,13
48654,Tm2,17548,LC4,8,acetylcholine,18,29
47749,TmY3,17548,LC4,8,acetylcholine,14,6
45933,Tm2,17548,LC4,8,acetylcholine,15,3
39975,Y14,17548,LC4,8,glutamate,16,3
27194,PVLP046,17548,LC4,8,gaba,18,3
23392,LC4,17548,LC4,8,acetylcholine,7,2
20964,Li26,17548,LC4,8,gaba,11,10
10730,LoVC21,17548,LC4,8,gaba,31,0
543953,T2,21721,LC4,8,acetylcholine,17,3
160660,T2,21721,LC4,8,acetylcholine,18,3
128908,Tm5Y,21721,LC4,8,acetylcholine,19,3
123957,Tm4,21721,LC4,8,acetylcholine,20,3
84550,Tm4,21721,LC4,8,acetylcholine,26,18
79129,LPi_unclear,21721,LC4,8,glutamate,10,28
76472,Tm3,21721,LC4,8,acetylcholine,30,7
56597,Tm37,21721,LC4,8,glutamate,21,3
32204,MeLo2,21721,LC4,8,acetylcholine,22,3
29876,TmY3,21721,LC4,8,acetylcholine,7,15
531911,Tm4,16917,LC4,8,acetylcholine,23,3
530201,Tm2,16917,LC4,8,acetylcholine,24,3
521269,TmY3,16917,LC4,8,acetylcholine,12,2
515822,Tm4,16917,LC4,8,acetylcholine,25,3
512366,LC4,16917,LC4,8,acetylcholine,6,7
130249,Tm3,16917,LC4,8,acetylcholine,26,3
13813,MeLo8,16917,LC4,8,gaba,2,20
11940,MeLo8,16917,LC4,8,gaba,14,9
546550,TmY3,532254,LC4,8,acetylcholine,24,18
535688,Tm3,532254,LC4,8,acetylcholine,27,3
160078,T2,532254,LC4,8,acetylcholine,28,3
112672,Tm4,532254,LC4,8,acetylcholine,29,3
106529,Tm3,532254,LC4,8,acetylcholine,30,3
103881,T2,532254,LC4,8,acetylcholine,31,3
94588,Tm3,532254,LC4,8,acetylcholine,0,4
81070,T2,532254,LC4,8,acetylcholine,1,4
66974,Tm37,532254,LC4,8,glutamate,2,4
55169,Tm4,532254,LC4,8,acetylcholine,3,4
40896,Tm4,532254,LC4,8,acetylcholine,4,4
15261,CB2664,532254,LC4,8,acetylcholine,5,0
13308,Li29,532254,LC4,8,gaba,14,19
521794,Tm4,18432,LC4,8,acetylcholine,5,4
520558,T2,18432,LC4,8,acetylcholine,20,20
516030,Tm3,18432,LC4,8,acetylcholine,6,4
512944,T2,18432,LC4,8,acetylcholine,20,3
105250,T2,18432,LC4,8,acetylcholine,7,4
99160,T2,18432,LC4,8,acetylcholine,8,4
93963,Tm2,18432,LC4,8,acetylcholine,9,4
90281,Tm2,18432,LC4,8,acetylcholine,10,4
76016,Tm4,18432,LC4,8,acetylcholine,11,4
62758,Tm37,18432,LC4,8,glutamate,12,4
55055,Tm2,18432,LC4,8,acetylcholine,13,4
52176,TmY3,18432,LC4,8,acetylcholine,18,28
48450,Tm4,18432,LC4,8,acetylcholine,14,4
47895,T2,18432,LC4,8,acetylcholine,18,27
44649,Li25,18432,LC4,8,gaba,22,21
43199,TmY3,18432,LC4,8,acetylcholine,15,4
12242,SAD055,18432,LC4,8,acetylcholine,22,8
558327,Li13,16809,LC4,8,gaba,3,26
537054,TmY3,16809,LC4,8,acetylcholine,22,11
531493,T2,16809,LC4,8,acetylcholine,20,22
530656,TmY19a,16809,LC4,8,gaba,16,4
529339,Tm37,16809,LC4,8,glutamate,17,4
512646,Tm4,16809,LC4,8,acetylcholine,5,26
73358,Tm2,16809,LC4,8,acetylcholine,18,4
63486,Tm2,16809,LC4,8,acetylcholine,19,4
60587,Tm2,16809,LC4,8,acetylcholine,20,4
20477,TmY3,16809,LC4,8,acetylcholine,23,16
19476,LC9,16809,LC4,8,acetylcholine,25,22
16459,PVLP024,16809,LC4,8,gaba,5,15
539413,LT56,19954,LC4,8,glutamate,4,14
78596,Tm4,19954,LC4,8,acetylcholine,21,4
74458,Tm4,19954,LC4,8,acetylcholine,22,4
74031,T2,19954,LC4,8,acetylcholine,29,22
70966,T2,19954,LC4,8,acetylcholine,3,22
68962,T2,19954,LC4,8,acetylcholine,30,0
68353,Y14,19954,LC4,8,glutamate,23,4
67925,Tm37,19954,LC4,8,glutamate,24,4
64051,T2,19954,LC4,8,acetylcholine,25,4
61734,T2,19954,LC4,8,acetylcholine,6,22
59323,T2,19954,LC4,8,acetylcholine,16,7
51981,TmY3,19954,LC4,8,acetylcholine,30,16
51767,TmY3,19954,LC4,8,acetylcholine,4,11
50521,Tm2,19954,LC4,8,acetylcholine,26,4
49078,Tm2,19954,LC4,8,acetylcholine,27,4
48743,Tm2,19954,LC4,8,acetylcholine,19,7
47360,TmY3,19954,LC4,8,acetylcholine,21,24
44724,Tm2,19954,LC4,8,acetylcholine,23,17
40017,Li25,19954,LC4,8,gaba,28,4
23526,LC9,19954,LC4,8,acetylcholine,7,12
22945,Li26,19954,LC4,8,gaba,30,19
18127,LC4,19954,LC4,8,acetylcholine,31,30
12475,LoVC15,19954,LC4,8,gaba,17,20
12237,SAD055,19954,LC4,8,acetylcholine,24,31
135042,Tm3,17668,LC4,8,acetylcholine,29,4
129008,Tm3,17668,LC4,8,acetylcholine,30,4
101749,Tm4,17668,LC4,8,acetylcholine,31,4
86777,Tm3,17668,LC4,8,acetylcholine,0,5
85623,T2,17668,LC4,8,acetylcholine,21,6
85664,TmY3,17668,LC4,8,acetylcholine,26,25
77542,T2,17668,LC4,8,acetylcholine,1,5
77111,Tm4,17668,LC4,8,acetylcholine,2,5
75615,T2,17668,LC4,8,acetylcholine,3,5
73347,T2,17668,LC4,8,acetylcholine,4,5
71827,Tm4,17668,LC4,8,acetylcholine,5,5
71518,T2,17668,LC4,8,acetylcholine,6,5
66908,Tlp13,17668,LC4,8,glutamate,7,5
58638,Tm2,17668,LC4,8,acetylcholine,8,5
55947,Tm2,17668,LC4,8,acetylcholine,9,5
53889,Tm2,17668,LC4,8,acetylcholine,28,10
31680,Y11,17668,LC4,8,glutamate,10,5
24612,Li26,17668,LC4,8,gaba,3,17
22790,LPLC1,17668,LC4,8,acetylcholine,0,26
19146,LPLC2,17668,LC4,8,acetylcholine,11,5
17987,LC4,17668,LC4,8,acetylcholine,8,18
530637,Tm4,20859,LC4,8,acetylcholine,12,5
529860,Tm4,20859,LC4,8,acetylcholine,13,5
519279,Tm3,20859,LC4,8,acetylcholine,14,5
517363,T2,20859,LC4,8,acetylcholine,15,5
516834,TmY3,20859,LC4,8,acetylcholine,7,6
516488,Tm2,20859,LC4,8,acetylcholine,16,5
514099,Tm4,20859,LC4,8,acetylcholine,17,5
513248,Tm3,20859,LC4,8,acetylcholine,18,5
512705,LC4,20859,LC4,8,acetylcholine,30,18
76024,Tm4,20859,LC4,8,acetylcholine,2,1
69313,Tm4,20859,LC4,8,acetylcholine,19,5
61611,T2,20859,LC4,8,acetylcholine,20,5
51929,Tm2,20859,LC4,8,acetylcholine,21,5
37976,Tlp12,20859,LC4,8,glutamate,22,5
31308,LC4,20859,LC4,8,acetylcholine,23,5
28485,Tm2,20859,LC4,8,acetylcholine,24,5
28328,T2,20859,LC4,8,acetylcholine,19,4
21379,Tlp12,20859,LC4,8,glutamate,12,27
21319,Tm4,20859,LC4,8,acetylcholine,25,5
20424,Tlp12,20859,LC4,8,glutamate,26,5
17474,Li17,20859,LC4,8,gaba,6,4
15261,CB2664,20859,LC4,8,acetylcholine,5,0
11102,PVLP046,20859,LC4,8,gaba,20,4
10158,LT56,20859,LC4,8,glutamate,31,5
527699,SAD064,38065,LC4,8,acetylcholine,4,13
163277,TmY18,38065,LC4,8,acetylcholine,27,5
98408,Tm3,38065,LC4,8,acetylcholine,28,5
81607,T2,38065,LC4,8,acetylcholine,3,7
76575,Tm4,38065,LC4,8,acetylcholine,29,5
74440,T2,38065,LC4,8,acetylcholine,30,5
70114,T2,38065,LC4,8,acetylcholine,14,6
69680,Tm3,38065,LC4,8,acetylcholine,31,5
56493,TmY3,38065,LC4,8,acetylcholine,12,31
54582,Tm2,38065,LC4,8,acetylcholine,0,6
48781,TmY3,38065,LC4,8,acetylcholine,23,12
47898,TmY3,38065,LC4,8,acetylcholine,12,6
44997,Tlp12,38065,LC4,8,glutamate,6,4
37242,Li25,38065,LC4,8,gaba,1,6
23955,TmY19a,38065,LC4,8,gaba,13,24
20434,PVLP046,38065,LC4,8,gaba,0,21
735529746,,27829,LC4,8,unclear,2,6
532360,Tm3,27829,LC4,8,acetylcholine,3,6
531015,T2,27829,LC4,8,acetylcholine,1,3
527247,Tm37,27829,LC4,8,glutamate,4,6
524899,LC4,27829,LC4,8,acetylcholine,14,2
519899,LoVC15,27829,LC4,8,gaba,16,19
519744,T2,27829,LC4,8,acetylcholine,31,15
512121,CB1280,27829,LC4,8,acetylcholine,12,21
167071,T2,27829,LC4,8,acetylcholine,17,19
77215,Tm4,27829,LC4,8,acetylcholine,9,25
60993,Tm37,27829,LC4,8,glutamate,5,6
59380,T2,27829,LC4,8,acetylcholine,4,29
55638,Li14,27829,LC4,8,glutamate,6,6
49810,TmY3,27829,LC4,8,acetylcholine,10,3
43043,Tm2,27829,LC4,8,acetylcholine,7,6
41265,TmY3,27829,LC4,8,acetylcholine,30,11
39435,Tlp12,27829,LC4,8,glutamate,19,19
34028,T2,27829,LC4,8,acetylcholine,21,15
23202,LC4,27829,LC4,8,acetylcholine,10,14
22772,LC4,27829,LC4,8,acetylcholine,3,28
17653,LC4,27829,LC4,8,acetylcholine,13,6
12225,LoVC15,27829,LC4,8,gaba,28,19
10251,MeVP53,27829,LC4,8,gaba,13,27
93168,Tm4,17926,LC4,8,acetylcholine,7,28
84038,Tm3,17926,LC4,8,acetylcholine,8,6
81372,Tm3,17926,LC4,8,acetylcholine,9,6
68416,T2,17926,LC4,8,acetylcholine,19,14
67801,Tm4,17926,LC4,8,acetylcholine,10,6
65070,Tm2,17926,LC4,8,acetylcholine,11,6
64784,T2,17926,LC4,8,acetylcholine,19,8
64000,Tm37,17926,LC4,8,glutamate,12,6
63917,Tm4,17926,LC4,8,acetylcholine,13,6
62761,T2,17926,LC4,8,acetylcholine,9,28
62154,T2,17926,LC4,8,acetylcholine,13,3
61835,T2,17926,LC4,8,acetylcholine,16,1
61353,T2,17926,LC4,8,acetylcholine,25,27
61187,T2,17926,LC4,8,acetylcholine,4,12
45061,Tm2,17926,LC4,8,acetylcholine,14,6
44470,Tlp12,17926,LC4,8,glutamate,15,6
44262,Tm2,17926,LC4,8,acetylcholine,16,6
37413,Tlp14,17926,LC4,8,glutamate,17,6
37016,Y12,17926,LC4,8,glutamate,18,6
24612,Li26,17926,LC4,8,gaba,3,17
23098,LC4,17926,LC4,8,acetylcholine,25,17
20964,Li26,17926,LC4,8,gaba,11,10
17939,PVLP046,17926,LC4,8,gaba,1,19
17548,LC4,17926,LC4,8,acetylcholine,11,15
17364,LC4,17926,LC4,8,acetylcholine,21,11
17054,LC4,17926,LC4,8,acetylcholine,9,4
14106,CB2664,17926,LC4,8,acetylcholine,4,17
13588,Li30,17926,LC4,8,gaba,12,1
547898,T2,31262,LC4,8,acetylcholine,13,26
105231,T2,31262,LC4,8,acetylcholine,24,19
97251,Tm3,31262,LC4,8,acetylcholine,19,6
93873,T2,31262,LC4,8,acetylcholine,20,6
81881,Tm2,31262,LC4,8,acetylcholine,21,6
78617,TmY3,31262,LC4,8,acetylcholine,11,4
76764,TmY3,31262,LC4,8,acetylcholine,26,19
61246,TmY3,31262,LC4,8,acetylcholine,20,30
35632,LPLC2,31262,LC4,8,acetylcholine,22,6
28982,TmY19a,31262,LC4,8,gaba,23,6
19454,PVLP024,31262,LC4,8,gaba,3,11
535656,TmY3,23226,LC4,8,acetylcholine,26,13
532436,Tm4,23226,LC4,8,acetylcholine,24,6
531862,LT41,23226,LC4,8,gaba,31,3
531911,Tm4,23226,LC4,8,acetylcholine,23,3
165651,Tm4,23226,LC4,8,acetylcholine,27,29
122975,T2,23226,LC4,8,acetylcholine,31,0
85852,TmY3,23226,LC4,8,acetylcholine,5,26
77096,T2,23226,LC4,8,acetylcholine,0,25
44982,TmY3,23226,LC4,8,acetylcholine,4,25
37931,TmY17,23226,LC4,8,acetylcholine,25,6
37900,Y3,23226,LC4,8,acetylcholine,26,6
31114,Y11,23226,LC4,8,glutamate,27,6
18478,LC4,23226,LC4,8,acetylcholine,11,14
12680,TmY19a,23226,LC4,8,gaba,9,9
579937,Li13,518983,LC4,8,gaba,28,6
549717,T2,518983,LC4,8,acetylcholine,29,6
541820,TmY3,518983,LC4,8,acetylcholine,24,24
533822,TmY3,518983,LC4,8,acetylcholine,26,2
524725,Tm3,518983,LC4,8,acetylcholine,30,6
137190,Tm3,518983,LC4,8,acetylcholine,31,6
99987,Tm2,518983,LC4,8,acetylcholine,0,7
88482,Tm4,518983,LC4,8,acetylcholine,14,17
70537,T2,518983,LC4,8,acetylcholine,6,8
69451,T2,518983,LC4,8,acetylcholine,1,7
61140,Tm2,518983,LC4,8,acetylcholine,2,7
31409,Li26,518983,LC4,8,gaba,3,17
20572,LC4,518983,LC4,8,acetylcholine,25,13
14488,LC9,518983,LC4,8,acetylcholine,8,0
11102,PVLP046,518983,LC4,8,gaba,20,4
10345,LT40,518983,LC4,8,gaba,16,3
10158,LT56,518983,LC4,8,glutamate,31,5
548611,Tm2,12349,LC4,8,acetylcholine,3,7
520326,Tm3,12349,LC4,8,acetylcholine,4,7
517918,Tm4,12349,LC4,8,acetylcholine,5,7
515151,T2,12349,LC4,8,acetylcholine,13,17
512647,T2,12349,LC4,8,acetylcholine,6,7
171529,Tm3,12349,LC4,8,acetylcholine,7,7
154030,T2,12349,LC4,8,acetylcholine,10,23
146848,T2,12349,LC4,8,acetylcholine,16,14
144128,T2,12349,LC4,8,acetylcholine,20,1
115308,T2,12349,LC4,8,acetylcholine,8,7
115002,Tm4,12349,LC4,8,acetylcholine,9,7
104248,Tm3,12349,LC4,8,acetylcholine,10,7
97948,T2,12349,LC4,8,acetylcholine,11,7
89957,T2,12349,LC4,8,acetylcholine,12,7
84433,Tm37,12349,LC4,8,glutamate,13,7
76629,TmY3,12349,LC4,8,acetylcholine,14,7
69451,T2,12349,LC4,8,acetylcholine,1,7
66989,Tm37,12349,LC4,8,glutamate,15,7
63965,Tm3,12349,LC4,8,acetylcholine,16,7
58872,Li13,12349,LC4,8,gaba,17,7
54082,TmY21,12349,LC4,8,acetylcholine,18,7
30087,LC4,12349,LC4,8,acetylcholine,1,26
27076,TmY3,12349,LC4,8,acetylcholine,19,7
17375,SAD064,12349,LC4,8,acetylcholine,21,29
131329,Tm3,23098,LC4,8,acetylcholine,20,7
122308,Tm3,23098,LC4,8,acetylcholine,21,7
109656,Tm4,23098,LC4,8,acetylcholine,22,7
108268,Tm4,23098,LC4,8,acetylcholine,25,25
85730,Tm3,23098,LC4,8,acetylcholine,23,7
85664,TmY3,23098,LC4,8,acetylcholine,26,25
84733,Tm37,23098,LC4,8,glutamate,24,7
80899,TmY3,23098,LC4,8,acetylcholine,12,11
77232,T2,23098,LC4,8,acetylcholine,4,20
72066,Tm3,23098,LC4,8,acetylcholine,25,7
71489,T2,23098,LC4,8,acetylcholine,26,7
69736,Tm3,23098,LC4,8,acetylcholine,27,7
67559,Tm4,23098,LC4,8,acetylcholine,4,1
63030,Tm4,23098,LC4,8,acetylcholine,2,0
56084,Tm2,23098,LC4,8,acetylcholine,28,7
54885,TmY3,23098,LC4,8,acetylcholine,29,28
51069,Tm2,23098,LC4,8,acetylcholine,29,7
32504,Li13,23098,LC4,8,gaba,30,7
11394,Li16,23098,LC4,8,glutamate,20,27
10480,MeVP53,23098,LC4,8,gaba,11,7
535648,Tm37,17478,LC4,8,glutamate,6,31
533129,LC4,17478,LC4,8,acetylcholine,2,22
529721,Tm3,17478,LC4,8,acetylcholine,31,7
525307,Tm3,17478,LC4,8,acetylcholine,0,8
520449,LC4,17478,LC4,8,acetylcholine,0,2
517568,Tm4,17478,LC4,8,acetylcholine,1,8
514728,Tm4,17478,LC4,8,acetylcholine,2,8
511965,Tm2,17478,LC4,8,acetylcholine,3,8
511894,Li15,17478,LC4,8,gaba,20,19
79551,Tm4,17478,LC4,8,acetylcholine,4,8
67421,Tm2,17478,LC4,8,acetylcholine,5,8
59584,Tm2,17478,LC4,8,acetylcholine,6,8
57404,TmY3,17478,LC4,8,acetylcholine,7,26
54797,Tm2,17478,LC4,8,acetylcholine,7,7
41629,Li13,17478,LC4,8,gaba,29,4
38865,LC9,17478,LC4,8,acetylcholine,1,26
35929,LC9,17478,LC4,8,acetylcholine,7,8
29352,Y14,17478,LC4,8,glutamate,8,8
29012,Li15,17478,LC4,8,gaba,9,8
24747,TmY3,17478,LC4,8,acetylcholine,24,19
20967,LC4,17478,LC4,8,acetylcholine,23,8
14888,LC4,17478,LC4,8,acetylcholine,28,25
13600,CB2664,17478,LC4,8,acetylcholine,10,21
531905,Tm2,34845,LC4,8,acetylcholine,10,8
518387,Tm37,34845,LC4,8,glutamate,11,8
517958,TmY3,34845,LC4,8,acetylcholine,10,24
108620,T2,34845,LC4,8,acetylcholine,3,25
86963,Li14,34845,LC4,8,glutamate,14,1
78602,Tm4,34845,LC4,8,acetylcholine,12,8
70502,T2,34845,LC4,8,acetylcholine,1,19
36151,T2,34845,LC4,8,acetylcholine,3,24
31965,LC9,34845,LC4,8,acetylcholine,13,8
24624,TmY19a,34845,LC4,8,gaba,14,8
17737,Tm2,34845,LC4,8,acetylcholine,15,8
17608,LC4,34845,LC4,8,acetylcholine,8,20
17363,Tm2,34845,LC4,8,acetylcholine,16,8
15091,MeLo8,34845,LC4,8,gaba,6,10
547451,Tm4,17653,LC4,8,acetylcholine,17,8
531288,T2,17653,LC4,8,acetylcholine,23,23
531280,Tm2,17653,LC4,8,acetylcholine,18,8
526428,Li25,17653,LC4,8,gaba,19,8
518350,Tm3,17653,LC4,8,acetylcholine,20,8
516984,Tm3,17653,LC4,8,acetylcholine,21,8
515851,Tm2,17653,LC4,8,acetylcholine,22,8
104609,T2,17653,LC4,8,acetylcholine,30,0
78406,Tm4,17653,LC4,8,acetylcholine,23,8
64941,Tm3,17653,LC4,8,acetylcholine,24,8
51835,Tm2,17653,LC4,8,acetylcholine,25,8
46325,Tm2,17653,LC4,8,acetylcholine,26,8
41105,Tm37,17653,LC4,8,glutamate,27,8
29375,Tm4,17653,LC4,8,acetylcholine,28,8
27194,PVLP046,17653,LC4,8,gaba,18,3
24673,Tm2,17653,LC4,8,acetylcholine,29,8
14888,LC4,17653,LC4,8,acetylcholine,28,25
13308,Li29,17653,LC4,8,gaba,14,19
12741,Tm2,17653,LC4,8,acetylcholine,30,8
10147,LHAD1g1,17653,LC4,8,gaba,31,8
536438,Tm4,20440,LC4,8,acetylcholine,0,9
523479,MeLo8,20440,LC4,8,gaba,0,8
518730,LC4,20440,LC4,8,acetylcholine,22,23
517829,Li15,20440,LC4,8,gaba,25,18
516811,T2,20440,LC4,8,acetylcholine,1,9
175209,T2,20440,LC4,8,acetylcholine,2,9
161287,Tlp13,20440,LC4,8,glutamate,3,9
132278,T2,20440,LC4,8,acetylcholine,4,9
100635,Tm3,20440,LC4,8,acetylcholine,5,9
94014,T2,20440,LC4,8,acetylcholine,6,9
91005,T2,20440,LC4,8,acetylcholine,25,9
90265,Tm4,20440,LC4,8,acetylcholine,4,1
81343,Tm4,20440,LC4,8,acetylcholine,0,22
79129,LPi_unclear,20440,LC4,8,glutamate,10,28
75206,T2,20440,LC4,8,acetylcholine,7,9
56932,Tm2,20440,LC4,8,acetylcholine,8,9
51395,TmY3,20440,LC4,8,acetylcholine,23,17
41900,Y12,20440,LC4,8,glutamate,28,9
38356,Tm4,20440,LC4,8,acetylcholine,2,11
37183,Li25,20440,LC4,8,gaba,23,25
29138,Tlp14,20440,LC4,8,glutamate,9,9
15263,Li28,20440,LC4,8,gaba,3,2
552920,T2,17340,LC4,8,acetylcholine,8,16
546750,Tm4,17340,LC4,8,acetylcholine,10,9
539770,Li15,17340,LC4,8,gaba,22,12
524778,Li26,17340,LC4,8,gaba,16,16
518016,LC4,17340,LC4,8,acetylcholine,11,9
132953,Tm3,17340,LC4,8,acetylcholine,12,9
93682,TmY3,17340,LC4,8,acetylcholine,19,4
93591,T2,17340,LC4,8,acetylcholine,22,20
79903,T2,17340,LC4,8,acetylcholine,23,1
74784,T2,17340,LC4,8,acetylcholine,13,9
68182,Tm2,17340,LC4,8,acetylcholine,14,9
60997,Tm2,17340,LC4,8,acetylcholine,15,9
59477,Tm2,17340,LC4,8,acetylcholine,17,22
56891,TmY3,17340,LC4,8,acetylcholine,18,2
42168,Tm4,17340,LC4,8,acetylcholine,16,9
25743,TmY19b,17340,LC4,8,gaba,17,9
17315,Li30,17340,LC4,8,gaba,27,1
16040,Pm7_Li28,17340,LC4,8,gaba,7,0
94481,T2,22975,LC4,8,acetylcholine,18,9
86320,Tm4,22975,LC4,8,acetylcholine,19,9
82456,T2,22975,LC4,8,acetylcholine,20,9
80799,Tm4,22975,LC4,8,acetylcholine,21,9
78045,Tm2,22975,LC4,8,acetylcholine,30,7
77058,Tm2,22975,LC4,8,acetylcholine,18,22
73884,T2,22975,LC4,8,acetylcholine,19,11
72830,TmY3,22975,LC4,8,acetylcholine,9,25
71230,Tm3,22975,LC4,8,acetylcholine,22,9
70632,Tm3,22975,LC4,8,acetylcholine,23,9
69630,Tm4,22975,LC4,8,acetylcholine,27,16
66872,T2,22975,LC4,8,acetylcholine,19,30
66442,T2,22975,LC4,8,acetylcholine,17,1
62103,Tm37,22975,LC4,8,glutamate,24,9
61380,TmY3,22975,LC4,8,acetylcholine,17,14
56240,T2,22975,LC4,8,acetylcholine,25,9
55166,Tm2,22975,LC4,8,acetylcholine,13,27
50665,Tm2,22975,LC4,8,acetylcholine,26,9
50311,TmY3,22975,LC4,8,acetylcholine,1,4
41210,LC9,22975,LC4,8,acetylcholine,27,9
28630,TmY19a,22975,LC4,8,gaba,19,13
22966,LC4,22975,LC4,8,acetylcholine,24,27
16659,PVLP011,22975,LC4,8,gaba,11,20
559048,T2,24523,LC4,8,acetylcholine,5,17
549717,T2,24523,LC4,8,acetylcholine,29,6
539222,Tm3,24523,LC4,8,acetylcholine,28,9
535211,Tm2,24523,LC4,8,acetylcholine,29,9
530768,Tm4,24523,LC4,8,acetylcholine,30,9
77954,Li13,24523,LC4,8,gaba,24,2
76230,Tm2,24523,LC4,8,acetylcholine,31,9
68347,Tm3,24523,LC4,8,acetylcholine,0,10
44612,Tm4,24523,LC4,8,acetylcholine,1,10
33369,TmY3,24523,LC4,8,acetylcholine,2,23
27464,Tm4,24523,LC4,8,acetylcholine,2,10
21036,Tm3,24523,LC4,8,acetylcholine,3,10
20921,T2,24523,LC4,8,acetylcholine,12,2
12196,Li29,24523,LC4,8,gaba,28,22
11049,Li30,24523,LC4,8,gaba,14,0
539118,T2,20967,LC4,8,acetylcholine,8,2
533470,Li17,20967,LC4,8,gaba,16,4
531423,Tm4,20967,LC4,8,acetylcholine,11,25
527521,Tm4,20967,LC4,8,acetylcholine,19,18
520303,Tm2,20967,LC4,8,acetylcholine,4,10
518730,LC4,20967,LC4,8,acetylcholine,22,23
516320,T2,20967,LC4,8,acetylcholine,12,11
512121,CB1280,20967,LC4,8,acetylcholine,12,21
50803,T2,20967,LC4,8,acetylcholine,13,25
47658,Tm2,20967,LC4,8,acetylcholine,20,23
46878,Tm4,20967,LC4,8,acetylcholine,0,3
32459,Li25,20967,LC4,8,gaba,5,10
32136,Tm4,20967,LC4,8,acetylcholine,9,14
14690,TmY19a,20967,LC4,8,gaba,10,17
10776,LoVC7,20967,LC4,8,gaba,2,1
10251,MeVP53,20967,LC4,8,gaba,13,27
549654,T2,35616,LC4,8,acetylcholine,7,18
534172,Tm4,35616,LC4,8,acetylcholine,31,25
532968,Tm4,35616,LC4,8,acetylcholine,10,25
527341,T2,35616,LC4,8,acetylcholine,6,10
523824,TmY3,35616,LC4,8,acetylcholine,9,21
518214,TmY3,35616,LC4,8,acetylcholine,3,18
518023,TmY3,35616,LC4,8,acetylcholine,7,10
73190,Tm4,35616,LC4,8,acetylcholine,8,10
54558,Tm2,35616,LC4,8,acetylcholine,9,10
50867,Tm2,35616,LC4,8,acetylcholine,0,20
49300,Tlp12,35616,LC4,8,glutamate,2,28
46269,T2,35616,LC4,8,acetylcholine,10,10
38553,Y12,35616,LC4,8,glutamate,11,10
18350,PVLP046,35616,LC4,8,gaba,25,3
12196,Li29,35616,LC4,8,gaba,28,22
532436,Tm4,535341,LC4,8,acetylcholine,24,6
529108,T2,535341,LC4,8,acetylcholine,14,10
520877,Tm2,535341,LC4,8,acetylcholine,12,10
512121,CB1280,535341,LC4,8,acetylcholine,12,21
124220,T2,535341,LC4,8,acetylcholine,16,0
90366,T2,535341,LC4,8,acetylcholine,10,24
76804,Tm2,535341,LC4,8,acetylcholine,13,10
66166,Tm5Y,535341,LC4,8,acetylcholine,14,10
38423,CB2940,535341,LC4,8,acetylcholine,28,5
36868,TmY3,535341,LC4,8,acetylcholine,0,14
30351,LC9,535341,LC4,8,acetylcholine,13,14
20572,LC4,535341,LC4,8,acetylcholine,25,13
16765,TmY3,535341,LC4,8,acetylcholine,16,25
15666,Li17,535341,LC4,8,gaba,20,8
12722,LoVC21,535341,LC4,8,gaba,3,1
552621,T2,512366,LC4,8,acetylcholine,15,10
526372,Tm4,512366,LC4,8,acetylcholine,7,27
140458,T2,512366,LC4,8,acetylcholine,22,10
136650,T2,512366,LC4,8,acetylcholine,16,10
120623,T2,512366,LC4,8,acetylcholine,29,20
111994,Tm3,512366,LC4,8,acetylcholine,17,10
75082,T2,512366,LC4,8,acetylcholine,18,10
67326,Tm2,512366,LC4,8,acetylcholine,19,10
39731,TmY16,512366,LC4,8,glutamate,20,10
38040,Tm3,512366,LC4,8,acetylcholine,21,10
32597,LC4,512366,LC4,8,acetylcholine,23,4
26920,LC9,512366,LC4,8,acetylcholine,21,1
527690,PVLP022,30480,LC4,8,gaba,22,10
119259,Tm4,30480,LC4,8,acetylcholine,23,10
95329,Tm3,30480,LC4,8,acetylcholine,24,10
92632,Tm4,30480,LC4,8,acetylcholine,25,10
91061,Tm4,30480,LC4,8,acetylcholine,26,10
88520,Tm2,30480,LC4,8,acetylcholine,27,10
87823,Tm3,30480,LC4,8,acetylcholine,28,10
87819,Tm2,30480,LC4,8,acetylcholine,29,10
87514,Tm4,30480,LC4,8,acetylcholine,16,27
80831,T2,30480,LC4,8,acetylcholine,30,10
77238,Tm4,30480,LC4,8,acetylcholine,9,29
70169,TmY3,30480,LC4,8,acetylcholine,31,9
26112,LC4,30480,LC4,8,acetylcholine,31,10
24967,TmY19a,30480,LC4,8,gaba,26,16
23792,LC4,30480,LC4,8,acetylcholine,20,7
22975,LC4,30480,LC4,8,acetylcholine,30,0
516913,TmY3,31301,LC4,8,acetylcholine,8,21
136231,Tm3,31301,LC4,8,acetylcholine,0,11
82888,Tm2,31301,LC4,8,acetylcholine,20,21
66436,Tm2,31301,LC4,8,acetylcholine,1,11
49482,Tm2,31301,LC4,8,acetylcholine,7,17
38167,Tm2,31301,LC4,8,acetylcholine,2,11
20264,Li28,31301,LC4,8,gaba,5,2
17479,Tm2,31301,LC4,8,acetylcholine,3,11
12255,PVLP019,31301,LC4,8,gaba,4,11
537050,Tm2,512705,LC4,8,acetylcholine,5,11
514407,Li29,512705,LC4,8,gaba,1,23
511914,LC4,512705,LC4,8,acetylcholine,18,22
101866,T2,512705,LC4,8,acetylcholine,21,20
77622,T2,512705,LC4,8,acetylcholine,1,31
58157,TmY3,512705,LC4,8,acetylcholine,31,17
56029,T2,512705,LC4,8,acetylcholine,6,11
50370,Tm2,512705,LC4,8,acetylcholine,7,11
50091,Tm2,512705,LC4,8,acetylcholine,8,11
28712,Tm2,512705,LC4,8,acetylcholine,9,11
16475,PVLP024,512705,LC4,8,gaba,20,7
15346,T2,512705,LC4,8,acetylcholine,31,27
12196,Li29,512705,LC4,8,gaba,28,22
11838,Li17,512705,LC4,8,gaba,0,19
123677,Tm4,22034,LC4,8,acetylcholine,19,9
83399,Tm4,22034,LC4,8,acetylcholine,10,11
81162,Tm4,22034,LC4,8,acetylcholine,4,27
81054,T2,22034,LC4,8,acetylcholine,2,18
79545,Tm37,22034,LC4,8,glutamate,11,11
69765,Tm4,22034,LC4,8,acetylcholine,15,1
69687,T2,22034,LC4,8,acetylcholine,15,6
68207,T2,22034,LC4,8,acetylcholine,12,11
66217,T2,22034,LC4,8,acetylcholine,13,11
65512,T2,22034,LC4,8,acetylcholine,14,11
62615,Tm2,22034,LC4,8,acetylcholine,15,11
42527,Y12,22034,LC4,8,glutamate,16,11
545796,T2,515476,LC4,8,acetylcholine,0,28
524687,Tm4,515476,LC4,8,acetylcholine,16,17
523410,T2,515476,LC4,8,acetylcholine,21,9
518055,Tm3,515476,LC4,8,acetylcholine,17,11
515697,Tm4,515476,LC4,8,acetylcholine,18,11
515564,Tm4,515476,LC4,8,acetylcholine,19,11
134126,Tm4,515476,LC4,8,acetylcholine,20,11
127015,T2,515476,LC4,8,acetylcholine,14,7
93413,Tm37,515476,LC4,8,glutamate,21,11
93169,Tm4,515476,LC4,8,acetylcholine,22,11
76049,Tm4,515476,LC4,8,acetylcholine,6,5
38929,TmY18,515476,LC4,8,acetylcholine,23,11
33914,Y3,515476,LC4,8,acetylcholine,24,11
15516,LC9,515476,LC4,8,acetylcholine,21,19
13875,MeLo8,515476,LC4,8,gaba,25,4
13846,Li29,515476,LC4,8,gaba,23,21
525661,Tm2,30803,LC4,8,acetylcholine,25,11
104528,T2a,30803,LC4,8,acetylcholine,26,11
94826,Tm4,30803,LC4,8,acetylcholine,18,27
84578,T2,30803,LC4,8,acetylcholine,6,21
84072,Tm4,30803,LC4,8,acetylcholine,19,11
79474,Tm3,30803,LC4,8,acetylcholine,27,11
75985,Tm4,30803,LC4,8,acetylcholine,28,11
70645,T2,30803,LC4,8,acetylcholine,8,24
64031,Tm2,30803,LC4,8,acetylcholine,29,11
62954,T2,30803,LC4,8,acetylcholine,3,10
36377,LPLC1,30803,LC4,8,acetylcholine,30,11
32107,LOP_LO_unclear,30803,LC4,8,glutamate,18,13
22966,LC4,30803,LC4,8,acetylcholine,24,27
22324,LPLC1,30803,LC4,8,acetylcholine,29,19
20434,PVLP046,30803,LC4,8,gaba,0,21
19543,LC4,30803,LC4,8,acetylcholine,18,9
16459,PVLP024,30803,LC4,8,gaba,5,15
16033,Li28,30803,LC4,8,gaba,6,0
549301,Tm4,524899,LC4,8,acetylcholine,3,1
542938,Tm3,524899,LC4,8,acetylcholine,31,11
534743,LPLC1,524899,LC4,8,acetylcholine,30,21
524039,Li15,524899,LC4,8,gaba,12,10
524038,T2,524899,LC4,8,acetylcholine,6,11
516811,T2,524899,LC4,8,acetylcholine,1,9
111628,LPi_unclear,524899,LC4,8,glutamate,27,8
81343,Tm4,524899,LC4,8,acetylcholine,0,22
69442,TmY3,524899,LC4,8,acetylcholine,27,17
60196,Y11,524899,LC4,8,glutamate,0,12
58095,Tm2,524899,LC4,8,acetylcholine,1,12
50674,TmY3,524899,LC4,8,acetylcholine,7,24
29178,TmY3,524899,LC4,8,acetylcholine,8,3
27194,PVLP046,524899,LC4,8,gaba,18,3
22257,PVLP046,524899,LC4,8,gaba,16,12
20150,LC9,524899,LC4,8,acetylcholine,24,9
13408,MeLo8,524899,LC4,8,gaba,15,5
556558,Li14,32597,LC4,8,glutamate,2,12
536456,MeLo2,32597,LC4,8,acetylcholine,3,12
531862,LT41,32597,LC4,8,gaba,31,3
530369,Y11,32597,LC4,8,glutamate,4,12
517122,LC9,32597,LC4,8,acetylcholine,5,12
514407,Li29,32597,LC4,8,gaba,1,23
172310,LPT111,32597,LC4,8,gaba,6,12
169669,Tm4,32597,LC4,8,acetylcholine,7,12
160078,T2,32597,LC4,8,acetylcholine,28,3
145535,Tm4,32597,LC4,8,acetylcholine,3,20
134126,Tm4,32597,LC4,8,acetylcholine,20,11
130582,TmY18,32597,LC4,8,acetylcholine,8,12
102044,Tm4,32597,LC4,8,acetylcholine,7,14
91685,Tm4,32597,LC4,8,acetylcholine,28,22
88440,Tm3,32597,LC4,8,acetylcholine,9,12
86942,Tm4,32597,LC4,8,acetylcholine,1,15
80732,T2,32597,LC4,8,acetylcholine,15,30
35105,LC9,32597,LC4,8,acetylcholine,8,12
27987,Tm4,32597,LC4,8,acetylcholine,10,12
25592,T2,32597,LC4,8,acetylcholine,9,4
10158,LT56,32597,LC4,8,glutamate,31,5
551340,TmY3,526286,LC4,8,acetylcholine,30,9
547907,T2,526286,LC4,8,acetylcholine,7,27
516548,Tm4,526286,LC4,8,acetylcholine,25,12
119074,Tm3,526286,LC4,8,acetylcholine,11,12
86090,Tm3,526286,LC4,8,acetylcholine,12,12
58646,Tm37,526286,LC4,8,glutamate,13,12
55212,Tm2,526286,LC4,8,acetylcholine,14,12
44697,Y12,526286,LC4,8,glutamate,15,12
32136,Tm4,526286,LC4,8,acetylcholine,9,14
17592,Tlp14,526286,LC4,8,glutamate,18,28
12196,Li29,526286,LC4,8,gaba,28,22
531160,Tm4,33137,LC4,8,acetylcholine,16,12
524343,MeLo8,33137,LC4,8,gaba,5,1
516140,TmY3,33137,LC4,8,acetylcholine,28,31
514030,Li25,33137,LC4,8,gaba,12,0
82281,T2,33137,LC4,8,acetylcholine,18,12
81690,TmY3,33137,LC4,8,acetylcholine,24,11
73010,T2,33137,LC4,8,acetylcholine,19,12
72547,Tm4,33137,LC4,8,acetylcholine,27,24
69451,T2,33137,LC4,8,acetylcholine,1,7
54485,TmY3,33137,LC4,8,acetylcholine,22,6
51558,Tm4,33137,LC4,8,acetylcholine,31,1
41702,Tlp12,33137,LC4,8,glutamate,22,13
41068,T2,33137,LC4,8,acetylcholine,17,12
37210,Li25,33137,LC4,8,gaba,25,26
34770,T2,33137,LC4,8,acetylcholine,18,12
29797,T2,33137,LC4,8,acetylcholine,13,0
20048,TmY3,33137,LC4,8,acetylcholine,7,22
10251,MeVP53,33137,LC4,8,gaba,13,27
539252,Tm3,27750,LC4,8,acetylcholine,4,0
537455,TmY3,27750,LC4,8,acetylcholine,27,21
536460,T2,27750,LC4,8,acetylcholine,10,6
533017,Y11,27750,LC4,8,glutamate,19,12
524172,TmY3,27750,LC4,8,acetylcholine,19,7
518941,T2,27750,LC4,8,acetylcholine,20,12
515476,LC4,27750,LC4,8,acetylcholine,2,20
104064,Tm4,27750,LC4,8,acetylcholine,21,12
71648,T2,27750,LC4,8,acetylcholine,22,12
70081,T2,27750,LC4,8,acetylcholine,5,25
70065,T2,27750,LC4,8,acetylcholine,24,2
66671,T2,27750,LC4,8,acetylcholine,23,30
51275,Tm2,27750,LC4,8,acetylcholine,23,12
31661,LPLC1,27750,LC4,8,acetylcholine,24,12
22735,T2,27750,LC4,8,acetylcholine,21,12
21388,Tm2,27750,LC4,8,acetylcholine,25,12
16459,PVLP024,27750,LC4,8,gaba,5,15
13308,Li29,27750,LC4,8,gaba,14,19
94760,T2,17860,LC4,8,acetylcholine,26,12
93333,T2,17860,LC4,8,acetylcholine,23,7
92296,T2,17860,LC4,8,acetylcholine,25,26
85694,T2,17860,LC4,8,acetylcholine,17,27
85239,Tm4,17860,LC4,8,acetylcholine,23,6
84790,Tm3,17860,LC4,8,acetylcholine,27,12
80561,Tm4,17860,LC4,8,acetylcholine,18,21
79848,Tm4,17860,LC4,8,acetylcholine,10,19
72646,Tm3,17860,LC4,8,acetylcholine,28,12
67230,Tm2,17860,LC4,8,acetylcholine,29,12
55692,TmY3,17860,LC4,8,acetylcholine,11,30
31029,Li15,17860,LC4,8,gaba,4,3
29076,LC9,17860,LC4,8,acetylcholine,26,6
26033,LPLC1,17860,LC4,8,acetylcholine,18,25
24090,Li26,17860,LC4,8,gaba,30,25
19454,PVLP024,17860,LC4,8,gaba,3,11
13671,MeLo8,17860,LC4,8,gaba,0,10
103583,Tm3,21287,LC4,8,acetylcholine,30,12
97530,T2,21287,LC4,8,acetylcholine,31,12
92835,T2,21287,LC4,8,acetylcholine,0,13
87352,Tm4,21287,LC4,8,acetylcholine,7,9
87056,Tm4,21287,LC4,8,acetylcholine,13,9
85593,T2,21287,LC4,8,acetylcholine,14,20
84128,Tm4,21287,LC4,8,acetylcholine,8,15
83322,T2,21287,LC4,8,acetylcholine,1,13
81900,T2,21287,LC4,8,acetylcholine,2,13
80563,Tm4,21287,LC4,8,acetylcholine,16,24
79366,Tm3,21287,LC4,8,acetylcholine,3,13
64267,Tm2,21287,LC4,8,acetylcholine,4,13
62403,TmY3,21287,LC4,8,acetylcholine,19,17
61900,Tm2,21287,LC4,8,acetylcholine,5,13
50090,Li14,21287,LC4,8,glutamate,6,13
49654,TmY3,21287,LC4,8,acetylcholine,8,23
25138,Li26,21287,LC4,8,gaba,20,27
21313,LC4,21287,LC4,8,acetylcholine,17,25
17939,PVLP046,21287,LC4,8,gaba,1,19
14903,Li17,21287,LC4,8,gaba,21,0
13850,Li29,21287,LC4,8,gaba,28,11
11254,LT41,21287,LC4,8,gaba,31,10
539413,LT56,18189,LC4,8,glutamate,4,14
74660,Tm37,18189,LC4,8,glutamate,7,13
74031,T2,18189,LC4,8,acetylcholine,29,22
73708,Tm3,18189,LC4,8,acetylcholine,8,13
71359,T2,18189,LC4,8,acetylcholine,9,15
69011,T2,18189,LC4,8,acetylcholine,26,10
68637,T2,18189,LC4,8,acetylcholine,9,13
68027,T2,18189,LC4,8,acetylcholine,10,13
67632,T2,18189,LC4,8,acetylcholine,30,22
65990,T2,18189,LC4,8,acetylcholine,15,1
64051,T2,18189,LC4,8,acetylcholine,25,4
62221,T2,18189,LC4,8,acetylcholine,27,11
58703,T2,18189,LC4,8,acetylcholine,6,2
58474,T2,18189,LC4,8,acetylcholine,12,8
50443,Tm2,18189,LC4,8,acetylcholine,11,13
49974,Tm2,18189,LC4,8,acetylcholine,23,23
49967,Tm2,18189,LC4,8,acetylcholine,15,5
49469,Tm2,18189,LC4,8,acetylcholine,12,13
46371,TmY3,18189,LC4,8,acetylcholine,10,9
31913,Tm2,18189,LC4,8,acetylcholine,13,13
17289,Li29,18189,LC4,8,gaba,13,1
14118,Li30,18189,LC4,8,gaba,19,0
10297,LHAD1g1,18189,LC4,8,gaba,31,29
518698,TmY3,20572,LC4,8,acetylcholine,19,29
518670,T2,20572,LC4,8,acetylcholine,22,19
512121,CB1280,20572,LC4,8,acetylcholine,12,21
115042,Tm4,20572,LC4,8,acetylcholine,14,13
109422,T2,20572,LC4,8,acetylcholine,8,13
83354,TmY3,20572,LC4,8,acetylcholine,27,12
70497,T2,20572,LC4,8,acetylcholine,15,13
70189,Tm4,20572,LC4,8,acetylcholine,16,13
69898,Tm4,20572,LC4,8,acetylcholine,31,2
52101,TmY3,20572,LC4,8,acetylcholine,7,25
49989,Tm2,20572,LC4,8,acetylcholine,17,13
49240,TmY3,20572,LC4,8,acetylcholine,6,3
48348,Tm2,20572,LC4,8,acetylcholine,18,13
44778,Tlp13,20572,LC4,8,glutamate,19,13
40708,TmY3,20572,LC4,8,acetylcholine,15,18
24297,Y14,20572,LC4,8,glutamate,20,13
23724,Li26,20572,LC4,8,gaba,17,28
15182,Li17,20572,LC4,8,gaba,17,1
11102,PVLP046,20572,LC4,8,gaba,20,4
10251,MeVP53,20572,LC4,8,gaba,13,27
534357,Tm2,29469,LC4,8,acetylcholine,21,13
526102,Tm4,29469,LC4,8,acetylcholine,22,13
523984,LC9,29469,LC4,8,acetylcholine,7,14
519641,Tm3,29469,LC4,8,acetylcholine,23,13
517752,LC4,29469,LC4,8,acetylcholine,11,21
517327,Li15,29469,LC4,8,gaba,15,7
515385,Tm4,29469,LC4,8,acetylcholine,21,18
512366,LC4,29469,LC4,8,acetylcholine,6,7
104064,Tm4,29469,LC4,8,acetylcholine,21,12
87354,Tm4,29469,LC4,8,acetylcholine,23,2
20128,T2,29469,LC4,8,acetylcholine,24,13
17375,SAD064,29469,LC4,8,acetylcholine,21,29
12966,LoVC13,29469,LC4,8,gaba,0,1
101077,Tm3,23929,LC4,8,acetylcholine,25,13
99494,Tm4,23929,LC4,8,acetylcholine,26,13
95063,T2,23929,LC4,8,acetylcholine,27,13
93003,Tm3,23929,LC4,8,acetylcholine,28,13
91408,Tm4,23929,LC4,8,acetylcholine,0,12
91119,Tm4,23929,LC4,8,acetylcholine,24,16
90380,Tm2,23929,LC4,8,acetylcholine,29,13
90006,Tm4,23929,LC4,8,acetylcholine,30,13
88253,Tm2,23929,LC4,8,acetylcholine,31,13
84750,T2,23929,LC4,8,acetylcholine,0,14
80993,T2,23929,LC4,8,acetylcholine,7,0
63645,TmY3,23929,LC4,8,acetylcholine,24,28
61366,T2,23929,LC4,8,acetylcholine,15,25
59346,TmY3,23929,LC4,8,acetylcholine,10,19
58827,Tm2,23929,LC4,8,acetylcholine,10,14
40760,Li25,23929,LC4,8,gaba,1,14
38065,LC4,23929,LC4,8,acetylcholine,23,27
36277,Li25,23929,LC4,8,gaba,2,14
29385,TmY19a,23929,LC4,8,gaba,16,22
23553,TmY19b,23929,LC4,8,gaba,17,20
151043,TmY18,20399,LC4,8,acetylcholine,3,14
128494,Tm4,20399,LC4,8,acetylcholine,4,14
118681,TmY18,20399,LC4,8,acetylcholine,5,14
101962,Tm3,20399,LC4,8,acetylcholine,6,14
95060,Tm3,20399,LC4,8,acetylcholine,7,14
85751,T2,20399,LC4,8,acetylcholine,2,30
84277,Tm5Y,20399,LC4,8,acetylcholine,8,14
79853,Tm4,20399,LC4,8,acetylcholine,9,14
77910,Tm3,20399,LC4,8,acetylcholine,10,14
75973,T2,20399,LC4,8,acetylcholine,1,6
74940,T2,20399,LC4,8,acetylcholine,14,0
50681,Tm2,20399,LC4,8,acetylcholine,5,14
47842,TmY3,20399,LC4,8,acetylcholine,2,17
46284,Li14,20399,LC4,8,glutamate,11,14
25607,PVLP046,20399,LC4,8,gaba,12,3
15497,TmY19a,20399,LC4,8,gaba,10,7
12237,SAD055,20399,LC4,8,acetylcholine,24,31
10051,Li39,20399,LC4,8,gaba,8,0
532782,T2,30087,LC4,8,acetylcholine,21,18
526992,TmY3,30087,LC4,8,acetylcholine,14,0
526079,T2,30087,LC4,8,acetylcholine,30,18
514149,Tm4,30087,LC4,8,acetylcholine,22,27
165011,T2,30087,LC4,8,acetylcholine,25,29
163641,T2,30087,LC4,8,acetylcholine,22,2
124929,T2,30087,LC4,8,acetylcholine,12,14
76626,T2,30087,LC4,8,acetylcholine,16,30
73245,T2,30087,LC4,8,acetylcholine,7,16
525516,Li15,518439,LC4,8,gaba,13,14
515994,Y11,518439,LC4,8,glutamate,11,30
162581,Tm3,518439,LC4,8,acetylcholine,14,14
160764,T2,518439,LC4,8,acetylcholine,26,30
154063,Tm4,518439,LC4,8,acetylcholine,27,26
135873,Tm2,518439,LC4,8,acetylcholine,15,14
132314,Tm4,518439,LC4,8,acetylcholine,8,10
99996,T2,518439,LC4,8,acetylcholine,21,24
90285,T2,518439,LC4,8,acetylcholine,28,30
86631,Y12,518439,LC4,8,glutamate,16,14
83971,Tm4,518439,LC4,8,acetylcholine,17,19
76022,Y13,518439,LC4,8,glutamate,17,14
73372,TmY3,518439,LC4,8,acetylcholine,12,7
73362,TmY3,518439,LC4,8,acetylcholine,11,28
67523,Tm2,518439,LC4,8,acetylcholine,18,14
55609,TmY3,518439,LC4,8,acetylcholine,3,14
48426,TmY3,518439,LC4,8,acetylcholine,25,16
40896,Tm4,518439,LC4,8,acetylcholine,4,4
18350,PVLP046,518439,LC4,8,gaba,25,3
16917,LC4,518439,LC4,8,acetylcholine,10,27
12966,LoVC13,518439,LC4,8,gaba,0,1
529493,Y13,17608,LC4,8,glutamate,19,14
524582,T2,17608,LC4,8,acetylcholine,14,18
514956,LC4,17608,LC4,8,acetylcholine,9,11
513321,T3,17608,LC4,8,acetylcholine,22,4
512951,TmY3,17608,LC4,8,acetylcholine,28,10
140644,TmY18,17608,LC4,8,acetylcholine,20,14
102972,Tm4,17608,LC4,8,acetylcholine,21,14
96896,Tm3,17608,LC4,8,acetylcholine,25,4
81524,T2,17608,LC4,8,acetylcholine,29,22
78963,Tm2,17608,LC4,8,acetylcholine,22,14
24820,LPLC1,17608,LC4,8,acetylcholine,23,14
15791,SAD064,17608,LC4,8,acetylcholine,24,14
13472,SAD053,17608,LC4,8,acetylcholine,25,14
12967,T2,17608,LC4,8,acetylcholine,7,7
130564,T2a,22847,LC4,8,acetylcholine,26,14
120354,TmY18,22847,LC4,8,acetylcholine,27,14
119534,TmY18,22847,LC4,8,acetylcholine,28,14
97409,T2,22847,LC4,8,acetylcholine,29,14
92539,Tm2,22847,LC4,8,acetylcholine,30,14
87912,T2,22847,LC4,8,acetylcholine,31,14
84809,T2,22847,LC4,8,acetylcholine,27,4
81517,Tm4,22847,LC4,8,acetylcholine,13,16
80783,TmY3,22847,LC4,8,acetylcholine,24,0
79583,Tm4,22847,LC4,8,acetylcholine,28,24
75274,Tm4,22847,LC4,8,acetylcholine,3,5
64586,Tm2,22847,LC4,8,acetylcholine,0,15
59636,Tm2,22847,LC4,8,acetylcholine,1,15
55071,TmY3,22847,LC4,8,acetylcholine,15,13
51172,TmY3,22847,LC4,8,acetylcholine,14,29
49077,Y12,22847,LC4,8,glutamate,22,23
24269,Li26,22847,LC4,8,gaba,25,26
539413,LT56,20673,LC4,8,glutamate,4,14
127695,TmY18,20673,LC4,8,acetylcholine,2,15
113412,Tm5c,20673,LC4,8,glutamate,3,15
111896,Tm4,20673,LC4,8,acetylcholine,4,15
87176,T2,20673,LC4,8,acetylcholine,5,15
85837,Tm3,20673,LC4,8,acetylcholine,6,15
85499,Tm4,20673,LC4,8,acetylcholine,7,15
80964,T2,20673,LC4,8,acetylcholine,30,2
77984,Tm4,20673,LC4,8,acetylcholine,16,26
77756,T2,20673,LC4,8,acetylcholine,8,15
74867,T2,20673,LC4,8,acetylcholine,18,26
74400,Tm4,20673,LC4,8,acetylcholine,10,5
72861,T2,20673,LC4,8,acetylcholine,9,15
71809,Tm4,20673,LC4,8,acetylcholine,10,15
70201,Tm4,20673,LC4,8,acetylcholine,11,15
60048,Tm2,20673,LC4,8,acetylcholine,12,15
59483,MeLo2,20673,LC4,8,acetylcholine,13,15
55674,TmY3,20673,LC4,8,acetylcholine,27,6
33474,SAD049,20673,LC4,8,acetylcholine,24,18
27891,LC9,20673,LC4,8,acetylcholine,30,17
24269,Li26,20673,LC4,8,gaba,25,26
23116,LPLC1,20673,LC4,8,acetylcholine,9,6
21336,LC4,20673,LC4,8,acetylcholine,14,15
19454,PVLP024,20673,LC4,8,gaba,3,11
545170,Tm4,518016,LC4,8,acetylcholine,15,15
532363,Tm3,518016,LC4,8,acetylcholine,16,15
531352,Tlp12,518016,LC4,8,glutamate,1,4
523564,PVLP011,518016,LC4,8,gaba,14,16
520417,Tm4,518016,LC4,8,acetylcholine,18,15
516160,Y14,518016,LC4,8,glutamate,17,15
101849,T2,518016,LC4,8,acetylcholine,2,7
89296,Tm3,518016,LC4,8,acetylcholine,18,15
84071,Tm37,518016,LC4,8,glutamate,19,15
57830,Li14,518016,LC4,8,glutamate,20,15
54009,Tm4,518016,LC4,8,acetylcholine,4,2
50119,TmY3,518016,LC4,8,acetylcholine,0,7
28712,Tm2,518016,LC4,8,acetylcholine,9,11
25438,SAD064,518016,LC4,8,acetylcholine,5,5
17939,PVLP046,518016,LC4,8,gaba,1,19
16680,TmY19a,518016,LC4,8,gaba,27,23
14535,LPLC1,518016,LC4,8,acetylcholine,1,20
547885,T2,20976,LC4,8,acetylcholine,12,28
527341,T2,20976,LC4,8,acetylcholine,6,10
527071,Tm2,20976,LC4,8,acetylcholine,21,15
520449,LC4,20976,LC4,8,acetylcholine,0,2
108587,T2,20976,LC4,8,acetylcholine,22,15
83522,Tm3,20976,LC4,8,acetylcholine,23,15
66885,T2,20976,LC4,8,acetylcholine,29,25
60591,Tm2,20976,LC4,8,acetylcholine,24,15
40708,TmY3,20976,LC4,8,acetylcholine,15,18
23875,Li26,20976,LC4,8,gaba,13,21
23724,Li26,20976,LC4,8,gaba,17,28
22715,Li16,20976,LC4,8,glutamate,25,15
22233,TmY3,20976,LC4,8,acetylcholine,23,23
16040,Pm7_Li28,20976,LC4,8,gaba,7,0
10251,MeVP53,20976,LC4,8,gaba,13,27
543596,T2,31308,LC4,8,acetylcholine,13,2
526286,LC4,31308,LC4,8,acetylcholine,2,21
523564,PVLP011,31308,LC4,8,gaba,14,16
521516,Li30,31308,LC4,8,gaba,27,15
515498,T2,31308,LC4,8,acetylcholine,20,25
514386,Tm4,31308,LC4,8,acetylcholine,11,2
513293,Tm2,31308,LC4,8,acetylcholine,26,15
513176,Li25,31308,LC4,8,gaba,27,15
114625,Tm4,31308,LC4,8,acetylcholine,29,10
74167,Tm4,31308,LC4,8,acetylcholine,22,24
71468,T2,31308,LC4,8,acetylcholine,28,15
45442,TmY3,31308,LC4,8,acetylcholine,19,19
39036,Tm2,31308,LC4,8,acetylcholine,29,15
28645,Tm2,31308,LC4,8,acetylcholine,30,15
15261,CB2664,31308,LC4,8,acetylcholine,5,0
15182,Li17,31308,LC4,8,gaba,17,1
13408,MeLo8,31308,LC4,8,gaba,15,5
12196,Li29,31308,LC4,8,gaba,28,22
523832,Tm3,17270,LC4,8,acetylcholine,31,15
517967,Tm4,17270,LC4,8,acetylcholine,19,3
517594,Y14,17270,LC4,8,glutamate,0,16
517085,Tm2,17270,LC4,8,acetylcholine,1,16
94713,T2,17270,LC4,8,acetylcholine,2,30
81690,TmY3,17270,LC4,8,acetylcholine,24,11
69317,TmY3,17270,LC4,8,acetylcholine,24,11
53909,Li14,17270,LC4,8,glutamate,11,8
18432,LC4,17270,LC4,8,acetylcholine,1,24
549120,T2,516909,LC4,8,acetylcholine,16,24
533421,Tlp13,516909,LC4,8,glutamate,2,16
532687,TmY3,516909,LC4,8,acetylcholine,12,12
520679,T2,516909,LC4,8,acetylcholine,3,16
518001,Y11,516909,LC4,8,glutamate,4,16
516025,Tm4,516909,LC4,8,acetylcholine,5,16
161816,T2,516909,LC4,8,acetylcholine,1,25
103787,Tm3,516909,LC4,8,acetylcholine,6,16
96927,Tm3,516909,LC4,8,acetylcholine,7,16
84155,T2,516909,LC4,8,acetylcholine,8,16
80502,Tm4,516909,LC4,8,acetylcholine,9,16
51562,T2,516909,LC4,8,acetylcholine,29,27
44243,Tm4,516909,LC4,8,acetylcholine,10,16
32108,Li25,516909,LC4,8,gaba,17,19
30775,Li25,516909,LC4,8,gaba,9,1
26747,LC9,516909,LC4,8,acetylcholine,1,29
23226,LC4,516909,LC4,8,acetylcholine,1,2
12004,MeLo8,516909,LC4,8,gaba,13,12
557875,LC9,515900,LC4,8,acetylcholine,11,16
539349,Tm3,515900,LC4,8,acetylcholine,12,16
532516,T2,515900,LC4,8,acetylcholine,13,16
530121,Tm4,515900,LC4,8,acetylcholine,14,16
522945,Tm2,515900,LC4,8,acetylcholine,15,16
519832,Tm2,515900,LC4,8,acetylcholine,16,16
516831,TmY15,515900,LC4,8,gaba,17,16
146657,T2,515900,LC4,8,acetylcholine,30,9
108926,Li17,515900,LC4,8,gaba,31,13
79315,Tm4,515900,LC4,8,acetylcholine,18,16
64544,Tm3,515900,LC4,8,acetylcholine,19,16
55956,Tm2,515900,LC4,8,acetylcholine,20,16
49511,Tm3,515900,LC4,8,acetylcholine,21,16
46536,Tlp12,515900,LC4,8,glutamate,22,16
29898,LC9,515900,LC4,8,acetylcholine,6,21
25752,Tlp14,515900,LC4,8,glutamate,23,16
20524,Li16,515900,LC4,8,glutamate,7,30
18789,TmY19a,515900,LC4,8,gaba,12,2
13600,CB2664,515900,LC4,8,acetylcholine,10,21
524408,Tm37,31429,LC4,8,glutamate,2,22
85577,Tm4,31429,LC4,8,acetylcholine,24,16
72906,T2,31429,LC4,8,acetylcholine,25,16
66245,Li14,31429,LC4,8,glutamate,26,16
60132,Tm2,31429,LC4,8,acetylcholine,27,16
51373,Tm2,31429,LC4,8,acetylcholine,28,16
25171,TmY15,31429,LC4,8,gaba,29,16
24661,T2,31429,LC4,8,acetylcholine,20,27
17478,LC4,31429,LC4,8,acetylcholine,0,10
15091,MeLo8,31429,LC4,8,gaba,6,10
13577,MeLo8,31429,LC4,8,gaba,21,0
10085,Am1,31429,LC4,8,gaba,28,1
101432,Tm4,19794,LC4,8,acetylcholine,30,16
96104,T2,19794,LC4,8,acetylcholine,13,17
93788,T2,19794,LC4,8,acetylcholine,31,16
82564,Tm3,19794,LC4,8,acetylcholine,0,17
79369,T2,19794,LC4,8,acetylcholine,15,1
78707,Tm3,19794,LC4,8,acetylcholine,1,17
78500,T2,19794,LC4,8,acetylcholine,17,26
75121,T2,19794,LC4,8,acetylcholine,13,4
72608,T2,19794,LC4,8,acetylcholine,6,27
71004,T2,19794,LC4,8,acetylcholine,22,19
58474,T2,19794,LC4,8,acetylcholine,12,8
55140,Tm37,19794,LC4,8,glutamate,2,17
35623,Tlp12,19794,LC4,8,glutamate,3,17
19954,LC4,19794,LC4,8,acetylcholine,19,27
19454,PVLP024,19794,LC4,8,gaba,3,11
13776,MeLo8,19794,LC4,8,gaba,0,5
527694,CL323,17266,LC4,8,acetylcholine,4,17
106913,TmY18,17266,LC4,8,acetylcholine,5,17
101915,T2,17266,LC4,8,acetylcholine,6,17
100781,Tm5Y,17266,LC4,8,acetylcholine,7,17
97409,T2,17266,LC4,8,acetylcholine,29,14
95560,Tm4,17266,LC4,8,acetylcholine,8,17
94249,Tm4,17266,LC4,8,acetylcholine,9,17
92861,T2,17266,LC4,8,acetylcholine,9,17
89027,T2,17266,LC4,8,acetylcholine,10,17
86565,Tm5Y,17266,LC4,8,acetylcholine,11,17
84732,Tm4,17266,LC4,8,acetylcholine,10,28
81865,T2,17266,LC4,8,acetylcholine,5,19
75658,T2,17266,LC4,8,acetylcholine,2,5
75274,Tm4,17266,LC4,8,acetylcholine,3,5
75062,Tm4,17266,LC4,8,acetylcholine,12,17
67155,Tm4,17266,LC4,8,acetylcholine,14,7
64240,Tm2,17266,LC4,8,acetylcholine,13,17
37448,LC9,17266,LC4,8,acetylcholine,14,17
35754,Y11,17266,LC4,8,glutamate,15,17
32908,MeLo2,17266,LC4,8,acetylcholine,16,17
24914,TmY15,17266,LC4,8,gaba,17,17
24269,Li26,17266,LC4,8,gaba,25,26
19260,LC4,17266,LC4,8,acetylcholine,22,12
17364,LC4,17266,LC4,8,acetylcholine,21,11
12415,MeLo8,17266,LC4,8,gaba,22,0
109072,Tm4,20588,LC4,8,acetylcholine,18,17
91453,Tm4,20588,LC4,8,acetylcholine,19,17
82456,T2,20588,LC4,8,acetylcholine,20,9
78139,Tm4,20588,LC4,8,acetylcholine,20,17
70792,T2,20588,LC4,8,acetylcholine,28,17
68447,Tm2,20588,LC4,8,acetylcholine,21,17
42726,Tlp12,20588,LC4,8,glutamate,22,17
38747,Y12,20588,LC4,8,glutamate,23,17
33474,SAD049,20588,LC4,8,acetylcholine,24,18
28630,TmY19a,20588,LC4,8,gaba,19,13
18428,TmY19b,20588,LC4,8,gaba,13,14
17939,PVLP046,20588,LC4,8,gaba,1,19
14778,MeLo8,20588,LC4,8,gaba,30,22
542828,Tm5Y,22772,LC4,8,acetylcholine,24,17
535974,PLP190,22772,LC4,8,acetylcholine,25,17
524811,Tm3,22772,LC4,8,acetylcholine,26,17
524037,MeLo8,22772,LC4,8,gaba,28,0
520679,T2,22772,LC4,8,acetylcholine,3,16
175209,T2,22772,LC4,8,acetylcholine,2,9
123121,T2,22772,LC4,8,acetylcholine,11,31
75691,Tm4,22772,LC4,8,acetylcholine,27,17
61128,Tm2,22772,LC4,8,acetylcholine,28,17
36399,Tm2,22772,LC4,8,acetylcholine,29,17
30735,Tm4,22772,LC4,8,acetylcholine,25,23
21255,Li25,22772,LC4,8,gaba,27,24
15261,CB2664,22772,LC4,8,acetylcholine,5,0
72608,T2,20917,LC4,8,acetylcholine,6,27
70795,T2,20917,LC4,8,acetylcholine,19,25
68610,T2,20917,LC4,8,acetylcholine,30,17
68493,T2,20917,LC4,8,acetylcholine,10,19
68464,T2,20917,LC4,8,acetylcholine,31,17
67913,Tm4,20917,LC4,8,acetylcholine,0,18
67242,Tm4,20917,LC4,8,acetylcholine,26,11
63103,Tm4,20917,LC4,8,acetylcholine,10,14
60594,TmY3,20917,LC4,8,acetylcholine,13,5
52804,TmY3,20917,LC4,8,acetylcholine,2,18
52491,Tm2,20917,LC4,8,acetylcholine,27,11
51320,TmY3,20917,LC4,8,acetylcholine,11,21
49816,Tm2,20917,LC4,8,acetylcholine,1,18
45750,TmY3,20917,LC4,8,acetylcholine,26,1
20399,LC4,20917,LC4,8,acetylcholine,31,9
18189,LC4,20917,LC4,8,acetylcholine,4,11
17987,LC4,20917,LC4,8,acetylcholine,8,18
16659,PVLP011,20917,LC4,8,gaba,11,20
13849,MeLo8,20917,LC4,8,gaba,29,21
11102,PVLP046,20917,LC4,8,gaba,20,4
560342,Tm4,77614,LC4,8,acetylcholine,2,18
536425,Tm3,77614,LC4,8,acetylcholine,3,18
534069,Y12,77614,LC4,8,glutamate,4,18
533852,Li14,77614,LC4,8,glutamate,5,18
523014,Tm3,77614,LC4,8,acetylcholine,6,18
515152,T2,77614,LC4,8,acetylcholine,7,18
126568,T5d,77614,LC4,8,acetylcholine,8,18
115308,T2,77614,LC4,8,acetylcholine,8,7
72906,T2,77614,LC4,8,acetylcholine,25,16
57087,Tm3,77614,LC4,8,acetylcholine,9,18
45185,Tm4,77614,LC4,8,acetylcholine,10,18
33736,Tm2,77614,LC4,8,acetylcholine,11,18
24790,TmY19a,77614,LC4,8,gaba,12,18
24661,T2,77614,LC4,8,acetylcholine,20,27
18432,LC4,77614,LC4,8,acetylcholine,1,24
18413,Li17,77614,LC4,8,gaba,9,8
16475,PVLP024,77614,LC4,8,gaba,20,7
126493,Tm4,24338,LC4,8,acetylcholine,19,31
74490,Tm4,24338,LC4,8,acetylcholine,12,12
71222,Tm4,24338,LC4,8,acetylcholine,13,18
70455,Tm4,24338,LC4,8,acetylcholine,29,17
70402,Tm3,24338,LC4,8,acetylcholine,14,18
70114,T2,24338,LC4,8,acetylcholine,14,6
69836,Tm4,24338,LC4,8,acetylcholine,18,24
65520,Tm4,24338,LC4,8,acetylcholine,15,18
65353,T2,24338,LC4,8,acetylcholine,20,28
64977,T2,24338,LC4,8,acetylcholine,17,2
64540,T2,24338,LC4,8,acetylcholine,20,30
61960,T2,24338,LC4,8,acetylcholine,9,3
61695,T2,24338,LC4,8,acetylcholine,13,12
49227,Tm2,24338,LC4,8,acetylcholine,16,18
46357,Tm2,24338,LC4,8,acetylcholine,6,23
38065,LC4,24338,LC4,8,acetylcholine,23,27
35360,Li25,24338,LC4,8,gaba,17,18
34799,Li25,24338,LC4,8,gaba,28,27
28652,LC9,24338,LC4,8,acetylcholine,24,31
24630,TmY19a,24338,LC4,8,gaba,18,18
22194,LC4,24338,LC4,8,acetylcholine,20,7
20282,LC4,24338,LC4,8,acetylcholine,27,21
18931,TmY19b,24338,LC4,8,gaba,18,27
17884,TmY19a,24338,LC4,8,gaba,19,18
154063,Tm4,18396,LC4,8,acetylcholine,27,26
151316,Tm3,18396,LC4,8,acetylcholine,20,18
98112,T2,18396,LC4,8,acetylcholine,21,18
97228,T2,18396,LC4,8,acetylcholine,11,4
85382,TmY3,18396,LC4,8,acetylcholine,2,15
73362,TmY3,18396,LC4,8,acetylcholine,11,28
71582,Tm2,18396,LC4,8,acetylcholine,22,18
63809,Tlp13,18396,LC4,8,glutamate,23,18
25592,T2,18396,LC4,8,acetylcholine,9,4
21926,TmY19a,18396,LC4,8,gaba,27,4
13308,Li29,18396,LC4,8,gaba,14,19
102401,T2,22194,LC4,8,acetylcholine,28,11
80484,Tm4,22194,LC4,8,acetylcholine,24,18
80108,Tm4,22194,LC4,8,acetylcholine,6,1
78937,Tm4,22194,LC4,8,acetylcholine,25,18
75550,Tm3,22194,LC4,8,acetylcholine,26,18
75473,Tm3,22194,LC4,8,acetylcholine,27,18
71644,Tm4,22194,LC4,8,acetylcholine,14,16
70708,T2,22194,LC4,8,acetylcholine,28,18
68735,T2,22194,LC4,8,acetylcholine,16,11
67217,Y14,22194,LC4,8,glutamate,29,18
67028,T2,22194,LC4,8,acetylcholine,27,30
66167,T2,22194,LC4,8,acetylcholine,10,13
62912,T2,22194,LC4,8,acetylcholine,5,22
60702,Tm2,22194,LC4,8,acetylcholine,9,14
49942,TmY3,22194,LC4,8,acetylcholine,25,2
36650,Tlp12,22194,LC4,8,glutamate,31,22
31014,Li25,22194,LC4,8,gaba,30,18
19794,LC4,22194,LC4,8,acetylcholine,31,18
19006,TmY19a,22194,LC4,8,gaba,0,19
17576,Li17,22194,LC4,8,gaba,16,15
110703,Tm4,23392,LC4,8,acetylcholine,29,4
107834,Tm4,23392,LC4,8,acetylcholine,28,12
102586,Tm4,23392,LC4,8,acetylcholine,1,19
101772,Tm3,23392,LC4,8,acetylcholine,2,19
71372,Tm4,23392,LC4,8,acetylcholine,3,19
69875,T2,23392,LC4,8,acetylcholine,25,12
68151,T2,23392,LC4,8,acetylcholine,6,12
65908,Tm4,23392,LC4,8,acetylcholine,4,19
57486,TmY3,23392,LC4,8,acetylcholine,16,18
47368,TmY3,23392,LC4,8,acetylcholine,17,6
22945,Li26,23392,LC4,8,gaba,30,19
20399,LC4,23392,LC4,8,acetylcholine,31,9
14581,TmY19a,23392,LC4,8,gaba,1,22
12475,LoVC15,23392,LC4,8,gaba,17,20
11981,Li28,23392,LC4,8,gaba,2,0
11394,Li16,23392,LC4,8,glutamate,20,27
11254,LT41,23392,LC4,8,gaba,31,10
10480,MeVP53,23392,LC4,8,gaba,11,7
104356,Tm4,21225,LC4,8,acetylcholine,27,31
74997,Tm3,21225,LC4,8,acetylcholine,5,19
71754,Tm4,21225,LC4,8,acetylcholine,6,19
66930,Tm4,21225,LC4,8,acetylcholine,9,13
64578,T2,21225,LC4,8,acetylcholine,0,13
62699,T2,21225,LC4,8,acetylcholine,25,31
55098,TmY3,21225,LC4,8,acetylcholine,29,26
48894,TmY3,21225,LC4,8,acetylcholine,9,19
48721,TmY3,21225,LC4,8,acetylcholine,22,7
46588,Tm2,21225,LC4,8,acetylcholine,7,19
44747,TmY3,21225,LC4,8,acetylcholine,21,5
23392,LC4,21225,LC4,8,acetylcholine,7,2
23098,LC4,21225,LC4,8,acetylcholine,25,17
20434,PVLP046,21225,LC4,8,gaba,0,21
19420,LC4,21225,LC4,8,acetylcholine,28,27
12237,SAD055,21225,LC4,8,acetylcholine,24,31
541665,Tm3,533129,LC4,8,acetylcholine,8,19
539310,Tm4,533129,LC4,8,acetylcholine,30,22
530027,TmY3,533129,LC4,8,acetylcholine,31,6
523618,T2,533129,LC4,8,acetylcholine,3,22
511894,Li15,533129,LC4,8,gaba,20,19
115042,Tm4,533129,LC4,8,acetylcholine,14,13
87634,T2,533129,LC4,8,acetylcholine,31,25
67358,Tm2,533129,LC4,8,acetylcholine,9,19
61611,T2,533129,LC4,8,acetylcholine,20,5
59883,T2,533129,LC4,8,acetylcholine,2,23
33124,Tlp12,533129,LC4,8,glutamate,10,19
31954,Tm2,533129,LC4,8,acetylcholine,11,19
27410,Tm4,533129,LC4,8,acetylcholine,12,19
26359,Tm2,533129,LC4,8,acetylcholine,13,19
23202,LC4,533129,LC4,8,acetylcholine,10,14
22922,LC4,533129,LC4,8,acetylcholine,17,3
22772,LC4,533129,LC4,8,acetylcholine,3,28
20859,LC4,533129,LC4,8,acetylcholine,5,26
18350,PVLP046,533129,LC4,8,gaba,25,3
17478,LC4,533129,LC4,8,acetylcholine,0,10
15058,LPLC1,533129,LC4,8,acetylcholine,0,1
11524,TmY19a,533129,LC4,8,gaba,11,15
10345,LT40,533129,LC4,8,gaba,16,3
81313,Tm3,25584,LC4,8,acetylcholine,14,19
77987,T2,25584,LC4,8,acetylcholine,2,14
76649,Tm4,25584,LC4,8,acetylcholine,15,19
75866,Tm4,25584,LC4,8,acetylcholine,16,19
75308,T2,25584,LC4,8,acetylcholine,6,18
72314,T2,25584,LC4,8,acetylcholine,12,29
71606,Tm4,25584,LC4,8,acetylcholine,17,19
64082,Tm37,25584,LC4,8,glutamate,18,19
55836,TmY3,25584,LC4,8,acetylcholine,28,9
52712,Tm2,25584,LC4,8,acetylcholine,19,19
49853,Tm2,25584,LC4,8,acetylcholine,21,2
40829,LLPC2,25584,LC4,8,acetylcholine,20,19
22945,Li26,25584,LC4,8,gaba,30,19
19954,LC4,25584,LC4,8,acetylcholine,19,27
17010,TmY19b,25584,LC4,8,gaba,28,4
542272,Tm4,28980,LC4,8,acetylcholine,6,3
519900,LoVC15,28980,LC4,8,gaba,23,14
157404,TmY18,28980,LC4,8,acetylcholine,21,19
140023,Y14,28980,LC4,8,glutamate,22,19
94162,Tm3,28980,LC4,8,acetylcholine,23,19
49274,Tm37,28980,LC4,8,glutamate,24,19
23916,Li26,28980,LC4,8,gaba,19,29
20859,LC4,28980,LC4,8,acetylcholine,5,26
16455,Li25,28980,LC4,8,gaba,25,19
16475,PVLP024,28980,LC4,8,gaba,20,7
14201,TmY19b,28980,LC4,8,gaba,24,26
532805,Tm3,22328,LC4,8,acetylcholine,26,19
120487,Tm4,22328,LC4,8,acetylcholine,27,19
88012,T2,22328,LC4,8,acetylcholine,13,0
84689,Tm3,22328,LC4,8,acetylcholine,28,19
82913,Tm4,22328,LC4,8,acetylcholine,11,1
76823,Tm4,22328,LC4,8,acetylcholine,29,19
75318,T2,22328,LC4,8,acetylcholine,22,16
74490,Tm4,22328,LC4,8,acetylcholine,12,12
73321,T2,22328,LC4,8,acetylcholine,30,19
71495,T2,22328,LC4,8,acetylcholine,19,22
71563,Tm4,22328,LC4,8,acetylcholine,31,19
70706,T2,22328,LC4,8,acetylcholine,6,24
70201,Tm4,22328,LC4,8,acetylcholine,11,15
69305,Tm2,22328,LC4,8,acetylcholine,0,20
68274,Tm4,22328,LC4,8,acetylcholine,1,9
66217,T2,22328,LC4,8,acetylcholine,13,11
65512,T2,22328,LC4,8,acetylcholine,14,11
63830,Tm5Y,22328,LC4,8,acetylcholine,1,20
62512,Tm2,22328,LC4,8,acetylcholine,2,20
61695,T2,22328,LC4,8,acetylcholine,13,12
60371,LLPC2,22328,LC4,8,acetylcholine,3,20
54353,Tm2,22328,LC4,8,acetylcholine,4,20
49227,Tm2,22328,LC4,8,acetylcholine,16,18
39070,Tlp12,22328,LC4,8,glutamate,5,20
24338,LC4,22328,LC4,8,acetylcholine,27,7
23929,LC4,22328,LC4,8,acetylcholine,9,25
19178,TmY19a,22328,LC4,8,gaba,10,25
17576,Li17,22328,LC4,8,gaba,16,15
16459,PVLP024,22328,LC4,8,gaba,5,15
13594,MeLo8,22328,LC4,8,gaba,5,12
13114,SAD064,22328,LC4,8,acetylcholine,6,20
546854,TmY3,514956,LC4,8,acetylcholine,17,17
542050,Tm3,514956,LC4,8,acetylcholine,7,20
534205,Tm37,514956,LC4,8,glutamate,8,20
514112,TmY3,514956,LC4,8,acetylcholine,12,5
159878,T2,514956,LC4,8,acetylcholine,9,0
120307,Tm2,514956,LC4,8,acetylcholine,9,20
96176,Tm4,514956,LC4,8,acetylcholine,22,25
91519,Tm2,514956,LC4,8,acetylcholine,10,20
57201,T2,514956,LC4,8,acetylcholine,11,20
17939,PVLP046,514956,LC4,8,gaba,1,19
16917,LC4,514956,LC4,8,acetylcholine,10,27
14201,TmY19b,514956,LC4,8,gaba,24,26
545956,Tm4,29514,LC4,8,acetylcholine,27,3
532773,Tm4,29514,LC4,8,acetylcholine,12,20
532696,Tm3,29514,LC4,8,acetylcholine,20,18
525503,Tm3,29514,LC4,8,acetylcholine,13,20
515983,Tm4,29514,LC4,8,acetylcholine,14,20
136049,Tm3,29514,LC4,8,acetylcholine,15,20
80732,T2,29514,LC4,8,acetylcholine,15,30
36895,Tm2,29514,LC4,8,acetylcholine,16,20
32717,Tm4,29514,LC4,8,acetylcholine,17,20
16809,LC4,29514,LC4,8,acetylcholine,7,20
14209,Li28,29514,LC4,8,gaba,7,1
14201,TmY19b,29514,LC4,8,gaba,24,26
542339,T2,22922,LC4,8,acetylcholine,12,27
519650,LC4,22922,LC4,8,acetylcholine,4,22
136473,Tm4,22922,LC4,8,acetylcholine,18,20
92920,T2,22922,LC4,8,acetylcholine,4,8
86337,Tm3,22922,LC4,8,acetylcholine,19,20
85182,Tm4,22922,LC4,8,acetylcholine,20,20
82106,T2,22922,LC4,8,acetylcholine,31,18
81537,Tm4,22922,LC4,8,acetylcholine,28,20
47344,Tm4,22922,LC4,8,acetylcholine,21,20
32972,T2,22922,LC4,8,acetylcholine,22,20
31114,Y11,22922,LC4,8,glutamate,27,6
22715,Li16,22922,LC4,8,glutamate,25,15
22329,LPLC1,22922,LC4,8,acetylcholine,23,20
17340,LC4,22922,LC4,8,acetylcholine,30,27
16040,Pm7_Li28,22922,LC4,8,gaba,7,0
15261,CB2664,22922,LC4,8,acetylcholine,5,0
14635,LC9,22922,LC4,8,acetylcholine,21,1
12824,LC4,22922,LC4,8,acetylcholine,9,24
12242,SAD055,22922,LC4,8,acetylcholine,22,8
532796,Tm2,517752,LC4,8,acetylcholine,30,0
530624,T2,517752,LC4,8,acetylcholine,29,2
523410,T2,517752,LC4,8,acetylcholine,21,9
520414,Tm4,517752,LC4,8,acetylcholine,24,20
517322,T2,517752,LC4,8,acetylcholine,25,20
516533,Tm2,517752,LC4,8,acetylcholine,26,20
135605,T2,517752,LC4,8,acetylcholine,4,16
125191,Tm4,517752,LC4,8,acetylcholine,6,12
77923,T2,517752,LC4,8,acetylcholine,6,1
73317,T2,517752,LC4,8,acetylcholine,13,5
40933,TmY3,517752,LC4,8,acetylcholine,21,6
18756,Li26,517752,LC4,8,gaba,27,20
16475,PVLP024,517752,LC4,8,gaba,20,7
12722,LoVC21,517752,LC4,8,gaba,3,1
536368,TmY18,21165,LC4,8,acetylcholine,28,20
128494,Tm4,21165,LC4,8,acetylcholine,4,14
94760,T2,21165,LC4,8,acetylcholine,26,12
93946,Tm4,21165,LC4,8,acetylcholine,29,20
85504,Tm4,21165,LC4,8,acetylcholine,30,20
81353,T2,21165,LC4,8,acetylcholine,11,18
80567,TmY3,21165,LC4,8,acetylcholine,3,1
79502,Tm3,21165,LC4,8,acetylcholine,31,20
78965,T2,21165,LC4,8,acetylcholine,16,25
71658,Tm4,21165,LC4,8,acetylcholine,0,21
63669,Tm2,21165,LC4,8,acetylcholine,1,21
60583,Tm2,21165,LC4,8,acetylcholine,2,21
57377,TmY3,21165,LC4,8,acetylcholine,19,3
52256,TmY3,21165,LC4,8,acetylcholine,8,22
28041,LC9,21165,LC4,8,acetylcholine,2,6
24090,Li26,21165,LC4,8,gaba,30,25
19794,LC4,21165,LC4,8,acetylcholine,31,18
17987,LC4,21165,LC4,8,acetylcholine,8,18
11394,Li16,21165,LC4,8,glutamate,20,27
11254,LT41,21165,LC4,8,gaba,31,10
547647,Tm4,16628,LC4,8,acetylcholine,3,21
129008,Tm3,16628,LC4,8,acetylcholine,30,4
103504,T2,16628,LC4,8,acetylcholine,26,31
89791,T2,16628,LC4,8,acetylcholine,2,20
77312,Tm4,16628,LC4,8,acetylcholine,4,21
76705,T2,16628,LC4,8,acetylcholine,5,21
75267,T2,16628,LC4,8,acetylcholine,13,15
74409,TmY3,16628,LC4,8,acetylcholine,0,13
73478,T2,16628,LC4,8,acetylcholine,19,12
72471,Tm4,16628,LC4,8,acetylcholine,2,0
71505,T2,16628,LC4,8,acetylcholine,14,13
65236,Tm4,16628,LC4,8,acetylcholine,6,21
58099,Tm3,16628,LC4,8,acetylcholine,7,21
56819,Tm2,16628,LC4,8,acetylcholine,8,21
54380,Tm2,16628,LC4,8,acetylcholine,9,21
54066,Tlp12,16628,LC4,8,glutamate,10,21
50607,Y11,16628,LC4,8,glutamate,11,21
46676,Tlp12,16628,LC4,8,glutamate,12,21
44969,Tlp12,16628,LC4,8,glutamate,17,10
42620,Tlp13,16628,LC4,8,glutamate,13,21
35526,Li25,16628,LC4,8,gaba,14,21
31584,LC9,16628,LC4,8,acetylcholine,15,21
21151,LC4,16628,LC4,8,acetylcholine,16,21
17548,LC4,16628,LC4,8,acetylcholine,11,15
589784,Tm4,519931,LC4,8,acetylcholine,18,20
542052,Tm4,519931,LC4,8,acetylcholine,17,21
520546,Tm2,519931,LC4,8,acetylcholine,4,6
141750,Tm3,519931,LC4,8,acetylcholine,18,21
132963,T2,519931,LC4,8,acetylcholine,19,21
123957,Tm4,519931,LC4,8,acetylcholine,20,3
91749,T2,519931,LC4,8,acetylcholine,22,11
85182,Tm4,519931,LC4,8,acetylcholine,20,20
75531,Tm4,519931,LC4,8,acetylcholine,20,21
75206,T2,519931,LC4,8,acetylcholine,7,9
72947,Tm4,519931,LC4,8,acetylcholine,21,21
25438,SAD064,519931,LC4,8,acetylcholine,5,5
15736,TmY19a,519931,LC4,8,gaba,30,14
537432,T2,18478,LC4,8,acetylcholine,22,21
537415,T2,18478,LC4,8,acetylcholine,23,21
524617,Tm5Y,18478,LC4,8,acetylcholine,24,21
524602,Tm2,18478,LC4,8,acetylcholine,25,21
142221,T2,18478,LC4,8,acetylcholine,26,21
133538,Tm2,18478,LC4,8,acetylcholine,27,21
97716,Tm3,18478,LC4,8,acetylcholine,28,21
86292,Tm4,18478,LC4,8,acetylcholine,29,21
79129,LPi_unclear,18478,LC4,8,glutamate,10,28
75704,LPi_unclear,18478,LC4,8,glutamate,30,21
60692,Tm37,18478,LC4,8,glutamate,31,21
58095,Tm2,18478,LC4,8,acetylcholine,1,12
50477,TmY3,18478,LC4,8,acetylcholine,15,11
38438,LC9,18478,LC4,8,acetylcholine,0,22
20524,Li16,18478,LC4,8,glutamate,7,30
15261,CB2664,18478,LC4,8,acetylcholine,5,0
15182,Li17,18478,LC4,8,gaba,17,1
519960,TmY19a,27624,LC4,8,gaba,1,22
410217,Li26,27624,LC4,8,gaba,3,10
132063,T2,27624,LC4,8,acetylcholine,29,17
110732,Tm2,27624,LC4,8,acetylcholine,2,22
110144,Tm2,27624,LC4,8,acetylcholine,3,22
79471,T2,27624,LC4,8,acetylcholine,10,1
76459,Tm2,27624,LC4,8,acetylcholine,3,15
76152,T2,27624,LC4,8,acetylcholine,4,22
74652,TmY3,27624,LC4,8,acetylcholine,29,23
61413,Tm2,27624,LC4,8,acetylcholine,5,22
58541,TmY3,27624,LC4,8,acetylcholine,6,19
57930,Tm2,27624,LC4,8,acetylcholine,6,22
43160,Li_unclear,27624,LC4,8,gaba,26,15
37587,LC4,27624,LC4,8,acetylcholine,16,1
32567,Tm2,27624,LC4,8,acetylcholine,7,22
27786,TmY19b,27624,LC4,8,gaba,8,22
539413,LT56,20282,LC4,8,glutamate,4,14
86015,T2,20282,LC4,8,acetylcholine,19,7
85691,T2,20282,LC4,8,acetylcholine,9,22
84133,Tm4,20282,LC4,8,acetylcholine,10,22
77582,T2,20282,LC4,8,acetylcholine,30,21
75899,T2,20282,LC4,8,acetylcholine,30,6
75370,Tm4,20282,LC4,8,acetylcholine,17,2
74889,Tm3,20282,LC4,8,acetylcholine,11,22
74555,T2,20282,LC4,8,acetylcholine,14,4
68464,T2,20282,LC4,8,acetylcholine,31,17
66434,TmY3,20282,LC4,8,acetylcholine,12,22
65591,Tm2,20282,LC4,8,acetylcholine,13,22
63462,T2,20282,LC4,8,acetylcholine,5,21
58344,Tm2,20282,LC4,8,acetylcholine,0,9
51629,TmY3,20282,LC4,8,acetylcholine,6,11
43510,Y12,20282,LC4,8,glutamate,14,22
41224,Tlp12,20282,LC4,8,glutamate,15,22
33474,SAD049,20282,LC4,8,acetylcholine,24,18
28642,Li26,20282,LC4,8,gaba,12,21
16659,PVLP011,20282,LC4,8,gaba,11,20
16459,PVLP024,20282,LC4,8,gaba,5,15
14079,MeLo8,20282,LC4,8,gaba,30,26
10351,Li33,20282,LC4,8,acetylcholine,16,22
535110,Tm2,81112,LC4,8,acetylcholine,17,22
533382,T2,81112,LC4,8,acetylcholine,24,20
529410,Li13,81112,LC4,8,gaba,26,28
524343,MeLo8,81112,LC4,8,gaba,5,1
515602,Li25,81112,LC4,8,gaba,10,26
512121,CB1280,81112,LC4,8,acetylcholine,12,21
120272,T2,81112,LC4,8,acetylcholine,22,22
112647,T2,81112,LC4,8,acetylcholine,18,22
77664,Tm2,81112,LC4,8,acetylcholine,19,22
60052,Tm37,81112,LC4,8,glutamate,20,22
49746,TmY3,81112,LC4,8,acetylcholine,21,20
46868,Tlp12,81112,LC4,8,glutamate,21,22
28624,Tm2,81112,LC4,8,acetylcholine,22,22
28583,Y11,81112,LC4,8,glutamate,23,22
21689,T2,81112,LC4,8,acetylcholine,24,22
19454,PVLP024,81112,LC4,8,gaba,3,11
15261,CB2664,81112,LC4,8,acetylcholine,5,0
517193,LoVC7,26112,LC4,8,gaba,1,1
116423,TmY18,26112,LC4,8,acetylcholine,25,22
105774,T2,26112,LC4,8,acetylcholine,13,6
88956,Tm3,26112,LC4,8,acetylcholine,26,22
81855,Tm4,26112,LC4,8,acetylcholine,27,0
80971,Tm4,26112,LC4,8,acetylcholine,1,10
80783,TmY3,26112,LC4,8,acetylcholine,24,0
80774,Tm4,26112,LC4,8,acetylcholine,14,29
80723,Tm4,26112,LC4,8,acetylcholine,27,22
55371,Tm37,26112,LC4,8,glutamate,28,22
55308,Tm37,26112,LC4,8,glutamate,29,22
49471,TmY3,26112,LC4,8,acetylcholine,10,6
41911,Li25,26112,LC4,8,gaba,30,22
39151,LPLC1,26112,LC4,8,acetylcholine,31,22
26333,LPLC1,26112,LC4,8,acetylcholine,27,25
22194,LC4,26112,LC4,8,acetylcholine,20,7
10051,Li39,26112,LC4,8,gaba,8,0
86536,Tm3,21336,LC4,8,acetylcholine,0,23
75832,T2,21336,LC4,8,acetylcholine,23,0
72859,Tm3,21336,LC4,8,acetylcholine,1,23
72148,Tm3,21336,LC4,8,acetylcholine,2,23
71514,Tm4,21336,LC4,8,acetylcholine,17,7
71019,T2,21336,LC4,8,acetylcholine,3,23
70404,Tm4,21336,LC4,8,acetylcholine,4,23
66919,Tm4,21336,LC4,8,acetylcholine,5,23
65908,Tm4,21336,LC4,8,acetylcholine,4,19
64579,T2,21336,LC4,8,acetylcholine,23,7
63461,Y14,21336,LC4,8,glutamate,6,23
51471,Tm2,21336,LC4,8,acetylcholine,7,23
46017,Tm2,21336,LC4,8,acetylcholine,8,23
30923,TmY3,21336,LC4,8,acetylcholine,27,31
19260,LC4,21336,LC4,8,acetylcholine,22,12
17939,PVLP046,21336,LC4,8,gaba,1,19
16128,LC4,21336,LC4,8,acetylcholine,18,2
119054,Tm4,23792,LC4,8,acetylcholine,26,0
87176,T2,23792,LC4,8,acetylcholine,5,15
83249,Tm4,23792,LC4,8,acetylcholine,4,24
74152,T2,23792,LC4,8,acetylcholine,18,10
74108,Tm4,23792,LC4,8,acetylcholine,4,1
72775,T2,23792,LC4,8,acetylcholine,9,23
70277,T2,23792,LC4,8,acetylcholine,29,23
64267,Tm2,23792,LC4,8,acetylcholine,4,13
61434,Tm2,23792,LC4,8,acetylcholine,10,23
59402,Tm2,23792,LC4,8,acetylcholine,11,23
59009,TmY3,23792,LC4,8,acetylcholine,24,27
58590,Tm2,23792,LC4,8,acetylcholine,12,23
54718,Tlp13,23792,LC4,8,glutamate,21,10
53768,Tm2,23792,LC4,8,acetylcholine,13,23
43924,TmY3,23792,LC4,8,acetylcholine,30,6
28945,LC4,23792,LC4,8,acetylcholine,11,3
16549,Li30,23792,LC4,8,gaba,27,9
15814,TmY19a,23792,LC4,8,gaba,26,26
11102,PVLP046,23792,LC4,8,gaba,20,4
10051,Li39,23792,LC4,8,gaba,8,0
523564,PVLP011,14888,LC4,8,gaba,14,16
520449,LC4,14888,LC4,8,acetylcholine,0,2
516834,TmY3,14888,LC4,8,acetylcholine,7,6
516527,T2,14888,LC4,8,acetylcholine,9,23
98415,T2,14888,LC4,8,acetylcholine,11,26
55359,Y14,14888,LC4,8,glutamate,14,23
48213,T2,14888,LC4,8,acetylcholine,15,23
44285,Tm37,14888,LC4,8,glutamate,16,23
29089,Tm4,14888,LC4,8,acetylcholine,26,1
23202,LC4,14888,LC4,8,acetylcholine,10,14
15428,Li26,14888,LC4,8,gaba,11,6
537175,Tm4,519650,LC4,8,acetylcholine,17,23
525588,Tm4,519650,LC4,8,acetylcholine,18,23
521516,Li30,519650,LC4,8,gaba,27,15
518023,TmY3,519650,LC4,8,acetylcholine,7,10
517647,T2,519650,LC4,8,acetylcholine,19,23
517649,T2,519650,LC4,8,acetylcholine,19,25
116613,LPLC1,519650,LC4,8,acetylcholine,20,23
114625,Tm4,519650,LC4,8,acetylcholine,29,10
100707,Tm3,519650,LC4,8,acetylcholine,21,23
78836,Tm4,519650,LC4,8,acetylcholine,28,14
68749,Tm4,519650,LC4,8,acetylcholine,10,28
51098,TmY3,519650,LC4,8,acetylcholine,18,1
50370,Tm2,519650,LC4,8,acetylcholine,7,11
49300,Tlp12,519650,LC4,8,glutamate,2,28
45442,TmY3,519650,LC4,8,acetylcholine,19,19
28645,Tm2,519650,LC4,8,acetylcholine,30,15
13308,Li29,519650,LC4,8,gaba,14,19
575414,T2,518730,LC4,8,acetylcholine,7,3
538091,TmY3,518730,LC4,8,acetylcholine,23,15
532101,TmY3,518730,LC4,8,acetylcholine,27,12
520330,MeLo8,518730,LC4,8,gaba,20,16
515172,Tm4,518730,LC4,8,acetylcholine,22,23
77314,Tm37,518730,LC4,8,glutamate,23,23
59380,T2,518730,LC4,8,acetylcholine,4,29
48662,TmY3,518730,LC4,8,acetylcholine,2,10
39420,T2,518730,LC4,8,acetylcholine,24,10
26668,TmY3,518730,LC4,8,acetylcholine,19,28
20434,PVLP046,518730,LC4,8,gaba,0,21
13308,Li29,518730,LC4,8,gaba,14,19
532897,Tm3,29417,LC4,8,acetylcholine,4,24
529482,Tm4,29417,LC4,8,acetylcholine,24,23
521175,T2,29417,LC4,8,acetylcholine,15,30
516390,Tm4,29417,LC4,8,acetylcholine,25,23
514281,Tm3,29417,LC4,8,acetylcholine,26,23
56163,Tm2,29417,LC4,8,acetylcholine,27,23
56079,T2,29417,LC4,8,acetylcholine,1,5
49018,Li13,29417,LC4,8,gaba,6,10
35486,Tm2,29417,LC4,8,acetylcholine,28,23
32213,Li25,29417,LC4,8,gaba,29,23
25863,Tm3,29417,LC4,8,acetylcholine,30,23
25438,SAD064,29417,LC4,8,acetylcholine,5,5
18350,PVLP046,29417,LC4,8,gaba,25,3
17939,PVLP046,29417,LC4,8,gaba,1,19
543435,TmY3,12824,LC4,8,acetylcholine,21,11
530331,T2,12824,LC4,8,acetylcholine,24,22
526343,T2,12824,LC4,8,acetylcholine,12,14
516550,Tm4,12824,LC4,8,acetylcholine,31,23
77954,Li13,12824,LC4,8,gaba,24,2
70745,Tm4,12824,LC4,8,acetylcholine,0,24
66828,T2,12824,LC4,8,acetylcholine,28,22
48074,Tm2,12824,LC4,8,acetylcholine,26,17
46365,Tm2,12824,LC4,8,acetylcholine,1,24
43989,TmY3,12824,LC4,8,acetylcholine,10,11
39202,T2,12824,LC4,8,acetylcholine,19,22
21299,LPLC2,12824,LC4,8,acetylcholine,2,24
19506,Tm4,12824,LC4,8,acetylcholine,3,24
13308,Li29,12824,LC4,8,gaba,14,19
10251,MeVP53,12824,LC4,8,gaba,13,27
522456,TmY3,527408,LC4,8,acetylcholine,23,19
80979,T2,527408,LC4,8,acetylcholine,4,4
76864,TmY3,527408,LC4,8,acetylcholine,25,0
73884,T2,527408,LC4,8,acetylcholine,19,11
60935,MeLo2,527408,LC4,8,acetylcholine,4,24
59593,T2,527408,LC4,8,acetylcholine,17,13
57164,TmY3,527408,LC4,8,acetylcholine,16,24
56240,T2,527408,LC4,8,acetylcholine,25,9
50665,Tm2,527408,LC4,8,acetylcholine,26,9
25607,PVLP046,527408,LC4,8,gaba,12,3
22975,LC4,527408,LC4,8,acetylcholine,30,0
17576,Li17,527408,LC4,8,gaba,16,15
551587,Tm4,12032,LC4,8,acetylcholine,5,24
551590,TmY3,12032,LC4,8,acetylcholine,1,20
537432,T2,12032,LC4,8,acetylcholine,22,21
534276,Tm2,12032,LC4,8,acetylcholine,6,24
533222,T2,12032,LC4,8,acetylcholine,4,6
530588,Tm4,12032,LC4,8,acetylcholine,7,24
177635,Tm4,12032,LC4,8,acetylcholine,8,24
151945,T2,12032,LC4,8,acetylcholine,18,21
144622,T2,12032,LC4,8,acetylcholine,9,24
107222,Tm37,12032,LC4,8,glutamate,28,25
101504,Tm4,12032,LC4,8,acetylcholine,10,24
99311,T2,12032,LC4,8,acetylcholine,11,24
90864,Tm3,12032,LC4,8,acetylcholine,12,24
32204,MeLo2,12032,LC4,8,acetylcholine,22,3
24363,LC14a-1,12032,LC4,8,acetylcholine,11,6
17375,SAD064,12032,LC4,8,acetylcholine,21,29
14452,MeLo8,12032,LC4,8,gaba,21,20
10158,LT56,12032,LC4,8,glutamate,31,5
546210,T2,111787,LC4,8,acetylcholine,18,19
532611,Tm4,111787,LC4,8,acetylcholine,13,24
526079,T2,111787,LC4,8,acetylcholine,30,18
521516,Li30,111787,LC4,8,gaba,27,15
518687,T2,111787,LC4,8,acetylcholine,29,18
518566,Tlp12,111787,LC4,8,glutamate,21,28
517752,LC4,111787,LC4,8,acetylcholine,11,21
513904,SAD049,111787,LC4,8,acetylcholine,8,14
512944,T2,111787,LC4,8,acetylcholine,20,3
173021,Tm3,111787,LC4,8,acetylcholine,14,24
159612,T2,111787,LC4,8,acetylcholine,15,24
152546,Tm3,111787,LC4,8,acetylcholine,17,5
136796,Tm3,111787,LC4,8,acetylcholine,30,2
109738,Tm3,111787,LC4,8,acetylcholine,16,24
100485,LC4,111787,LC4,8,acetylcholine,23,20
82602,T2,111787,LC4,8,acetylcholine,17,24
73076,T2,111787,LC4,8,acetylcholine,18,24
50172,Tm2,111787,LC4,8,acetylcholine,19,24
45864,Tlp13,111787,LC4,8,glutamate,20,24
41265,TmY3,111787,LC4,8,acetylcholine,30,11
26983,Tm2,111787,LC4,8,acetylcholine,21,24
22257,PVLP046,111787,LC4,8,gaba,16,12
20434,PVLP046,111787,LC4,8,gaba,0,21
20128,T2,111787,LC4,8,acetylcholine,24,13
19186,Tm3,111787,LC4,8,acetylcholine,29,14
16809,LC4,111787,LC4,8,acetylcholine,7,20
16596,Li28,111787,LC4,8,gaba,1,4
10158,LT56,111787,LC4,8,glutamate,31,5
543961,T2,35262,LC4,8,acetylcholine,22,24
540241,T2,35262,LC4,8,acetylcholine,11,5
535529,Tm4,35262,LC4,8,acetylcholine,23,24
529108,T2,35262,LC4,8,acetylcholine,14,10
518738,TmY3,35262,LC4,8,acetylcholine,18,15
45157,T2,35262,LC4,8,acetylcholine,6,15
36868,TmY3,35262,LC4,8,acetylcholine,0,14
27245,Tm4,35262,LC4,8,acetylcholine,6,25
26072,Tm4,35262,LC4,8,acetylcholine,24,25
18432,LC4,35262,LC4,8,acetylcholine,1,24
543160,Tm4,23202,LC4,8,acetylcholine,26,16
531591,Li14,23202,LC4,8,glutamate,24,24
526286,LC4,23202,LC4,8,acetylcholine,2,21
165595,T2,23202,LC4,8,acetylcholine,31,19
148100,TmY21,23202,LC4,8,acetylcholine,25,24
70189,Tm4,23202,LC4,8,acetylcholine,16,13
55243,Tm2,23202,LC4,8,acetylcholine,26,24
45105,Tm3,23202,LC4,8,acetylcholine,24,14
40781,Tm2,23202,LC4,8,acetylcholine,27,24
39230,Tlp13,23202,LC4,8,glutamate,28,24
37594,T2,23202,LC4,8,acetylcholine,31,12
33137,LC4,23202,LC4,8,acetylcholine,22,15
27829,LC4,23202,LC4,8,acetylcholine,0,21
95514,Tm4,17054,LC4,8,acetylcholine,29,24
83106,Tm4,17054,LC4,8,acetylcholine,30,24
76840,T2,17054,LC4,8,acetylcholine,3,31
74450,T2,17054,LC4,8,acetylcholine,20,17
72374,Tm3,17054,LC4,8,acetylcholine,31,24
72300,Tm3,17054,LC4,8,acetylcholine,7,2
66999,T2,17054,LC4,8,acetylcholine,2,16
64780,T2,17054,LC4,8,acetylcholine,10,7
64716,T2,17054,LC4,8,acetylcholine,0,25
64606,T2,17054,LC4,8,acetylcholine,14,21
64340,T2,17054,LC4,8,acetylcholine,1,25
62661,Tm2,17054,LC4,8,acetylcholine,2,25
62500,Tm2,17054,LC4,8,acetylcholine,3,25
50666,Tm37,17054,LC4,8,glutamate,4,25
49199,TmY3,17054,LC4,8,acetylcholine,31,18
48747,Tm2,17054,LC4,8,acetylcholine,14,2
41833,TmY3,17054,LC4,8,acetylcholine,20,3
40604,Li25,17054,LC4,8,gaba,5,25
31013,Li25,17054,LC4,8,gaba,6,25
27007,Li13,17054,LC4,8,gaba,7,25
25874,Y11,17054,LC4,8,glutamate,8,25
20433,Li13,17054,LC4,8,gaba,9,25
19794,LC4,17054,LC4,8,acetylcholine,31,18
19210,LPLC1,17054,LC4,8,acetylcholine,10,25
18929,LPLC2,17054,LC4,8,acetylcholine,23,29
18127,LC4,17054,LC4,8,acetylcholine,31,30
103171,Tm4,16128,LC4,8,acetylcholine,11,25
90277,T2,16128,LC4,8,acetylcholine,26,0
77376,Tm4,16128,LC4,8,acetylcholine,12,25
73890,Tm4,16128,LC4,8,acetylcholine,13,25
72127,T2,16128,LC4,8,acetylcholine,8,30
69414,Tm3,16128,LC4,8,acetylcholine,14,25
68702,T2,16128,LC4,8,acetylcholine,20,17
65835,TmY3,16128,LC4,8,acetylcholine,1,19
65143,Tm37,16128,LC4,8,glutamate,15,25
64340,T2,16128,LC4,8,acetylcholine,1,25
63623,T2,16128,LC4,8,acetylcholine,29,29
61607,T2,16128,LC4,8,acetylcholine,26,10
50988,Tm37,16128,LC4,8,glutamate,16,25
49555,Tm2,16128,LC4,8,acetylcholine,17,25
44780,Tm2,16128,LC4,8,acetylcholine,18,25
44604,Tlp14,16128,LC4,8,glutamate,19,25
32975,LC9,16128,LC4,8,acetylcholine,21,8
25584,LC4,16128,LC4,8,acetylcholine,17,12
19924,CB2664,16128,LC4,8,acetylcholine,30,26
14465,LPLC2,16128,LC4,8,acetylcholine,20,25
525614,Tm2,21804,LC4,8,acetylcholine,21,25
97329,T2,21804,LC4,8,acetylcholine,22,5
94741,T2,21804,LC4,8,acetylcholine,11,2
90583,T2,21804,LC4,8,acetylcholine,29,20
86015,T2,21804,LC4,8,acetylcholine,19,7
83634,T2,21804,LC4,8,acetylcholine,22,25
80693,T2,21804,LC4,8,acetylcholine,14,22
79667,Tm3,21804,LC4,8,acetylcholine,23,25
68957,TmY3,21804,LC4,8,acetylcholine,24,25
66960,Tm2,21804,LC4,8,acetylcholine,25,25
56091,Y14,21804,LC4,8,glutamate,26,25
48311,Li14,21804,LC4,8,glutamate,3,12
47197,Li13,21804,LC4,8,gaba,27,25
30269,LC9,21804,LC4,8,acetylcholine,24,5
28765,Li25,21804,LC4,8,gaba,12,21
140050,Tm4,20016,LC4,8,acetylcholine,11,7
91697,T2,20016,LC4,8,acetylcholine,19,0
89706,T2,20016,LC4,8,acetylcholine,14,21
89539,T2,20016,LC4,8,acetylcholine,6,25
88295,T2,20016,LC4,8,acetylcholine,28,25
88020,Tm2,20016,LC4,8,acetylcholine,29,25
86145,T2,20016,LC4,8,acetylcholine,30,25
84475,Tm4,20016,LC4,8,acetylcholine,31,25
83875,Tm3,20016,LC4,8,acetylcholine,0,26
81900,T2,20016,LC4,8,acetylcholine,2,13
81074,T2,20016,LC4,8,acetylcholine,27,19
78910,Tm3,20016,LC4,8,acetylcholine,1,26
72861,T2,20016,LC4,8,acetylcholine,9,15
55023,TmY3,20016,LC4,8,acetylcholine,12,30
53659,TmY3,20016,LC4,8,acetylcholine,8,31
40616,Y11,20016,LC4,8,glutamate,2,26
31431,Li25,20016,LC4,8,gaba,3,26
26516,Tlp14,20016,LC4,8,glutamate,4,5
19454,PVLP024,20016,LC4,8,gaba,3,11
16140,TmY19a,20016,LC4,8,gaba,16,18
14528,MeLo8,20016,LC4,8,gaba,0,17
10480,MeVP53,20016,LC4,8,gaba,11,7
253390708,TmY3,15018,LC4,8,acetylcholine,19,31
556435,Tm3,15018,LC4,8,acetylcholine,4,26
542285,Tm4,15018,LC4,8,acetylcholine,21,25
530358,Tlp13,15018,LC4,8,glutamate,5,26
530029,LC4,15018,LC4,8,acetylcholine,17,25
527034,Y11,15018,LC4,8,glutamate,6,26
518439,LC4,15018,LC4,8,acetylcholine,9,11
514954,TmY19a,15018,LC4,8,gaba,30,31
143934,Tm4,15018,LC4,8,acetylcholine,7,26
138623,Tm4,15018,LC4,8,acetylcholine,8,26
126430,T2,15018,LC4,8,acetylcholine,9,26
120459,Tm3,15018,LC4,8,acetylcholine,10,26
119338,Tm4,15018,LC4,8,acetylcholine,11,26
87766,Tm2,15018,LC4,8,acetylcholine,11,22
86013,Tm2,15018,LC4,8,acetylcholine,12,26
82407,TmY3,15018,LC4,8,acetylcholine,20,14
34467,T2,15018,LC4,8,acetylcholine,11,27
18350,PVLP046,15018,LC4,8,gaba,25,3
134179,Tm3,19260,LC4,8,acetylcholine,13,26
131329,Tm3,19260,LC4,8,acetylcholine,20,7
118949,Tm4,19260,LC4,8,acetylcholine,29,14
109838,Tm4,19260,LC4,8,acetylcholine,14,26
102015,Tm4,19260,LC4,8,acetylcholine,12,7
101749,Tm4,19260,LC4,8,acetylcholine,31,4
83448,T2,19260,LC4,8,acetylcholine,15,26
75926,T2,19260,LC4,8,acetylcholine,0,9
75076,T2,19260,LC4,8,acetylcholine,11,20
73925,T2,19260,LC4,8,acetylcholine,16,26
71489,T2,19260,LC4,8,acetylcholine,26,7
69961,Tm3,19260,LC4,8,acetylcholine,17,26
67002,T2,19260,LC4,8,acetylcholine,18,26
59820,Tm37,19260,LC4,8,glutamate,19,26
48916,Tm2,19260,LC4,8,acetylcholine,20,26
13797,Li29,19260,LC4,8,gaba,8,29
12475,LoVC15,19260,LC4,8,gaba,17,20
544997,Tm4,514508,LC4,8,acetylcholine,6,30
542272,Tm4,514508,LC4,8,acetylcholine,6,3
530369,Y11,514508,LC4,8,glutamate,4,12
520667,Li25,514508,LC4,8,gaba,2,29
514407,Li29,514508,LC4,8,gaba,1,23
156646,T2,514508,LC4,8,acetylcholine,21,26
144622,T2,514508,LC4,8,acetylcholine,9,24
141828,T2,514508,LC4,8,acetylcholine,22,26
138942,Tm3,514508,LC4,8,acetylcholine,23,26
112672,Tm4,514508,LC4,8,acetylcholine,29,3
100485,LC4,514508,LC4,8,acetylcholine,23,20
64349,TmY3,514508,LC4,8,acetylcholine,7,7
55609,TmY3,514508,LC4,8,acetylcholine,3,14
41167,TmY3,514508,LC4,8,acetylcholine,24,17
33137,LC4,514508,LC4,8,acetylcholine,22,15
90748,Tm4,19550,LC4,8,acetylcholine,19,8
75159,T2,19550,LC4,8,acetylcholine,19,4
74251,Tm4,19550,LC4,8,acetylcholine,24,26
67216,T2,19550,LC4,8,acetylcholine,31,1
62982,T2,19550,LC4,8,acetylcholine,15,21
60823,Tm37,19550,LC4,8,glutamate,25,26
58669,Tm2,19550,LC4,8,acetylcholine,11,2
57632,Li14,19550,LC4,8,glutamate,3,29
57627,T2,19550,LC4,8,acetylcholine,25,29
56278,Tm2,19550,LC4,8,acetylcholine,26,26
53525,Tm2,19550,LC4,8,acetylcholine,27,26
52429,TmY3,19550,LC4,8,acetylcholine,25,4
50663,Li14,19550,LC4,8,glutamate,28,26
35465,LLPC2,19550,LC4,8,acetylcholine,29,26
34208,Tlp12,19550,LC4,8,glutamate,30,26
16475,PVLP024,19550,LC4,8,gaba,20,7
129868,Tm3,21151,LC4,8,acetylcholine,31,26
124455,Tm4,21151,LC4,8,acetylcholine,7,18
91915,T2,21151,LC4,8,acetylcholine,3,19
89644,T2,21151,LC4,8,acetylcholine,15,21
86069,T2,21151,LC4,8,acetylcholine,0,27
83449,Tm4,21151,LC4,8,acetylcholine,26,27
82680,Tm4,21151,LC4,8,acetylcholine,1,27
77326,Tm4,21151,LC4,8,acetylcholine,2,27
76580,T2,21151,LC4,8,acetylcholine,0,15
76565,Tm4,21151,LC4,8,acetylcholine,12,25
75615,T2,21151,LC4,8,acetylcholine,3,5
72027,Tm4,21151,LC4,8,acetylcholine,21,13
60767,Tm2,21151,LC4,8,acetylcholine,3,27
60733,Tm2,21151,LC4,8,acetylcholine,4,27
60700,Tm37,21151,LC4,8,glutamate,5,27
58656,Tm2,21151,LC4,8,acetylcholine,6,27
55756,TmY3,21151,LC4,8,acetylcholine,27,10
55518,TmY3,21151,LC4,8,acetylcholine,26,21
41701,Y3,21151,LC4,8,acetylcholine,7,27
24100,Li15,21151,LC4,8,gaba,29,20
15814,TmY19a,21151,LC4,8,gaba,26,26
543596,T2,518544,LC4,8,acetylcholine,13,2
529495,TmY3,518544,LC4,8,acetylcholine,31,2
515198,Tm3,518544,LC4,8,acetylcholine,8,27
512494,TmY19b,518544,LC4,8,gaba,9,27
511914,LC4,518544,LC4,8,acetylcholine,18,22
122568,T2,518544,LC4,8,acetylcholine,10,27
76804,Tm2,518544,LC4,8,acetylcholine,13,10
75440,T2,518544,LC4,8,acetylcholine,11,27
58157,TmY3,518544,LC4,8,acetylcholine,31,17
52565,Tm2,518544,LC4,8,acetylcholine,12,27
33658,Tm4,518544,LC4,8,acetylcholine,13,27
20524,Li16,518544,LC4,8,glutamate,7,30
18347,Tm2,518544,LC4,8,acetylcholine,14,27
17375,SAD064,518544,LC4,8,acetylcholine,21,29
12722,LoVC21,518544,LC4,8,gaba,3,1
118251,T2,19420,LC4,8,acetylcholine,9,31
114491,Tm4,19420,LC4,8,acetylcholine,15,27
113574,Tm4,19420,LC4,8,acetylcholine,0,22
84892,Tm4,19420,LC4,8,acetylcholine,16,27
83148,T2,19420,LC4,8,acetylcholine,30,26
77542,T2,19420,LC4,8,acetylcholine,1,5
73861,Tm4,19420,LC4,8,acetylcholine,31,30
72238,T2,19420,LC4,8,acetylcholine,17,27
70504,Tm4,19420,LC4,8,acetylcholine,18,27
44914,TmY3,19420,LC4,8,acetylcholine,6,19
31355,Li15,19420,LC4,8,gaba,19,27
26584,LC9,19420,LC4,8,acetylcholine,14,31
24886,LC9,19420,LC4,8,acetylcholine,29,22
20434,PVLP046,19420,LC4,8,gaba,0,21
17668,LC4,19420,LC4,8,acetylcholine,3,5
15440,Li17,19420,LC4,8,gaba,0,3
580564,Tlp13,107513,LC4,8,glutamate,21,16
546854,TmY3,107513,LC4,8,acetylcholine,17,17
531845,T2,107513,LC4,8,acetylcholine,20,27
524328,T2,107513,LC4,8,acetylcholine,28,9
519083,T2,107513,LC4,8,acetylcholine,10,30
121409,T2,107513,LC4,8,acetylcholine,10,9
80732,T2,107513,LC4,8,acetylcholine,15,30
52086,Tm2,107513,LC4,8,acetylcholine,21,27
45138,LC9,107513,LC4,8,acetylcholine,24,21
20434,PVLP046,107513,LC4,8,gaba,0,21
10085,Am1,107513,LC4,8,gaba,28,1
525789,Tm3,20542,LC4,8,acetylcholine,22,27
114204,Tm4,20542,LC4,8,acetylcholine,31,13
111896,Tm4,20542,LC4,8,acetylcholine,4,15
103312,Tm37,20542,LC4,8,glutamate,23,27
92744,Tm3,20542,LC4,8,acetylcholine,24,27
89969,Tm37,20542,LC4,8,glutamate,25,27
88951,Tm3,20542,LC4,8,acetylcholine,26,27
81833,T2,20542,LC4,8,acetylcholine,26,5
79853,Tm4,20542,LC4,8,acetylcholine,9,14
76687,Tm4,20542,LC4,8,acetylcholine,12,1
74867,T2,20542,LC4,8,acetylcholine,18,26
69978,T2,20542,LC4,8,acetylcholine,19,7
65766,Tm4,20542,LC4,8,acetylcholine,28,1
62814,Tm37,20542,LC4,8,glutamate,27,27
62015,TmY3,20542,LC4,8,acetylcholine,9,9
60062,Tm2,20542,LC4,8,acetylcholine,28,27
47686,TmY3,20542,LC4,8,acetylcholine,16,16
43640,Tlp13,20542,LC4,8,glutamate,29,27
37757,Y12,20542,LC4,8,glutamate,30,27
26889,Tlp14,20542,LC4,8,glutamate,8,21
24090,Li26,20542,LC4,8,gaba,30,25
16033,Li28,20542,LC4,8,gaba,6,0
15497,TmY19a,20542,LC4,8,gaba,10,7
10480,MeVP53,20542,LC4,8,gaba,11,7
532716,Tm4,29563,LC4,8,acetylcholine,6,24
530434,Tm3,29563,LC4,8,acetylcholine,29,5
525661,Tm2,29563,LC4,8,acetylcholine,25,11
78771,Tm4,29563,LC4,8,acetylcholine,10,18
72722,Y14,29563,LC4,8,glutamate,31,27
71592,Tm4,29563,LC4,8,acetylcholine,0,28
70645,T2,29563,LC4,8,acetylcholine,8,24
70426,Tm3,29563,LC4,8,acetylcholine,1,28
69579,T2,29563,LC4,8,acetylcholine,26,27
67079,Tm2,29563,LC4,8,acetylcholine,2,28
65373,T2,29563,LC4,8,acetylcholine,8,22
63021,Tm3,29563,LC4,8,acetylcholine,3,28
62694,T2,29563,LC4,8,acetylcholine,5,3
59593,T2,29563,LC4,8,acetylcholine,17,13
58340,Tm4,29563,LC4,8,acetylcholine,16,25
57177,Tm2,29563,LC4,8,acetylcholine,4,28
53668,Tm2,29563,LC4,8,acetylcholine,5,28
42517,LPLC1,29563,LC4,8,acetylcholine,6,28
27194,PVLP046,29563,LC4,8,gaba,18,3
25956,Li30,29563,LC4,8,gaba,9,8
19908,TmY19b,29563,LC4,8,gaba,18,5
140317,Tm3,17364,LC4,8,acetylcholine,7,28
123754,Tm4,17364,LC4,8,acetylcholine,18,1
102420,T2,17364,LC4,8,acetylcholine,22,6
101915,T2,17364,LC4,8,acetylcholine,6,17
82279,TmY3,17364,LC4,8,acetylcholine,16,28
77490,Tm2,17364,LC4,8,acetylcholine,8,28
74083,Tm4,17364,LC4,8,acetylcholine,15,2
74017,Tm4,17364,LC4,8,acetylcholine,7,11
63908,Tm2,17364,LC4,8,acetylcholine,9,28
62874,Tm2,17364,LC4,8,acetylcholine,10,28
57856,Tm37,17364,LC4,8,glutamate,11,28
51858,Tm2,17364,LC4,8,acetylcholine,12,28
49909,Tm2,17364,LC4,8,acetylcholine,13,28
43480,Tm4,17364,LC4,8,acetylcholine,16,31
35820,Li25,17364,LC4,8,gaba,14,28
20673,LC4,17364,LC4,8,acetylcholine,30,30
18672,LPLC2,17364,LC4,8,acetylcholine,15,28
17054,LC4,17364,LC4,8,acetylcholine,9,4
16628,LC4,17364,LC4,8,acetylcholine,30,29
536397,Li13,37587,LC4,8,gaba,9,20
530029,LC4,37587,LC4,8,acetylcholine,17,25
518439,LC4,37587,LC4,8,acetylcholine,9,11
512685,Tm4,37587,LC4,8,acetylcholine,16,28
512681,Tm2,37587,LC4,8,acetylcholine,17,28
166516,Li13,37587,LC4,8,gaba,18,28
126472,TmY3,37587,LC4,8,acetylcholine,16,11
75620,Tm2,37587,LC4,8,acetylcholine,19,28
71648,T2,37587,LC4,8,acetylcholine,22,12
61413,Tm2,37587,LC4,8,acetylcholine,5,22
55999,TmY3,37587,LC4,8,acetylcholine,15,18
27838,Li14,37587,LC4,8,glutamate,20,28
26632,TmY19a,37587,LC4,8,gaba,12,6
16475,PVLP024,37587,LC4,8,gaba,20,7
13308,Li29,37587,LC4,8,gaba,14,19
11894,MeLo8,37587,LC4,8,gaba,24,15
526855,Tm4,530029,LC4,8,acetylcholine,21,28
526037,T2,530029,LC4,8,acetylcholine,9,31
524583,Tm4,530029,LC4,8,acetylcholine,22,28
521504,T2,530029,LC4,8,acetylcholine,23,15
518500,Tm4,530029,LC4,8,acetylcholine,23,28
518499,Tm2,530029,LC4,8,acetylcholine,24,28
514132,TmY19a,530029,LC4,8,gaba,24,15
117501,Tm4,530029,LC4,8,acetylcholine,25,28
86399,Tm3,530029,LC4,8,acetylcholine,26,28
84744,Y14,530029,LC4,8,glutamate,27,28
57547,Y14,530029,LC4,8,glutamate,5,19
55506,Tm2,530029,LC4,8,acetylcholine,7,0
30593,TmY19a,530029,LC4,8,gaba,28,28
25696,TmY3,530029,LC4,8,acetylcholine,31,23
20434,PVLP046,530029,LC4,8,gaba,0,21
527699,SAD064,16138,LC4,8,acetylcholine,4,13
83556,Tm3,16138,LC4,8,acetylcholine,10,18
77569,T2,16138,LC4,8,acetylcholine,28,19
75916,T2,16138,LC4,8,acetylcholine,17,26
74819,T2,16138,LC4,8,acetylcholine,28,9
74177,Tm4,16138,LC4,8,acetylcholine,2,23
73807,Tm3,16138,LC4,8,acetylcholine,29,28
73298,T2,16138,LC4,8,acetylcholine,2,9
69834,T2,16138,LC4,8,acetylcholine,3,6
65034,T2,16138,LC4,8,acetylcholine,9,15
65035,Tm4,16138,LC4,8,acetylcholine,30,28
47465,TmY3,16138,LC4,8,acetylcholine,7,5
38969,Y12,16138,LC4,8,glutamate,31,28
32996,Li25,16138,LC4,8,gaba,0,29
30007,Li15,16138,LC4,8,gaba,15,19
25607,PVLP046,16138,LC4,8,gaba,12,3
23116,LPLC1,16138,LC4,8,acetylcholine,9,6
20808,LC4,16138,LC4,8,acetylcholine,29,21
16459,PVLP024,16138,LC4,8,gaba,5,15
15281,Li17,16138,LC4,8,gaba,0,15
14245,MeLo8,16138,LC4,8,gaba,9,10
118173,Tm3,18127,LC4,8,acetylcholine,1,29
101749,Tm4,18127,LC4,8,acetylcholine,31,4
80265,TmY3,18127,LC4,8,acetylcholine,23,3
79342,T2,18127,LC4,8,acetylcholine,15,14
72358,Tm2,18127,LC4,8,acetylcholine,2,29
71578,Tm2,18127,LC4,8,acetylcholine,17,11
71134,T2,18127,LC4,8,acetylcholine,5,12
69558,T2,18127,LC4,8,acetylcholine,6,9
68249,T2,18127,LC4,8,acetylcholine,28,15
68204,Tm4,18127,LC4,8,acetylcholine,3,29
68190,Tm4,18127,LC4,8,acetylcholine,4,29
67415,T2,18127,LC4,8,acetylcholine,1,5
66372,T2,18127,LC4,8,acetylcholine,24,10
65515,T2,18127,LC4,8,acetylcholine,5,29
65348,TmY3,18127,LC4,8,acetylcholine,8,19
64605,Tm2,18127,LC4,8,acetylcholine,24,27
53080,TmY3,18127,LC4,8,acetylcholine,21,12
31179,Tlp13,18127,LC4,8,glutamate,6,29
26010,Li15,18127,LC4,8,gaba,2,11
19454,PVLP024,18127,LC4,8,gaba,3,11
17939,PVLP046,18127,LC4,8,gaba,1,19
13797,Li29,18127,LC4,8,gaba,8,29
530200,Tm4,100485,LC4,8,acetylcholine,22,18
523850,TmY19a,100485,LC4,8,gaba,7,29
520414,Tm4,100485,LC4,8,acetylcholine,24,20
519749,Tm4,100485,LC4,8,acetylcholine,11,12
517908,Tm3,100485,LC4,8,acetylcholine,8,29
514916,Tm2,100485,LC4,8,acetylcholine,9,29
513893,Tm2,100485,LC4,8,acetylcholine,1,10
512370,Tm2,100485,LC4,8,acetylcholine,10,29
138942,Tm3,100485,LC4,8,acetylcholine,23,26
136742,T2,100485,LC4,8,acetylcholine,11,29
132457,T2,100485,LC4,8,acetylcholine,22,28
121212,Tm4,100485,LC4,8,acetylcholine,0,7
84936,T2,100485,LC4,8,acetylcholine,1,7
60074,TmY3,100485,LC4,8,acetylcholine,3,29
59631,Tm2,100485,LC4,8,acetylcholine,12,29
39967,Y12,100485,LC4,8,glutamate,17,0
14209,Li28,100485,LC4,8,gaba,7,1
10158,LT56,100485,LC4,8,glutamate,31,5
532850,Tm3,21313,LC4,8,acetylcholine,13,29
92027,Tm3,21313,LC4,8,acetylcholine,14,29
72194,Tm3,21313,LC4,8,acetylcholine,15,29
70125,T2,21313,LC4,8,acetylcholine,26,22
69015,Tm4,21313,LC4,8,acetylcholine,2,13
68569,Tm4,21313,LC4,8,acetylcholine,3,13
66919,Tm4,21313,LC4,8,acetylcholine,5,23
65542,T2,21313,LC4,8,acetylcholine,19,24
64563,T2,21313,LC4,8,acetylcholine,6,9
64058,T2,21313,LC4,8,acetylcholine,31,27
60231,T2,21313,LC4,8,acetylcholine,0,10
30007,Li15,21313,LC4,8,gaba,15,19
25570,Tlp14,21313,LC4,8,glutamate,16,29
17939,PVLP046,21313,LC4,8,gaba,1,19
16628,LC4,21313,LC4,8,acetylcholine,30,29
159987,Tm3,20808,LC4,7,acetylcholine,17,29
112420,T2,20808,LC4,7,acetylcholine,1,2
105988,Tm4,20808,LC4,7,acetylcholine,18,29
101029,Tm4,20808,LC4,7,acetylcholine,31,15
77189,Tm4,20808,LC4,7,acetylcholine,19,29
74228,Tm3,20808,LC4,7,acetylcholine,20,29
72711,T2,20808,LC4,7,acetylcholine,11,11
71495,T2,20808,LC4,7,acetylcholine,19,22
70607,T2,20808,LC4,7,acetylcholine,23,16
70348,Tm4,20808,LC4,7,acetylcholine,21,29
69980,Tm3,20808,LC4,7,acetylcholine,22,29
68678,T2,20808,LC4,7,acetylcholine,25,31
64700,Tm37,20808,LC4,7,glutamate,23,29
62569,T2,20808,LC4,7,acetylcholine,10,7
62089,Tm3,20808,LC4,7,acetylcholine,14,7
54670,T2,20808,LC4,7,acetylcholine,24,29
52062,Tm2,20808,LC4,7,acetylcholine,25,29
51848,TmY3,20808,LC4,7,acetylcholine,27,4
47727,Tm2,20808,LC4,7,acetylcholine,29,8
46017,Tm2,20808,LC4,7,acetylcholine,8,23
42533,TmY3,20808,LC4,7,acetylcholine,29,1
35684,Y11,20808,LC4,7,glutamate,26,29
32996,Li25,20808,LC4,7,gaba,0,29
18931,TmY19b,20808,LC4,7,gaba,18,27
15468,MeLo8,20808,LC4,7,gaba,8,9
10480,MeVP53,20808,LC4,7,gaba,11,7
95569,Tm5Y,22966,LC4,7,acetylcholine,27,29
89273,Tm3,22966,LC4,7,acetylcholine,28,29
72862,T2,22966,LC4,7,acetylcholine,2,18
70737,TmY3,22966,LC4,7,acetylcholine,5,4
69502,Y13,22966,LC4,7,glutamate,29,29
62401,T2,22966,LC4,7,acetylcholine,18,2
57077,Tm2,22966,LC4,7,acetylcholine,6,3
55558,Tm2,22966,LC4,7,acetylcholine,30,29
52260,Tm2,22966,LC4,7,acetylcholine,31,29
37703,Tlp12,22966,LC4,7,glutamate,29,29
27194,PVLP046,22966,LC4,7,gaba,18,3
26696,TmY19b,22966,LC4,7,gaba,7,4
25169,LPLC1,22966,LC4,7,acetylcholine,0,30
16659,PVLP011,22966,LC4,7,gaba,11,20
15909,Li28,22966,LC4,7,gaba,27,0
542103,Tm4,520449,LC4,7,acetylcholine,1,30
537452,T2,520449,LC4,7,acetylcholine,13,3
535735,Tm2,520449,LC4,7,acetylcholine,2,30
522373,TmY3,520449,LC4,7,acetylcholine,11,16
113202,T2,520449,LC4,7,acetylcholine,18,22
107145,T2,520449,LC4,7,acetylcholine,17,29
105620,T2,520449,LC4,7,acetylcholine,12,16
76068,Tm4,520449,LC4,7,acetylcholine,29,28
70167,Li17,520449,LC4,7,gaba,23,6
61542,TmY3,520449,LC4,7,acetylcholine,16,28
36687,Li25,520449,LC4,7,gaba,3,25
36383,Tm37,520449,LC4,7,glutamate,3,30
33737,Tm37,520449,LC4,7,glutamate,4,30
27194,PVLP046,520449,LC4,7,gaba,18,3
23226,LC4,520449,LC4,7,acetylcholine,1,2
22022,Tm37,520449,LC4,7,glutamate,5,30
19969,TmY19a,520449,LC4,7,gaba,5,29
19454,PVLP024,520449,LC4,7,gaba,3,11
536516,Tm3,511914,LC4,7,acetylcholine,6,30
522373,TmY3,511914,LC4,7,acetylcholine,11,16
518465,Tm4,511914,LC4,7,acetylcholine,0,2
517896,Tm4,511914,LC4,7,acetylcholine,7,30
514158,TmY19a,511914,LC4,7,gaba,8,30
513207,Tm37,511914,LC4,7,glutamate,9,30
512942,TmY3,511914,LC4,7,acetylcholine,12,16
163555,Tm4,511914,LC4,7,acetylcholine,10,30
79143,TmY3,511914,LC4,7,acetylcholine,29,20
74413,Tm4,511914,LC4,7,acetylcholine,11,30
66300,Li14,511914,LC4,7,glutamate,12,30
47429,Tm4,511914,LC4,7,acetylcholine,20,17
44612,Tm4,511914,LC4,7,acetylcholine,1,10
134324,Tm4,17987,LC4,7,acetylcholine,13,30
112796,T2,17987,LC4,7,acetylcholine,14,30
95128,Tm4,17987,LC4,7,acetylcholine,15,30
90482,Tm4,17987,LC4,7,acetylcholine,16,30
70838,Tm3,17987,LC4,7,acetylcholine,17,30
66747,T2,17987,LC4,7,acetylcholine,1,26
53544,Tm2,17987,LC4,7,acetylcholine,18,30
53525,Tm2,17987,LC4,7,acetylcholine,27,26
51189,Tm2,17987,LC4,7,acetylcholine,19,30
47643,Tm2,17987,LC4,7,acetylcholine,20,30
31013,Li25,17987,LC4,7,gaba,6,25
20433,Li13,17987,LC4,7,gaba,9,25
19420,LC4,17987,LC4,7,acetylcholine,28,27
16659,PVLP011,17987,LC4,7,gaba,11,20
575340,Tm4,19543,LC4,7,acetylcholine,21,30
527699,SAD064,19543,LC4,7,acetylcholine,4,13
122273,Tm3,19543,LC4,7,acetylcholine,22,30
82197,Tm4,19543,LC4,7,acetylcholine,23,30
79992,Tm2,19543,LC4,7,acetylcholine,24,30
78653,T2,19543,LC4,7,acetylcholine,29,6
73788,Tm4,19543,LC4,7,acetylcholine,25,30
73400,Tm4,19543,LC4,7,acetylcholine,26,30
70708,T2,19543,LC4,7,acetylcholine,28,18
64855,T2,19543,LC4,7,acetylcholine,12,19
63912,T2,19543,LC4,7,acetylcholine,9,8
62065,Tm2,19543,LC4,7,acetylcholine,27,30
61141,Tm37,19543,LC4,7,glutamate,28,30
57549,Tm2,19543,LC4,7,acetylcholine,28,8
51925,Tm2,19543,LC4,7,acetylcholine,29,30
51243,Tm2,19543,LC4,7,acetylcholine,30,30
49985,Y14,19543,LC4,7,glutamate,31,30
48288,Y12,19543,LC4,7,glutamate,0,31
36053,Y11,19543,LC4,7,glutamate,1,31
32935,MeLo2,19543,LC4,7,acetylcholine,2,31
25584,LC4,19543,LC4,7,acetylcholine,17,12
22305,TmY19b,19543,LC4,7,gaba,22,30
15665,SAD064,19543,LC4,7,acetylcholine,25,24
14079,MeLo8,19543,LC4,7,gaba,30,26
13797,Li29,19543,LC4,7,gaba,8,29
539413,LT56,28945,LC4,7,glutamate,4,14
103988,T2,28945,LC4,7,acetylcholine,7,16
97915,Tm3,28945,LC4,7,acetylcholine,3,31
93458,TmY13,28945,LC4,7,acetylcholine,4,31
81487,Tm4,28945,LC4,7,acetylcholine,3,12
76386,T2,28945,LC4,7,acetylcholine,23,31
75536,T2,28945,LC4,7,acetylcholine,10,4
72004,T2,28945,LC4,7,acetylcholine,12,16
68337,TmY3,28945,LC4,7,acetylcholine,21,19
67457,LPT111,28945,LC4,7,gaba,5,31
62332,Tm2,28945,LC4,7,acetylcholine,6,31
60918,Tm2,28945,LC4,7,acetylcholine,7,31
58376,TmY3,28945,LC4,7,acetylcholine,11,15
40414,Y11,28945,LC4,7,glutamate,8,31
27194,PVLP046,28945,LC4,7,gaba,18,3
25607,PVLP046,28945,LC4,7,gaba,12,3
15073,MeLo8,28945,LC4,7,gaba,15,4
137357,Tm3,19634,LC4,7,acetylcholine,9,31
135189,Tm3,19634,LC4,7,acetylcholine,10,31
123754,Tm4,19634,LC4,7,acetylcholine,18,1
116631,Tm4,19634,LC4,7,acetylcholine,20,26
116094,Tm4,19634,LC4,7,acetylcholine,5,18
115504,Tm4,19634,LC4,7,acetylcholine,11,31
100462,Tm3,19634,LC4,7,acetylcholine,12,31
92481,TmY3,19634,LC4,7,acetylcholine,11,18
92125,T2,19634,LC4,7,acetylcholine,13,31
89431,Tm3,19634,LC4,7,acetylcholine,14,31
86069,T2,19634,LC4,7,acetylcholine,0,27
84996,Tm4,19634,LC4,7,acetylcholine,19,14
83370,Tm4,19634,LC4,7,acetylcholine,15,31
83448,T2,19634,LC4,7,acetylcholine,15,26
82680,Tm4,19634,LC4,7,acetylcholine,1,27
80981,T2,19634,LC4,7,acetylcholine,0,6
75926,T2,19634,LC4,7,acetylcholine,0,9
74164,Tm4,19634,LC4,7,acetylcholine,16,31
68951,TmY3,19634,LC4,7,acetylcholine,21,15
68204,Tm4,19634,LC4,7,acetylcholine,3,29
56440,Tm2,19634,LC4,7,acetylcholine,17,31
32809,MeLo2,19634,LC4,7,acetylcholine,18,31
22945,Li26,19634,LC4,7,gaba,30,19
22847,LC4,19634,LC4,7,acetylcholine,10,6
20917,LC4,19634,LC4,7,acetylcholine,20,26
16140,TmY19a,19634,LC4,7,gaba,16,18
15665,SAD064,19634,LC4,7,acetylcholine,25,24
11689,Li16,19634,LC4,7,glutamate,19,31
11102,PVLP046,19634,LC4,7,gaba,20,4
121179,T3,17548,LC4,7,acetylcholine,20,31
100783,Tm3,17548,LC4,7,acetylcholine,21,31
71931,Tm3,17548,LC4,7,acetylcholine,22,31
69490,Tm4,17548,LC4,7,acetylcholine,23,31
68155,Tm3,17548,LC4,7,acetylcholine,24,31
68140,Tm3,17548,LC4,7,acetylcholine,25,31
64878,T2,17548,LC4,7,acetylcholine,26,31
64666,T2,17548,LC4,7,acetylcholine,27,31
64244,Tm4,17548,LC4,7,acetylcholine,12,29
63544,Tm3,17548,LC4,7,acetylcholine,28,31
63373,Tm4,17548,LC4,7,acetylcholine,29,31
62711,T2,17548,LC4,7,acetylcholine,4,26
62063,Tm39,17548,LC4,7,acetylcholine,30,31
61756,T2,17548,LC4,7,acetylcholine,4,31
61721,T2,17548,LC4,7,acetylcholine,31,31
60914,Tm4,17548,LC4,7,acetylcholine,0,0
57518,T2,17548,LC4,7,acetylcholine,13,5
56006,T2,17548,LC4,7,acetylcholine,13,16
52407,TmY3,17548,LC4,7,acetylcholine,12,26
44780,Tm2,17548,LC4,7,acetylcholine,18,25
36013,Tlp13,17548,LC4,7,glutamate,1,0
34415,Li34a,17548,LC4,7,gaba,2,0
32538,Li25,17548,LC4,7,gaba,3,0
27744,LC9,17548,LC4,7,acetylcholine,3,7
21336,LC4,17548,LC4,7,acetylcholine,14,15
21318,LPLC2,17548,LC4,7,acetylcholine,4,0
19924,CB2664,17548,LC4,7,acetylcholine,30,26
19794,LC4,17548,LC4,7,acetylcholine,31,18
19550,LC4,17548,LC4,7,acetylcholine,10,29
19420,LC4,17548,LC4,7,acetylcholine,28,27
14118,Li30,17548,LC4,7,gaba,19,0
13797,Li29,17548,LC4,7,gaba,8,29
10052,LoVC14,17548,LC4,7,gaba,8,2
542886,Tm4,21721,LC4,7,acetylcholine,5,0
539627,Tm4,21721,LC4,7,acetylcholine,6,0
536419,MeLo2,21721,LC4,7,acetylcholine,7,0
534396,Tm3,21721,LC4,7,acetylcholine,8,0
529234,T2,21721,LC4,7,acetylcholine,9,0
524899,LC4,21721,LC4,7,acetylcholine,14,2
516129,Y11,21721,LC4,7,glutamate,10,0
142564,Tm4,21721,LC4,7,acetylcholine,11,0
138965,Tm3,21721,LC4,7,acetylcholine,12,0
136244,Tm5Y,21721,LC4,7,acetylcholine,13,0
135668,T2,21721,LC4,7,acetylcholine,2,27
124008,T2,21721,LC4,7,acetylcholine,14,0
91241,Tm5Y,21721,LC4,7,acetylcholine,15,0
89288,TmY3,21721,LC4,7,acetylcholine,29,4
84280,Tm4,21721,LC4,7,acetylcholine,16,0
82760,T2,21721,LC4,7,acetylcholine,17,0
64349,TmY3,21721,LC4,7,acetylcholine,7,7
63512,Tm2,21721,LC4,7,acetylcholine,18,0
54547,TmY3,21721,LC4,7,acetylcholine,20,8
38428,LLPC2,21721,LC4,7,acetylcholine,19,0
33910,LPLC1,21721,LC4,7,acetylcholine,20,0
19787,LPLC2,21721,LC4,7,acetylcholine,21,0
16475,PVLP024,21721,LC4,7,gaba,20,7
15666,Li17,21721,LC4,7,gaba,20,8
12225,LoVC15,21721,LC4,7,gaba,28,19
559263,Li25,16917,LC4,7,gaba,17,15
556033,,16917,LC4,7,gaba,22,0
535261,Tm4,16917,LC4,7,acetylcholine,12,17
534883,T2,16917,LC4,7,acetylcholine,18,31
533255,T2,16917,LC4,7,acetylcholine,23,0
524328,T2,16917,LC4,7,acetylcholine,28,9
519737,Tm4,16917,LC4,7,acetylcholine,24,0
518738,TmY3,16917,LC4,7,acetylcholine,18,15
514870,Li25,16917,LC4,7,gaba,2,10
514221,TmY18,16917,LC4,7,acetylcholine,25,0
512812,TmY3,16917,LC4,7,acetylcholine,27,24
163099,TmY18,16917,LC4,7,acetylcholine,26,0
160861,TmY18,16917,LC4,7,acetylcholine,27,0
120878,Tm4,16917,LC4,7,acetylcholine,1,0
80151,T2,16917,LC4,7,acetylcholine,4,8
50189,Y11,16917,LC4,7,glutamate,28,0
49018,Li13,16917,LC4,7,gaba,6,10
32213,Li25,16917,LC4,7,gaba,29,23
25209,LPLC2,16917,LC4,7,acetylcholine,25,18
21002,T2,16917,LC4,7,acetylcholine,8,0
549203,T2,532254,LC4,7,acetylcholine,19,15
547032,Tm2,532254,LC4,7,acetylcholine,29,0
524039,Li15,532254,LC4,7,gaba,12,10
517829,Li15,532254,LC4,7,gaba,25,18
513904,SAD049,532254,LC4,7,acetylcholine,8,14
157463,T2,532254,LC4,7,acetylcholine,30,0
156234,Tm3,532254,LC4,7,acetylcholine,31,0
148113,Tm4,532254,LC4,7,acetylcholine,22,26
144622,T2,532254,LC4,7,acetylcholine,9,24
141875,Tm4,532254,LC4,7,acetylcholine,0,1
119193,Tm4,532254,LC4,7,acetylcholine,6,1
107383,T2,532254,LC4,7,acetylcholine,1,1
105604,T2,532254,LC4,7,acetylcholine,24,14
84099,Tm4,532254,LC4,7,acetylcholine,9,28
78345,Tm2,532254,LC4,7,acetylcholine,2,1
77333,Tm2,532254,LC4,7,acetylcholine,3,1
64047,Tm2,532254,LC4,7,acetylcholine,4,1
62588,Tm2,532254,LC4,7,acetylcholine,5,1
57869,Tm2,532254,LC4,7,acetylcholine,6,1
21900,TmY19a,532254,LC4,7,gaba,6,20
10158,LT56,532254,LC4,7,glutamate,31,5
580668,Tm3,18432,LC4,7,acetylcholine,7,1
531862,LT41,18432,LC4,7,gaba,31,3
529027,Y12,18432,LC4,7,glutamate,13,3
527482,Tm2,18432,LC4,7,acetylcholine,8,1
523971,T2,18432,LC4,7,acetylcholine,9,1
520100,TmY3,18432,LC4,7,acetylcholine,28,18
517369,TmY19a,18432,LC4,7,gaba,10,1
517327,Li15,18432,LC4,7,gaba,15,7
516157,T2,18432,LC4,7,acetylcholine,29,27
512942,TmY3,18432,LC4,7,acetylcholine,12,16
159612,T2,18432,LC4,7,acetylcholine,15,24
80933,TmY3,18432,LC4,7,acetylcholine,23,11
73076,T2,18432,LC4,7,acetylcholine,18,24
72820,T2,18432,LC4,7,acetylcholine,15,6
72036,T2,18432,LC4,7,acetylcholine,15,3
71009,Tm4,18432,LC4,7,acetylcholine,23,6
62210,Tm37,18432,LC4,7,glutamate,30,27
52494,TmY3,18432,LC4,7,acetylcholine,11,24
51705,T2,18432,LC4,7,acetylcholine,18,14
50172,Tm2,18432,LC4,7,acetylcholine,19,24
37793,Y12,18432,LC4,7,glutamate,11,1
35262,LC4,18432,LC4,7,acetylcholine,5,22
27750,LC4,18432,LC4,7,acetylcholine,19,19
23916,Li26,18432,LC4,7,gaba,19,29
16475,PVLP024,18432,LC4,7,gaba,20,7
15091,MeLo8,18432,LC4,7,gaba,6,10
537968,T2,16809,LC4,7,acetylcholine,12,1
533186,Tm4,16809,LC4,7,acetylcholine,11,22
525160,TmY3,16809,LC4,7,acetylcholine,29,28
523013,T2,16809,LC4,7,acetylcholine,8,23
517047,Li25,16809,LC4,7,gaba,13,1
513883,Tm2,16809,LC4,7,acetylcholine,19,21
166516,Li13,16809,LC4,7,gaba,18,28
164171,Tm3,16809,LC4,7,acetylcholine,14,1
77563,Tm2,16809,LC4,7,acetylcholine,15,1
75082,T2,16809,LC4,7,acetylcholine,18,10
38730,LC9,16809,LC4,7,acetylcholine,7,23
36891,T2,16809,LC4,7,acetylcholine,16,1
36522,T2,16809,LC4,7,acetylcholine,17,1
27750,LC4,16809,LC4,7,acetylcholine,19,19
27194,PVLP046,16809,LC4,7,gaba,18,3
19911,LPLC2,16809,LC4,7,acetylcholine,17,1
10158,LT56,16809,LC4,7,glutamate,31,5
80927,Tm3,19954,LC4,7,acetylcholine,18,1
76357,Tm3,19954,LC4,7,acetylcholine,17,17
70670,Tm4,19954,LC4,7,acetylcholine,19,1
68610,T2,19954,LC4,7,acetylcholine,30,17
66141,Tm2,19954,LC4,7,acetylcholine,20,1
65391,Tm4,19954,LC4,7,acetylcholine,21,1
64563,T2,19954,LC4,7,acetylcholine,6,9
61601,T2,19954,LC4,7,acetylcholine,22,8
58703,T2,19954,LC4,7,acetylcholine,6,2
52295,Tm2,19954,LC4,7,acetylcholine,17,31
49088,Tm2,19954,LC4,7,acetylcholine,22,1
48813,Tm2,19954,LC4,7,acetylcholine,22,25
26751,Li26,19954,LC4,7,gaba,24,7
25409,LC9,19954,LC4,7,acetylcholine,31,16
23392,LC4,19954,LC4,7,acetylcholine,7,2
15909,Li28,19954,LC4,7,gaba,27,0
14581,TmY19a,19954,LC4,7,gaba,1,22
131524,T2,17668,LC4,7,acetylcholine,25,0
114870,Tm4,17668,LC4,7,acetylcholine,10,30
112543,Tm3,17668,LC4,7,acetylcholine,23,1
112049,Tm4,17668,LC4,7,acetylcholine,24,1
82234,T2,17668,LC4,7,acetylcholine,3,31
82186,Tm3,17668,LC4,7,acetylcholine,25,1
78915,Tm4,17668,LC4,7,acetylcholine,27,5
76343,Tm3,17668,LC4,7,acetylcholine,24,6
75592,Tm3,17668,LC4,7,acetylcholine,26,1
73748,Tm4,17668,LC4,7,acetylcholine,27,20
65235,T2,17668,LC4,7,acetylcholine,16,15
58735,TmY3,17668,LC4,7,acetylcholine,9,3
55246,Tm2,17668,LC4,7,acetylcholine,27,1
54990,Tm2,17668,LC4,7,acetylcholine,28,1
54770,Tm2,17668,LC4,7,acetylcholine,29,1
40574,Y3,17668,LC4,7,acetylcholine,30,1
35984,Li25,17668,LC4,7,gaba,31,1
27194,PVLP046,17668,LC4,7,gaba,18,3
26304,LC9,17668,LC4,7,acetylcholine,28,0
25607,PVLP046,17668,LC4,7,gaba,12,3
21336,LC4,17668,LC4,7,acetylcholine,14,15
19589,LPLC2,17668,LC4,7,acetylcholine,0,2
19420,LC4,17668,LC4,7,acetylcholine,28,27
16260,Li17,17668,LC4,7,gaba,4,26
16128,LC4,17668,LC4,7,acetylcholine,18,2
542130,Y14,20859,LC4,7,glutamate,1,2
539351,T2,20859,LC4,7,acetylcholine,19,1
535587,Tm4,20859,LC4,7,acetylcholine,2,2
533058,Tm3,20859,LC4,7,acetylcholine,3,2
531279,Tm4,20859,LC4,7,acetylcholine,24,21
529861,TmY15,20859,LC4,7,gaba,4,2
526942,Y12,20859,LC4,7,glutamate,13,5
525307,Tm3,20859,LC4,7,acetylcholine,0,8
517568,Tm4,20859,LC4,7,acetylcholine,1,8
516527,T2,20859,LC4,7,acetylcholine,9,23
514633,Tm37,20859,LC4,7,glutamate,5,2
512121,CB1280,20859,LC4,7,acetylcholine,12,21
511968,T2,20859,LC4,7,acetylcholine,27,16
182145,T2,20859,LC4,7,acetylcholine,24,13
100377,T2,20859,LC4,7,acetylcholine,26,22
81112,LC4,20859,LC4,7,acetylcholine,6,2
79648,T2,20859,LC4,7,acetylcholine,1,1
70497,T2,20859,LC4,7,acetylcholine,15,13
68474,Tm3,20859,LC4,7,acetylcholine,7,2
54223,T2,20859,LC4,7,acetylcholine,8,17
50341,Tm2,20859,LC4,7,acetylcholine,8,2
48213,T2,20859,LC4,7,acetylcholine,15,23
46340,Y14,20859,LC4,7,glutamate,28,21
46212,T2,20859,LC4,7,acetylcholine,20,13
44778,Tlp13,20859,LC4,7,glutamate,19,13
30055,Tm4,20859,LC4,7,acetylcholine,27,1
29023,Y11,20859,LC4,7,glutamate,9,2
25064,T2,20859,LC4,7,acetylcholine,10,17
20577,TmY15,20859,LC4,7,gaba,10,2
18478,LC4,20859,LC4,7,acetylcholine,11,14
16661,Li15,20859,LC4,7,gaba,11,2
15263,Li28,20859,LC4,7,gaba,3,2
527408,LC4,38065,LC4,7,acetylcholine,29,9
118886,T2,38065,LC4,7,acetylcholine,24,9
104686,Tm3,38065,LC4,7,acetylcholine,12,2
83037,Tm4,38065,LC4,7,acetylcholine,28,2
80979,T2,38065,LC4,7,acetylcholine,4,4
79288,T2,38065,LC4,7,acetylcholine,13,2
73580,T2,38065,LC4,7,acetylcholine,21,27
72722,Y14,38065,LC4,7,glutamate,31,27
71063,T2,38065,LC4,7,acetylcholine,11,15
67875,TmY3,38065,LC4,7,acetylcholine,29,6
67802,T2,38065,LC4,7,acetylcholine,7,3
63886,TmY3,38065,LC4,7,acetylcholine,18,26
62954,T2,38065,LC4,7,acetylcholine,3,10
58916,TmY3,38065,LC4,7,acetylcholine,4,8
56741,Tm2,38065,LC4,7,acetylcholine,14,2
53047,Tm2,38065,LC4,7,acetylcholine,15,2
48560,Tlp13,38065,LC4,7,glutamate,16,2
37494,Y11,38065,LC4,7,glutamate,17,2
33474,SAD049,38065,LC4,7,acetylcholine,24,18
31262,LC4,38065,LC4,7,acetylcholine,20,18
25607,PVLP046,38065,LC4,7,gaba,12,3
22560,Li26,38065,LC4,7,gaba,18,2
21313,LC4,38065,LC4,7,acetylcholine,17,25
18689,TmY19a,38065,LC4,7,gaba,19,2
520221,TmY3,27829,LC4,7,acetylcholine,9,7
518016,LC4,27829,LC4,7,acetylcholine,11,9
516158,Tm5Y,27829,LC4,7,acetylcholine,20,2
105250,T2,27829,LC4,7,acetylcholine,7,4
82658,Tm3,27829,LC4,7,acetylcholine,21,2
80041,Tm4,27829,LC4,7,acetylcholine,22,2
74854,T2,27829,LC4,7,acetylcholine,23,2
63620,Tm37,27829,LC4,7,glutamate,24,2
60580,Tlp12,27829,LC4,7,glutamate,20,12
49610,Tm2,27829,LC4,7,acetylcholine,24,6
35616,LC4,27829,LC4,7,acetylcholine,25,2
26639,Tm3,27829,LC4,7,acetylcholine,26,2
24308,LPLC2,27829,LC4,7,acetylcholine,27,2
24279,Tlp13,27829,LC4,7,glutamate,28,2
23650,T2,27829,LC4,7,acetylcholine,20,10
23472,TmY19b,27829,LC4,7,gaba,20,0
22330,Tm2,27829,LC4,7,acetylcholine,29,2
16475,PVLP024,27829,LC4,7,gaba,20,7
14888,LC4,27829,LC4,7,acetylcholine,28,25
539413,LT56,17926,LC4,7,glutamate,4,14
100671,Tm4,17926,LC4,7,acetylcholine,30,2
78638,Tm2,17926,LC4,7,acetylcholine,31,2
72381,Tm4,17926,LC4,7,acetylcholine,5,9
68983,Tm3,17926,LC4,7,acetylcholine,0,3
65280,T2,17926,LC4,7,acetylcholine,3,26
62856,T2,17926,LC4,7,acetylcholine,8,9
62283,Tm4,17926,LC4,7,acetylcholine,24,0
61637,T2,17926,LC4,7,acetylcholine,18,13
61197,T2,17926,LC4,7,acetylcholine,31,29
52761,Tm2,17926,LC4,7,acetylcholine,10,26
49364,Tm2,17926,LC4,7,acetylcholine,1,3
48259,Tm2,17926,LC4,7,acetylcholine,7,9
46477,Y14,17926,LC4,7,glutamate,2,3
45057,Tm2,17926,LC4,7,acetylcholine,2,30
43154,LLPC2,17926,LC4,7,acetylcholine,3,3
42640,TmY13,17926,LC4,7,acetylcholine,4,3
40002,Tlp12,17926,LC4,7,glutamate,5,3
25083,Tlp14,17926,LC4,7,glutamate,6,3
23265,LC9,17926,LC4,7,acetylcholine,22,17
20508,LPLC1,17926,LC4,7,acetylcholine,22,13
19420,LC4,17926,LC4,7,acetylcholine,28,27
17668,LC4,17926,LC4,7,acetylcholine,3,5
14581,TmY19a,17926,LC4,7,gaba,1,22
12237,SAD055,17926,LC4,7,acetylcholine,24,31
11378,CB1280,17926,LC4,7,acetylcholine,29,16
142261,Tm4,31262,LC4,7,acetylcholine,7,3
103877,Tm4,31262,LC4,7,acetylcholine,8,3
101264,Tm4,31262,LC4,7,acetylcholine,9,3
98962,T2,31262,LC4,7,acetylcholine,10,3
95709,Tm2,31262,LC4,7,acetylcholine,11,3
91453,Tm4,31262,LC4,7,acetylcholine,19,17
90005,Tm4,31262,LC4,7,acetylcholine,12,3
86067,T2,31262,LC4,7,acetylcholine,13,3
85098,T2,31262,LC4,7,acetylcholine,25,19
81874,T2,31262,LC4,7,acetylcholine,3,5
81393,T2,31262,LC4,7,acetylcholine,21,21
79667,Tm3,31262,LC4,7,acetylcholine,23,25
77437,Tm3,31262,LC4,7,acetylcholine,14,3
75665,T2,31262,LC4,7,acetylcholine,8,25
72706,Tm2,31262,LC4,7,acetylcholine,15,3
69585,Tm2,31262,LC4,7,acetylcholine,16,3
68242,TmY3,31262,LC4,7,acetylcholine,18,10
66434,TmY3,31262,LC4,7,acetylcholine,12,22
30480,LC4,31262,LC4,7,acetylcholine,9,24
13850,Li29,31262,LC4,7,gaba,28,11
527231,Tm3,23226,LC4,7,acetylcholine,17,3
525908,Tm4,23226,LC4,7,acetylcholine,26,19
524345,Y3,23226,LC4,7,acetylcholine,18,3
517036,T2,23226,LC4,7,acetylcholine,31,0
514455,TmY3,23226,LC4,7,acetylcholine,15,14
149695,T2,23226,LC4,7,acetylcholine,23,9
138473,Tm3,23226,LC4,7,acetylcholine,19,3
136742,T2,23226,LC4,7,acetylcholine,11,29
130246,T2,23226,LC4,7,acetylcholine,20,3
121212,Tm4,23226,LC4,7,acetylcholine,0,7
118062,TmY18,23226,LC4,7,acetylcholine,21,3
112556,Li14,23226,LC4,7,glutamate,22,3
86047,Tm4,23226,LC4,7,acetylcholine,23,3
83055,Tm2,23226,LC4,7,acetylcholine,24,3
77817,T2,23226,LC4,7,acetylcholine,25,3
22257,PVLP046,23226,LC4,7,gaba,16,12
20434,PVLP046,23226,LC4,7,gaba,0,21
17478,LC4,23226,LC4,7,acetylcholine,0,10
16475,PVLP024,23226,LC4,7,gaba,20,7
14452,MeLo8,23226,LC4,7,gaba,21,20
13308,Li29,23226,LC4,7,gaba,14,19
12242,SAD055,23226,LC4,7,acetylcholine,22,8
537843,Tm4,518983,LC4,7,acetylcholine,26,3
533330,Tm4,518983,LC4,7,acetylcholine,27,3
530743,T2,518983,LC4,7,acetylcholine,18,23
529360,TmY3,518983,LC4,7,acetylcholine,2,22
524675,Tm4,518983,LC4,7,acetylcholine,28,3
524343,MeLo8,518983,LC4,7,gaba,5,1
520449,LC4,518983,LC4,7,acetylcholine,0,2
520330,MeLo8,518983,LC4,7,gaba,20,16
513770,MeLo8,518983,LC4,7,gaba,2,11
129943,T2,518983,LC4,7,acetylcholine,29,3
119883,T2,518983,LC4,7,acetylcholine,30,3
81112,LC4,518983,LC4,7,acetylcholine,6,2
70726,Tm3,518983,LC4,7,acetylcholine,31,3
60076,Tm2,518983,LC4,7,acetylcholine,0,4
60052,Tm37,518983,LC4,7,glutamate,20,22
43685,Tm5Y,518983,LC4,7,acetylcholine,1,4
40345,T2,518983,LC4,7,acetylcholine,2,4
28616,Tm2,518983,LC4,7,acetylcholine,3,4
17163,Tlp14,518983,LC4,7,glutamate,4,4
12824,LC4,518983,LC4,7,acetylcholine,9,24
12384,LPLC2,518983,LC4,7,acetylcholine,5,4
10074,PVLP010,518983,LC4,7,glutamate,6,4
555737,Tm2,12349,LC4,7,acetylcholine,7,4
552621,T2,12349,LC4,7,acetylcholine,15,10
544029,T2,12349,LC4,7,acetylcholine,8,4
539796,Tm2,12349,LC4,7,acetylcholine,9,4
531862,LT41,12349,LC4,7,gaba,31,3
531355,Tm3,12349,LC4,7,acetylcholine,10,4
520569,TmY3,12349,LC4,7,acetylcholine,1,22
520295,Tm4,12349,LC4,7,acetylcholine,11,4
519957,T2,12349,LC4,7,acetylcholine,12,4
515152,T2,12349,LC4,7,acetylcholine,7,18
515067,TmY19a,12349,LC4,7,gaba,13,4
129196,T2,12349,LC4,7,acetylcholine,26,8
120368,Tm3,12349,LC4,7,acetylcholine,14,4
114111,Tm4,12349,LC4,7,acetylcholine,15,4
104740,T2,12349,LC4,7,acetylcholine,16,4
92437,Tm3,12349,LC4,7,acetylcholine,17,4
77614,LC4,12349,LC4,7,acetylcholine,20,31
75082,T2,12349,LC4,7,acetylcholine,18,10
74652,TmY3,12349,LC4,7,acetylcholine,29,23
63609,TmY3,12349,LC4,7,acetylcholine,16,23
58977,Tm4,12349,LC4,7,acetylcholine,18,4
33348,Li14,12349,LC4,7,glutamate,19,4
33137,LC4,12349,LC4,7,acetylcholine,22,15
29432,TmY19a,12349,LC4,7,gaba,20,4
25286,LPLC2,12349,LC4,7,acetylcholine,1,18
24832,T2,12349,LC4,7,acetylcholine,21,4
23583,Tlp12,12349,LC4,7,glutamate,22,4
19855,LPLC1,12349,LC4,7,acetylcholine,23,4
17315,Li30,12349,LC4,7,gaba,27,1
13846,Li29,12349,LC4,7,gaba,23,21
13308,Li29,12349,LC4,7,gaba,14,19
105460,Tm4,23098,LC4,7,acetylcholine,4,23
96022,Tm4,23098,LC4,7,acetylcholine,31,16
88951,Tm3,23098,LC4,7,acetylcholine,26,27
76020,Tm2,23098,LC4,7,acetylcholine,24,4
68933,Tm3,23098,LC4,7,acetylcholine,25,4
61968,T2,23098,LC4,7,acetylcholine,23,22
58709,Tm37,23098,LC4,7,glutamate,26,4
51963,TmY3,23098,LC4,7,acetylcholine,14,8
48475,TmY3,23098,LC4,7,acetylcholine,3,0
48187,Tm2,23098,LC4,7,acetylcholine,0,11
43643,Y14,23098,LC4,7,glutamate,27,4
22139,LC9,23098,LC4,7,acetylcholine,21,27
21151,LC4,23098,LC4,7,acetylcholine,16,21
18127,LC4,23098,LC4,7,acetylcholine,31,30
15909,Li28,23098,LC4,7,gaba,27,0
14709,MeLo8,23098,LC4,7,gaba,17,13
13376,Li30,23098,LC4,7,gaba,10,0
12638,MeLo8,23098,LC4,7,gaba,11,1
557955,Tlp12,17478,LC4,7,glutamate,28,4
542758,Tm3,17478,LC4,7,acetylcholine,29,4
542245,Tm4,17478,LC4,7,acetylcholine,5,31
527472,TmY15,17478,LC4,7,gaba,30,4
526286,LC4,17478,LC4,7,acetylcholine,2,21
514832,Tm4,17478,LC4,7,acetylcholine,31,4
453413,Tm4,17478,LC4,7,acetylcholine,0,5
145532,Tm4,17478,LC4,7,acetylcholine,1,5
127079,Tm4,17478,LC4,7,acetylcholine,2,5
116862,T2,17478,LC4,7,acetylcholine,3,5
77366,Tm3,17478,LC4,7,acetylcholine,4,5
63018,Tm4,17478,LC4,7,acetylcholine,28,17
48534,Tm3,17478,LC4,7,acetylcholine,5,5
47054,Tm3,17478,LC4,7,acetylcholine,6,5
46828,T2,17478,LC4,7,acetylcholine,31,23
23226,LC4,17478,LC4,7,acetylcholine,1,2
23202,LC4,17478,LC4,7,acetylcholine,10,14
17270,LC4,17478,LC4,7,acetylcholine,20,31
581358,T2,34845,LC4,7,acetylcholine,6,11
531550,T2,34845,LC4,7,acetylcholine,24,23
515170,T2,34845,LC4,7,acetylcholine,13,22
166516,Li13,34845,LC4,7,gaba,18,28
123656,T2,34845,LC4,7,acetylcholine,7,5
99224,TmY3,34845,LC4,7,acetylcholine,27,8
72906,T2,34845,LC4,7,acetylcholine,25,16
70675,T2,34845,LC4,7,acetylcholine,2,29
57912,Tm4,34845,LC4,7,acetylcholine,31,6
43542,TmY3,34845,LC4,7,acetylcholine,25,23
18413,Li17,34845,LC4,7,gaba,9,8
17375,SAD064,34845,LC4,7,acetylcholine,21,29
16475,PVLP024,34845,LC4,7,gaba,20,7
15018,LC4,34845,LC4,7,acetylcholine,8,4
11102,PVLP046,34845,LC4,7,gaba,20,4
558339,T2,17653,LC4,7,acetylcholine,8,5
542051,T2,17653,LC4,7,acetylcholine,0,21
534514,T2,17653,LC4,7,acetylcholine,24,1
533280,Tm2,17653,LC4,7,acetylcholine,9,5
529674,LLPC2,17653,LC4,7,acetylcholine,10,5
524899,LC4,17653,LC4,7,acetylcholine,14,2
524037,MeLo8,17653,LC4,7,gaba,28,0
523564,PVLP011,17653,LC4,7,gaba,14,16
520357,Tm2,17653,LC4,7,acetylcholine,11,5
520075,Tm2,17653,LC4,7,acetylcholine,12,5
519279,Tm3,17653,LC4,7,acetylcholine,14,5
518973,Tm3,17653,LC4,7,acetylcholine,13,5
518939,Li25,17653,LC4,7,gaba,8,24
517363,T2,17653,LC4,7,acetylcholine,15,5
511895,T2,17653,LC4,7,acetylcholine,16,14
132988,Tm37,17653,LC4,7,glutamate,14,5
65253,Tm4,17653,LC4,7,acetylcholine,2,25
48213,T2,17653,LC4,7,acetylcholine,15,23
47424,Tm2,17653,LC4,7,acetylcholine,15,5
45365,Tlp13,17653,LC4,7,glutamate,16,5
45174,LLPC2,17653,LC4,7,acetylcholine,17,5
24747,TmY3,17653,LC4,7,acetylcholine,24,19
21721,LC4,17653,LC4,7,acetylcholine,27,21
21319,Tm4,17653,LC4,7,acetylcholine,25,5
20440,LC4,17653,LC4,7,acetylcholine,17,4
18936,LPLC2,17653,LC4,7,acetylcholine,18,5
18432,LC4,17653,LC4,7,acetylcholine,1,24
17315,Li30,17653,LC4,7,gaba,27,1
539837,Tm4,20440,LC4,7,acetylcholine,19,5
534263,Tm4,20440,LC4,7,acetylcholine,30,6
533129,LC4,20440,LC4,7,acetylcholine,2,22
515477,Tm3,20440,LC4,7,acetylcholine,20,5
165651,Tm4,20440,LC4,7,acetylcholine,27,29
138473,Tm3,20440,LC4,7,acetylcholine,19,3
136612,Tm3,20440,LC4,7,acetylcholine,21,5
104798,TmY18,20440,LC4,7,acetylcholine,22,5
104314,T2,20440,LC4,7,acetylcholine,23,5
85277,Tm4,20440,LC4,7,acetylcholine,9,12
71412,Tm5Y,20440,LC4,7,acetylcholine,24,5
25607,PVLP046,20440,LC4,7,gaba,12,3
13846,Li29,20440,LC4,7,gaba,23,21
12331,MeLo8,20440,LC4,7,gaba,8,2
539268,Tm2,17340,LC4,7,acetylcholine,25,5
538983,Tm2,17340,LC4,7,acetylcholine,26,5
533138,T2,17340,LC4,7,acetylcholine,27,1
518622,Tm3,17340,LC4,7,acetylcholine,27,5
515174,TmY3,17340,LC4,7,acetylcholine,18,29
139634,Tm3,17340,LC4,7,acetylcholine,28,5
137190,Tm3,17340,LC4,7,acetylcholine,31,6
131128,T2,17340,LC4,7,acetylcholine,29,5
98264,Tm4,17340,LC4,7,acetylcholine,30,5
94880,Tm3,17340,LC4,7,acetylcholine,31,5
82686,T2,17340,LC4,7,acetylcholine,13,16
61658,TmY3,17340,LC4,7,acetylcholine,4,15
41068,T2,17340,LC4,7,acetylcholine,17,12
37210,Li25,17340,LC4,7,gaba,25,26
26468,Tm3,17340,LC4,7,acetylcholine,0,6
24523,LC4,17340,LC4,7,acetylcholine,30,17
19969,TmY19a,17340,LC4,7,gaba,5,29
12196,Li29,17340,LC4,7,gaba,28,22
116356,Tm4,22975,LC4,7,acetylcholine,22,5
98410,Tm3,22975,LC4,7,acetylcholine,1,6
94093,Tm4,22975,LC4,7,acetylcholine,2,6
89182,Tm3,22975,LC4,7,acetylcholine,3,6
81870,Tm3,22975,LC4,7,acetylcholine,4,6
81393,T2,22975,LC4,7,acetylcholine,21,21
80170,Tm4,22975,LC4,7,acetylcholine,13,22
75553,Tm4,22975,LC4,7,acetylcholine,23,21
70170,Tm4,22975,LC4,7,acetylcholine,5,6
68858,T2,22975,LC4,7,acetylcholine,0,7
66859,Tm4,22975,LC4,7,acetylcholine,21,22
66538,T2,22975,LC4,7,acetylcholine,24,16
65727,T2,22975,LC4,7,acetylcholine,0,28
65312,T2,22975,LC4,7,acetylcholine,8,0
63498,Tm2,22975,LC4,7,acetylcholine,3,18
59346,TmY3,22975,LC4,7,acetylcholine,10,19
58527,TmY3,22975,LC4,7,acetylcholine,11,17
57540,Tm2,22975,LC4,7,acetylcholine,6,6
55497,Tm2,22975,LC4,7,acetylcholine,7,6
50248,Tm2,22975,LC4,7,acetylcholine,22,27
37466,Y12,22975,LC4,7,glutamate,8,6
30803,LC4,22975,LC4,7,acetylcholine,2,24
537081,Tm2,24523,LC4,7,acetylcholine,9,6
535401,T2,24523,LC4,7,acetylcholine,26,28
534258,Tm4,24523,LC4,7,acetylcholine,30,15
532130,Tm2,24523,LC4,7,acetylcholine,10,6
531010,TmY3,24523,LC4,7,acetylcholine,27,2
530481,Tm37,24523,LC4,7,glutamate,11,6
523564,PVLP011,24523,LC4,7,gaba,14,16
515812,T2,24523,LC4,7,acetylcholine,31,9
140974,LC9,24523,LC4,7,acetylcholine,17,14
118296,T2,24523,LC4,7,acetylcholine,3,10
93329,TmY3,24523,LC4,7,acetylcholine,3,22
68085,Tm3,24523,LC4,7,acetylcholine,12,6
65935,Tm4,24523,LC4,7,acetylcholine,3,29
62140,LLPC2,24523,LC4,7,acetylcholine,13,6
52251,Tm2,24523,LC4,7,acetylcholine,14,6
49403,Tm2,24523,LC4,7,acetylcholine,29,28
48623,TmY3,24523,LC4,7,acetylcholine,1,23
46878,Tm4,24523,LC4,7,acetylcholine,0,3
41133,Tlp12,24523,LC4,7,glutamate,15,6
36383,Tm37,24523,LC4,7,glutamate,3,30
32973,Li25,24523,LC4,7,gaba,16,6
31409,Li26,24523,LC4,7,gaba,3,17
24605,LPLC2,24523,LC4,7,acetylcholine,17,6
21896,TmY15,24523,LC4,7,gaba,18,6
17340,LC4,24523,LC4,7,acetylcholine,30,27
12836,T2,24523,LC4,7,acetylcholine,30,30
557763,Tm3,20967,LC4,7,acetylcholine,25,27
547451,Tm4,20967,LC4,7,acetylcholine,17,8
536216,Tm4,20967,LC4,7,acetylcholine,19,6
531446,Y11,20967,LC4,7,glutamate,20,6
530994,T2,20967,LC4,7,acetylcholine,27,27
525246,Tm37,20967,LC4,7,glutamate,21,6
515812,T2,20967,LC4,7,acetylcholine,31,9
513674,Tm39,20967,LC4,7,acetylcholine,22,6
105713,T2,20967,LC4,7,acetylcholine,27,21
102103,T2,20967,LC4,7,acetylcholine,19,17
72072,Tm4,20967,LC4,7,acetylcholine,20,13
63439,Tm4,20967,LC4,7,acetylcholine,26,12
62568,Tm4,20967,LC4,7,acetylcholine,25,13
52541,Tm2,20967,LC4,7,acetylcholine,23,6
34964,Tm2,20967,LC4,7,acetylcholine,24,6
33565,Tm4,20967,LC4,7,acetylcholine,18,7
27637,Y12,20967,LC4,7,glutamate,25,6
21684,LPLC1,20967,LC4,7,acetylcholine,26,6
14888,LC4,20967,LC4,7,acetylcholine,28,25
541600,T2,35616,LC4,7,acetylcholine,27,6
535868,T2,35616,LC4,7,acetylcholine,28,6
93399,Tm3,35616,LC4,7,acetylcholine,29,6
73286,T2,35616,LC4,7,acetylcholine,30,6
71499,Tm4,35616,LC4,7,acetylcholine,13,10
48172,Y14,35616,LC4,7,glutamate,31,6
43103,TmY3,35616,LC4,7,acetylcholine,14,17
28802,Li26,35616,LC4,7,gaba,0,20
18478,LC4,35616,LC4,7,acetylcholine,11,14
17375,SAD064,35616,LC4,7,acetylcholine,21,29
15182,Li17,35616,LC4,7,gaba,17,1
575913,MeLo2,535341,LC4,7,acetylcholine,0,7
539076,Tm4,535341,LC4,7,acetylcholine,1,7
535974,PLP190,535341,LC4,7,acetylcholine,25,17
531373,Tm4,535341,LC4,7,acetylcholine,17,18
524867,Tm3,535341,LC4,7,acetylcholine,2,7
521137,TmY3,535341,LC4,7,acetylcholine,13,2
518216,Tm4,535341,LC4,7,acetylcholine,3,7
517322,T2,535341,LC4,7,acetylcholine,25,20
515748,Li25,535341,LC4,7,gaba,4,7
512494,TmY19b,535341,LC4,7,gaba,9,27
79123,TmY3,535341,LC4,7,acetylcholine,10,23
77896,Tm4,535341,LC4,7,acetylcholine,9,18
77622,T2,535341,LC4,7,acetylcholine,1,31
76798,T2,535341,LC4,7,acetylcholine,7,0
74883,Tm3,535341,LC4,7,acetylcholine,5,7
48062,Tlp12,535341,LC4,7,glutamate,24,5
45864,Tlp13,535341,LC4,7,glutamate,20,24
15253,LPLC1,535341,LC4,7,acetylcholine,6,7
526304,Tm3,512366,LC4,7,acetylcholine,7,7
517576,T2,512366,LC4,7,acetylcholine,8,7
181775,T2,512366,LC4,7,acetylcholine,9,7
153594,T2,512366,LC4,7,acetylcholine,0,29
119337,Tm2,512366,LC4,7,acetylcholine,10,7
115308,T2,512366,LC4,7,acetylcholine,8,7
77563,Tm2,512366,LC4,7,acetylcholine,15,1
45185,Tm4,512366,LC4,7,acetylcholine,10,18
31429,LC4,512366,LC4,7,acetylcholine,11,7
27786,TmY19b,512366,LC4,7,gaba,8,22
25743,TmY19b,512366,LC4,7,gaba,17,9
20434,PVLP046,512366,LC4,7,gaba,0,21
17375,SAD064,512366,LC4,7,acetylcholine,21,29
125958,Tm4,30480,LC4,7,acetylcholine,3,20
111573,T2,30480,LC4,7,acetylcholine,24,14
105774,T2,30480,LC4,7,acetylcholine,13,6
99912,Tm3,30480,LC4,7,acetylcholine,12,7
99874,Tm4,30480,LC4,7,acetylcholine,25,14
99808,Tm2,30480,LC4,7,acetylcholine,13,7
94779,Tm2,30480,LC4,7,acetylcholine,14,7
92802,Tm4,30480,LC4,7,acetylcholine,6,9
89917,Tm3,30480,LC4,7,acetylcholine,15,7
88727,Tm4,30480,LC4,7,acetylcholine,16,7
86542,Tm2,30480,LC4,7,acetylcholine,17,7
84656,Tm3,30480,LC4,7,acetylcholine,18,7
84116,Tm3,30480,LC4,7,acetylcholine,19,7
76503,Tm4,30480,LC4,7,acetylcholine,20,7
75536,T2,30480,LC4,7,acetylcholine,10,4
65560,Tm2,30480,LC4,7,acetylcholine,21,7
60677,Tm2,30480,LC4,7,acetylcholine,22,7
55071,TmY3,30480,LC4,7,acetylcholine,15,13
53916,Tlp12,30480,LC4,7,glutamate,23,7
38539,MeLo2,30480,LC4,7,acetylcholine,9,19
36566,TmY15,30480,LC4,7,gaba,24,7
29845,Tlp14,30480,LC4,7,glutamate,9,14
23929,LC4,30480,LC4,7,acetylcholine,9,25
20434,PVLP046,30480,LC4,7,gaba,0,21
19908,TmY19b,30480,LC4,7,gaba,18,5
15073,MeLo8,30480,LC4,7,gaba,15,4
939925,Tm2,31301,LC4,7,acetylcholine,25,7
544387,Y14,31301,LC4,7,glutamate,26,7
540281,Tm2,31301,LC4,7,acetylcholine,27,7
535218,Tm4,31301,LC4,7,acetylcholine,28,7
534634,TmY3,31301,LC4,7,acetylcholine,27,27
517369,TmY19a,31301,LC4,7,gaba,10,1
515792,T2,31301,LC4,7,acetylcholine,3,25
512366,LC4,31301,LC4,7,acetylcholine,6,7
157664,T2,31301,LC4,7,acetylcholine,0,26
93849,Tm2,31301,LC4,7,acetylcholine,29,7
53347,T2,31301,LC4,7,acetylcholine,23,19
43199,TmY3,31301,LC4,7,acetylcholine,15,4
42571,Tm4,31301,LC4,7,acetylcholine,30,7
27750,LC4,31301,LC4,7,acetylcholine,19,19
20437,T2,31301,LC4,7,acetylcholine,1,3
15263,Li28,31301,LC4,7,gaba,3,2
15091,MeLo8,31301,LC4,7,gaba,6,10
12196,Li29,31301,LC4,7,gaba,28,22
537145,Tm2,512705,LC4,7,acetylcholine,12,27
519899,LoVC15,512705,LC4,7,gaba,16,19
518730,LC4,512705,LC4,7,acetylcholine,22,23
516376,TmY3,512705,LC4,7,acetylcholine,6,24
515476,LC4,512705,LC4,7,acetylcholine,2,20
82926,TmY3,512705,LC4,7,acetylcholine,23,6
74194,Tm2,512705,LC4,7,acetylcholine,31,7
73190,Tm4,512705,LC4,7,acetylcholine,8,10
64533,T2,512705,LC4,7,acetylcholine,23,14
51502,Tm2,512705,LC4,7,acetylcholine,0,8
49810,TmY3,512705,LC4,7,acetylcholine,10,3
24523,LC4,512705,LC4,7,acetylcholine,30,17
20859,LC4,512705,LC4,7,acetylcholine,5,26
20214,TmY3,512705,LC4,7,acetylcholine,19,8
18310,T2,512705,LC4,7,acetylcholine,1,8
17375,SAD064,512705,LC4,7,acetylcholine,21,29
16680,TmY19a,512705,LC4,7,gaba,27,23
14535,LPLC1,512705,LC4,7,acetylcholine,1,20
11102,PVLP046,512705,LC4,7,gaba,20,4
120487,Tm4,22034,LC4,7,acetylcholine,27,19
116683,TmY18,22034,LC4,7,acetylcholine,2,8
98031,TmY18,22034,LC4,7,acetylcholine,3,8
91495,Tm4,22034,LC4,7,acetylcholine,4,8
87756,Tm3,22034,LC4,7,acetylcholine,5,8
86323,Tm4,22034,LC4,7,acetylcholine,21,31
81462,T2,22034,LC4,7,acetylcholine,6,8
81152,T2,22034,LC4,7,acetylcholine,13,19
79443,Tm37,22034,LC4,7,glutamate,7,8
79189,T2,22034,LC4,7,acetylcholine,29,1
75797,T2,22034,LC4,7,acetylcholine,30,5
73301,Tm3,22034,LC4,7,acetylcholine,22,7
71495,T2,22034,LC4,7,acetylcholine,19,22
70114,T2,22034,LC4,7,acetylcholine,14,6
62331,Tm2,22034,LC4,7,acetylcholine,8,8
43948,MeLo2,22034,LC4,7,acetylcholine,9,8
41181,Y11,22034,LC4,7,glutamate,10,8
28652,LC9,22034,LC4,7,acetylcholine,24,31
24425,Tlp14,22034,LC4,7,glutamate,11,8
21336,LC4,22034,LC4,7,acetylcholine,14,15
16861,TmY19b,22034,LC4,7,gaba,9,21
16545,Li28,22034,LC4,7,gaba,30,0
16475,PVLP024,22034,LC4,7,gaba,20,7
16033,Li28,22034,LC4,7,gaba,6,0
545735,T2,515476,LC4,7,acetylcholine,5,10
543979,Tm2,515476,LC4,7,acetylcholine,12,8
535325,Tm5Y,515476,LC4,7,acetylcholine,13,8
523850,TmY19a,515476,LC4,7,gaba,7,29
523564,PVLP011,515476,LC4,7,gaba,14,16
517829,Li15,515476,LC4,7,gaba,25,18
516780,Tm4,515476,LC4,7,acetylcholine,14,8
514956,LC4,515476,LC4,7,acetylcholine,9,11
514407,Li29,515476,LC4,7,gaba,1,23
162164,Y14,515476,LC4,7,glutamate,15,8
161958,T2,515476,LC4,7,acetylcholine,22,16
136742,T2,515476,LC4,7,acetylcholine,11,29
121661,T2,515476,LC4,7,acetylcholine,16,8
102507,Tlp12,515476,LC4,7,glutamate,17,8
56235,Tm2,515476,LC4,7,acetylcholine,18,8
45249,Tm4,515476,LC4,7,acetylcholine,15,24
41230,Y11,515476,LC4,7,glutamate,19,8
31429,LC4,515476,LC4,7,acetylcholine,11,7
27750,LC4,515476,LC4,7,acetylcholine,19,19
16459,PVLP024,515476,LC4,7,gaba,5,15
13813,MeLo8,515476,LC4,7,gaba,2,20
547705,T2,30803,LC4,7,acetylcholine,21,31
119014,T2,30803,LC4,7,unclear,20,8
105840,Tm4,30803,LC4,7,acetylcholine,13,27
105568,Tm2,30803,LC4,7,acetylcholine,21,8
95329,Tm3,30803,LC4,7,acetylcholine,24,10
93097,Tm5Y,30803,LC4,7,acetylcholine,22,8
92791,Tm4,30803,LC4,7,acetylcholine,27,3
91257,Tm3,30803,LC4,7,acetylcholine,23,8
89468,Tm3,30803,LC4,7,acetylcholine,24,8
88194,Tm5Y,30803,LC4,7,acetylcholine,25,8
86039,Tm4,30803,LC4,7,acetylcholine,26,8
74446,Tm4,30803,LC4,7,acetylcholine,24,20
69944,Tm2,30803,LC4,7,acetylcholine,27,8
65774,T2,30803,LC4,7,acetylcholine,24,28
65614,Tm2,30803,LC4,7,acetylcholine,28,8
45527,TmY15,30803,LC4,7,gaba,29,8
42435,TmY15,30803,LC4,7,gaba,30,8
40691,MeLo2,30803,LC4,7,acetylcholine,31,8
29529,LPLC1,30803,LC4,7,acetylcholine,0,9
20282,LC4,30803,LC4,7,acetylcholine,27,21
19908,TmY19b,30803,LC4,7,gaba,18,5
13405,CB4179,30803,LC4,7,gaba,11,17
542886,Tm4,524899,LC4,7,acetylcholine,5,0
537432,T2,524899,LC4,7,acetylcholine,22,21
537008,TmY3,524899,LC4,7,acetylcholine,20,5
533173,MeLo2,524899,LC4,7,acetylcholine,1,9
532292,Tm4,524899,LC4,7,acetylcholine,5,11
523479,MeLo8,524899,LC4,7,gaba,0,8
517829,Li15,524899,LC4,7,gaba,25,18
514682,Tm4,524899,LC4,7,acetylcholine,12,21
513963,Y11,524899,LC4,7,glutamate,2,9
168045,TmY18,524899,LC4,7,acetylcholine,3,9
138886,Tm4,524899,LC4,7,acetylcholine,4,9
134111,Tm37,524899,LC4,7,glutamate,5,9
111427,Tm3,524899,LC4,7,acetylcholine,6,9
101846,T2,524899,LC4,7,acetylcholine,7,9
90570,Tm4,524899,LC4,7,acetylcholine,28,21
64755,Tm2,524899,LC4,7,acetylcholine,8,9
62780,Tm2,524899,LC4,7,acetylcholine,9,9
51542,TmY3,524899,LC4,7,acetylcholine,19,9
49741,Tm2,524899,LC4,7,acetylcholine,10,9
35057,MeLo12,524899,LC4,7,glutamate,11,9
32290,LPLC1,524899,LC4,7,acetylcholine,6,2
31301,LC4,524899,LC4,7,acetylcholine,12,9
28980,LC4,524899,LC4,7,acetylcholine,13,9
20976,LC4,524899,LC4,7,acetylcholine,7,8
17270,LC4,524899,LC4,7,acetylcholine,20,31
16475,PVLP024,524899,LC4,7,gaba,20,7
14108,TmY19a,524899,LC4,7,gaba,25,12
12680,TmY19a,524899,LC4,7,gaba,9,9
12196,Li29,524899,LC4,7,gaba,28,22
521610,Li25,32597,LC4,7,gaba,1,27
153961,TmY18,32597,LC4,7,acetylcholine,14,9
149537,T2,32597,LC4,7,acetylcholine,6,14
143403,Tm3,32597,LC4,7,acetylcholine,15,9
141828,T2,32597,LC4,7,acetylcholine,22,26
135317,Tm4,32597,LC4,7,acetylcholine,27,18
106954,TmY3,32597,LC4,7,acetylcholine,11,24
86463,Tm4,32597,LC4,7,acetylcholine,16,9
85466,Tm4,32597,LC4,7,acetylcholine,10,10
81519,Tm4,32597,LC4,7,acetylcholine,17,9
80367,Tm4,32597,LC4,7,acetylcholine,5,20
67259,TmY3,32597,LC4,7,acetylcholine,13,9
38423,CB2940,32597,LC4,7,acetylcholine,28,5
30842,Tlp14,32597,LC4,7,glutamate,6,16
27750,LC4,32597,LC4,7,acetylcholine,19,19
25438,SAD064,32597,LC4,7,acetylcholine,5,5
18396,LC4,32597,LC4,7,acetylcholine,20,31
562292,T2,526286,LC4,7,acetylcholine,30,19
535341,LC4,526286,LC4,7,acetylcholine,18,9
518886,Tm4,526286,LC4,7,acetylcholine,19,9
163555,Tm4,526286,LC4,7,acetylcholine,10,30
140974,LC9,526286,LC4,7,acetylcholine,17,14
104824,T2,526286,LC4,7,acetylcholine,7,17
101849,T2,526286,LC4,7,acetylcholine,2,7
83548,Tm3,526286,LC4,7,acetylcholine,20,9
75798,Tm3,526286,LC4,7,acetylcholine,21,9
68833,T2,526286,LC4,7,acetylcholine,22,11
51779,Tm2,526286,LC4,7,acetylcholine,30,1
47981,Tm2,526286,LC4,7,acetylcholine,22,9
47679,Tm4,526286,LC4,7,acetylcholine,23,9
46365,Tm2,526286,LC4,7,acetylcholine,1,24
25580,Y12,526286,LC4,7,glutamate,24,9
23247,LPLC2,526286,LC4,7,acetylcholine,25,9
17478,LC4,526286,LC4,7,acetylcholine,0,10
10345,LT40,526286,LC4,7,gaba,16,3
539135,Li14,33137,LC4,7,glutamate,26,9
537843,Tm4,33137,LC4,7,acetylcholine,26,3
532484,Tm2,33137,LC4,7,acetylcholine,27,9
531015,T2,33137,LC4,7,acetylcholine,1,3
531017,T2,33137,LC4,7,acetylcholine,18,4
527336,T2,33137,LC4,7,acetylcholine,28,9
526969,Tm37,33137,LC4,7,glutamate,29,9
520557,Tm4,33137,LC4,7,acetylcholine,18,6
519830,Tm2,33137,LC4,7,acetylcholine,30,9
519831,Tm4,33137,LC4,7,acetylcholine,31,9
514238,Tm4,33137,LC4,7,acetylcholine,6,17
514162,T2,33137,LC4,7,acetylcholine,2,22
171332,T2,33137,LC4,7,acetylcholine,31,15
81112,LC4,33137,LC4,7,acetylcholine,6,2
77614,LC4,33137,LC4,7,acetylcholine,20,31
62179,Tm2,33137,LC4,7,acetylcholine,0,10
36901,Tlp12,33137,LC4,7,glutamate,17,2
34581,T2,33137,LC4,7,acetylcholine,13,8
29749,Tm2,33137,LC4,7,acetylcholine,1,10
21419,TmY19a,33137,LC4,7,gaba,2,10
17401,Tm2,33137,LC4,7,acetylcholine,3,10
15261,CB2664,33137,LC4,7,acetylcholine,5,0
13846,Li29,33137,LC4,7,gaba,23,21
12225,LoVC15,33137,LC4,7,gaba,28,19
535939,T2,27750,LC4,7,acetylcholine,20,19
526102,Tm4,27750,LC4,7,acetylcholine,22,13
524745,Tlp13,27750,LC4,7,glutamate,4,10
521792,Tm2,27750,LC4,7,acetylcholine,5,10
519900,LoVC15,27750,LC4,7,gaba,23,14
519484,Tm4,27750,LC4,7,acetylcholine,6,10
518439,LC4,27750,LC4,7,acetylcholine,9,11
515127,Tm4,27750,LC4,7,acetylcholine,21,2
512366,LC4,27750,LC4,7,acetylcholine,6,7
459330,TmY3,27750,LC4,7,acetylcholine,14,5
171100,Tm4,27750,LC4,7,acetylcholine,16,5
123656,T2,27750,LC4,7,acetylcholine,7,5
101381,T2,27750,LC4,7,acetylcholine,17,18
80510,Tm2,27750,LC4,7,acetylcholine,31,4
71638,Y13,27750,LC4,7,glutamate,7,10
41569,T2,27750,LC4,7,acetylcholine,5,13
18432,LC4,27750,LC4,7,acetylcholine,1,24
18396,LC4,27750,LC4,7,acetylcholine,20,31
18021,Tm2,27750,LC4,7,acetylcholine,8,10
17375,SAD064,27750,LC4,7,acetylcholine,21,29
15018,LC4,27750,LC4,7,acetylcholine,8,4
13485,MeLo8,27750,LC4,7,gaba,29,11
10182,T2,27750,LC4,7,acetylcholine,26,18
107108,T2,17860,LC4,7,acetylcholine,21,7
97409,T2,17860,LC4,7,acetylcholine,29,14
94566,T2,17860,LC4,7,acetylcholine,13,25
89253,Tm3,17860,LC4,7,acetylcholine,8,10
87668,T2,17860,LC4,7,acetylcholine,9,10
85504,Tm4,17860,LC4,7,acetylcholine,30,20
82696,Tm4,17860,LC4,7,acetylcholine,10,10
82360,Tm3,17860,LC4,7,acetylcholine,11,10
81411,Tm4,17860,LC4,7,acetylcholine,23,6
80243,T2,17860,LC4,7,acetylcholine,12,17
78841,T2,17860,LC4,7,acetylcholine,27,7
77526,Tm4,17860,LC4,7,acetylcholine,25,21
72113,Tm37,17860,LC4,7,glutamate,12,10
70169,TmY3,17860,LC4,7,acetylcholine,31,9
63108,Tm2,17860,LC4,7,acetylcholine,13,10
62425,Tm2,17860,LC4,7,acetylcholine,14,10
60178,Tm2,17860,LC4,7,acetylcholine,15,10
55518,TmY3,17860,LC4,7,acetylcholine,26,21
51988,TmY3,17860,LC4,7,acetylcholine,18,15
49654,TmY3,17860,LC4,7,acetylcholine,8,23
46235,Tm37,17860,LC4,7,glutamate,16,10
45240,Li14,17860,LC4,7,glutamate,17,10
34865,MeLo2,17860,LC4,7,acetylcholine,18,10
32096,LC9,17860,LC4,7,acetylcholine,19,10
27777,TmY15,17860,LC4,7,gaba,20,10
24802,LPLC1,17860,LC4,7,acetylcholine,14,16
23098,LC4,17860,LC4,7,acetylcholine,25,17
16415,Li30,17860,LC4,7,gaba,11,4
11689,Li16,17860,LC4,7,glutamate,19,31
10480,MeVP53,17860,LC4,7,gaba,11,7
130874,Tm4,21287,LC4,7,acetylcholine,21,10
96507,Tm3,21287,LC4,7,acetylcholine,22,10
91697,T2,21287,LC4,7,acetylcholine,19,0
89539,T2,21287,LC4,7,acetylcholine,6,25
88020,Tm2,21287,LC4,7,acetylcholine,29,25
87912,T2,21287,LC4,7,acetylcholine,31,14
87579,T2,21287,LC4,7,acetylcholine,0,14
84270,T2,21287,LC4,7,acetylcholine,7,25
84124,T2,21287,LC4,7,acetylcholine,21,0
83283,Tm4,21287,LC4,7,acetylcholine,1,12
82360,Tm3,21287,LC4,7,acetylcholine,11,10
79694,Tm4,21287,LC4,7,acetylcholine,23,10
77522,T2,21287,LC4,7,acetylcholine,28,24
76371,T2,21287,LC4,7,acetylcholine,15,29
72775,T2,21287,LC4,7,acetylcholine,9,23
59639,Tm2,21287,LC4,7,acetylcholine,20,10
59376,TmY3,21287,LC4,7,acetylcholine,28,14
55878,Tm37,21287,LC4,7,glutamate,24,10
47166,Y11,21287,LC4,7,glutamate,19,21
46346,Li29,21287,LC4,7,gaba,2,11
38978,Y12,21287,LC4,7,glutamate,25,10
32522,LC9,21287,LC4,7,acetylcholine,28,24
32096,LC9,21287,LC4,7,acetylcholine,19,10
24269,Li26,21287,LC4,7,gaba,25,26
18127,LC4,21287,LC4,7,acetylcholine,31,30
16325,TmY19b,21287,LC4,7,gaba,17,0
118242,T5c,18189,LC4,7,acetylcholine,26,10
105589,Tm4,18189,LC4,7,acetylcholine,29,12
93939,Tm5b,18189,LC4,7,acetylcholine,27,10
78529,Tm3,18189,LC4,7,acetylcholine,28,10
73800,Tm4,18189,LC4,7,acetylcholine,30,30
73367,Tm4,18189,LC4,7,acetylcholine,29,10
72663,T2,18189,LC4,7,acetylcholine,5,27
71606,Tm4,18189,LC4,7,acetylcholine,17,19
70472,Tm4,18189,LC4,7,acetylcholine,31,30
68610,T2,18189,LC4,7,acetylcholine,30,17
66164,T2,18189,LC4,7,acetylcholine,9,14
64687,Tm4,18189,LC4,7,acetylcholine,30,10
62856,T2,18189,LC4,7,acetylcholine,8,9
61370,T2,18189,LC4,7,acetylcholine,9,9
59570,Tm5Y,18189,LC4,7,acetylcholine,31,10
56254,T2,18189,LC4,7,acetylcholine,11,14
51837,TmY3,18189,LC4,7,acetylcholine,1,1
48832,Li14,18189,LC4,7,glutamate,0,11
42918,LLPC2,18189,LC4,7,acetylcholine,1,11
37484,Li26,18189,LC4,7,gaba,2,11
28819,Tlp14,18189,LC4,7,glutamate,3,11
27471,LPLC2,18189,LC4,7,acetylcholine,4,11
26800,LC9,18189,LC4,7,acetylcholine,6,27
25607,PVLP046,18189,LC4,7,gaba,12,3
21722,LPLC1,18189,LC4,7,acetylcholine,5,11
12475,LoVC15,18189,LC4,7,gaba,17,20
533156,T2,20572,LC4,7,acetylcholine,6,11
530994,T2,20572,LC4,7,acetylcholine,27,27
526286,LC4,20572,LC4,7,acetylcholine,2,21
518264,Tm4,20572,LC4,7,acetylcholine,9,31
516405,Tm4,20572,LC4,7,acetylcholine,7,11
515638,Tm4,20572,LC4,7,acetylcholine,8,11
76347,Tm3,20572,LC4,7,acetylcholine,9,11
75091,Tm37,20572,LC4,7,glutamate,10,11
55097,Tm3,20572,LC4,7,acetylcholine,11,11
53775,T2,20572,LC4,7,acetylcholine,7,20
53605,Tm2,20572,LC4,7,acetylcholine,12,11
43855,TmY3,20572,LC4,7,acetylcholine,3,17
30995,T2,20572,LC4,7,acetylcholine,21,6
19454,PVLP024,20572,LC4,7,gaba,3,11
17653,LC4,20572,LC4,7,acetylcholine,13,6
17478,LC4,20572,LC4,7,acetylcholine,0,10
15270,Tm2,20572,LC4,7,acetylcholine,13,11
13846,Li29,20572,LC4,7,gaba,23,21
563930,Li26,29469,LC4,7,gaba,14,11
534754,TmY3,29469,LC4,7,acetylcholine,21,5
532593,Tm2,29469,LC4,7,acetylcholine,15,11
523971,T2,29469,LC4,7,acetylcholine,9,1
515791,Tm4,29469,LC4,7,acetylcholine,16,11
160303,Tm37,29469,LC4,7,glutamate,17,11
106754,T2,29469,LC4,7,acetylcholine,24,18
101381,T2,29469,LC4,7,acetylcholine,17,18
83405,T2,29469,LC4,7,acetylcholine,9,5
72036,T2,29469,LC4,7,acetylcholine,15,3
42279,TmY3,29469,LC4,7,acetylcholine,5,25
38423,CB2940,29469,LC4,7,acetylcholine,28,5
30324,Tm2,29469,LC4,7,acetylcholine,18,11
27962,Tm3,29469,LC4,7,acetylcholine,19,11
25484,LC9,29469,LC4,7,acetylcholine,5,3
19365,Li17,29469,LC4,7,gaba,10,11
18413,Li17,29469,LC4,7,gaba,9,8
16475,PVLP024,29469,LC4,7,gaba,20,7
12196,Li29,29469,LC4,7,gaba,28,22
547237,Tm2,23929,LC4,7,acetylcholine,20,11
114133,Tm4,23929,LC4,7,acetylcholine,21,11
90940,Tm3,23929,LC4,7,acetylcholine,22,11
86414,Tm2,23929,LC4,7,acetylcholine,23,11
84452,Tm3,23929,LC4,7,acetylcholine,24,11
84113,Tm3,23929,LC4,7,acetylcholine,25,11
81428,Tm4,23929,LC4,7,acetylcholine,26,11
80206,Li27,23929,LC4,7,gaba,27,11
79298,Tm2,23929,LC4,7,acetylcholine,28,11
79053,T2,23929,LC4,7,acetylcholine,1,14
78625,T2,23929,LC4,7,acetylcholine,22,21
76456,Tm2,23929,LC4,7,acetylcholine,29,11
75820,Tm3,23929,LC4,7,acetylcholine,30,11
74536,Tm4,23929,LC4,7,acetylcholine,7,22
72629,Li27,23929,LC4,7,gaba,31,11
72474,TmY3,23929,LC4,7,acetylcholine,26,13
68510,Tm2,23929,LC4,7,acetylcholine,0,12
66535,Tm2,23929,LC4,7,acetylcholine,2,0
65060,Y14,23929,LC4,7,glutamate,1,12
62589,TmY3,23929,LC4,7,acetylcholine,14,20
32107,LOP_LO_unclear,23929,LC4,7,glutamate,18,13
30000,TmY19a,23929,LC4,7,gaba,2,12
28982,TmY19a,23929,LC4,7,gaba,23,6
22975,LC4,23929,LC4,7,acetylcholine,30,0
121791,Tm4,20399,LC4,7,acetylcholine,11,14
115873,Tm4,20399,LC4,7,acetylcholine,3,12
93736,Tm3,20399,LC4,7,acetylcholine,4,12
88076,Tm2,20399,LC4,7,acetylcholine,5,12
87573,T2,20399,LC4,7,acetylcholine,22,10
85489,T2,20399,LC4,7,acetylcholine,6,12
79375,T2,20399,LC4,7,acetylcholine,10,21
78994,Tm4,20399,LC4,7,acetylcholine,10,18
76206,Tm4,20399,LC4,7,acetylcholine,9,3
73116,T2,20399,LC4,7,acetylcholine,1,8
73069,T2,20399,LC4,7,acetylcholine,7,15
70177,T2,20399,LC4,7,acetylcholine,27,30
68466,Tm5Y,20399,LC4,7,acetylcholine,7,12
63656,TmY3,20399,LC4,7,acetylcholine,3,15
58958,Tm2,20399,LC4,7,acetylcholine,8,12
58430,Tm2,20399,LC4,7,acetylcholine,9,12
57167,Tm2,20399,LC4,7,acetylcholine,10,12
56951,Tm37,20399,LC4,7,glutamate,11,12
56361,Tm2,20399,LC4,7,acetylcholine,8,25
56291,TmY3,20399,LC4,7,acetylcholine,29,30
54718,Tlp13,20399,LC4,7,glutamate,21,10
54386,Tm2,20399,LC4,7,acetylcholine,6,6
53768,Tm2,20399,LC4,7,acetylcholine,13,23
47465,TmY3,20399,LC4,7,acetylcholine,7,5
43640,Tlp13,20399,LC4,7,glutamate,29,27
39990,Y14,20399,LC4,7,glutamate,24,0
29223,LC9,20399,LC4,7,acetylcholine,21,3
24090,Li26,20399,LC4,7,gaba,30,25
11394,Li16,20399,LC4,7,glutamate,20,27
579927,Li15,30087,LC4,7,gaba,12,12
532695,Tm4,30087,LC4,7,acetylcholine,13,30
524172,TmY3,30087,LC4,7,acetylcholine,19,7
523850,TmY19a,30087,LC4,7,gaba,7,29
513270,Tm2,30087,LC4,7,acetylcholine,22,12
512366,LC4,30087,LC4,7,acetylcholine,6,7
107513,LC4,30087,LC4,7,acetylcholine,30,17
99943,Tm4,30087,LC4,7,acetylcholine,14,28
77923,T2,30087,LC4,7,acetylcholine,6,1
74322,TmY19b,30087,LC4,7,gaba,13,12
70346,T2,30087,LC4,7,acetylcholine,29,17
70081,T2,30087,LC4,7,acetylcholine,5,25
70024,T2,30087,LC4,7,acetylcholine,26,25
47559,Li14,30087,LC4,7,glutamate,17,3
45347,Tlp13,30087,LC4,7,glutamate,14,12
41569,T2,30087,LC4,7,acetylcholine,5,13
38285,T2,30087,LC4,7,acetylcholine,3,10
37587,LC4,30087,LC4,7,acetylcholine,16,1
34154,Y12,30087,LC4,7,glutamate,15,12
29469,LC4,30087,LC4,7,acetylcholine,6,15
17375,SAD064,30087,LC4,7,acetylcholine,21,29
16596,Li28,30087,LC4,7,gaba,1,4
15736,TmY19a,30087,LC4,7,gaba,30,14
10776,LoVC7,30087,LC4,7,gaba,2,1
179277,Tm3,518439,LC4,7,acetylcholine,16,12
168573,Tm2,518439,LC4,7,acetylcholine,17,12
152748,Tm3,518439,LC4,7,acetylcholine,18,12
146581,T2,518439,LC4,7,acetylcholine,19,12
138830,Tm4,518439,LC4,7,acetylcholine,20,12
126430,T2,518439,LC4,7,acetylcholine,9,26
106871,T2,518439,LC4,7,acetylcholine,21,12
105085,Tm2,518439,LC4,7,acetylcholine,22,12
102972,Tm4,518439,LC4,7,acetylcholine,21,14
96481,Tlp13,518439,LC4,7,glutamate,23,12
85605,Tm4,518439,LC4,7,acetylcholine,22,24
61483,Tm2,518439,LC4,7,acetylcholine,24,12
37587,LC4,518439,LC4,7,acetylcholine,16,1
35081,Tm3,518439,LC4,7,acetylcholine,25,12
27987,Tm4,518439,LC4,7,acetylcholine,10,12
27171,Li14,518439,LC4,7,glutamate,26,12
22935,LC14a-1,518439,LC4,7,acetylcholine,18,0
22715,Li16,518439,LC4,7,glutamate,25,15
18140,TmY19b,518439,LC4,7,gaba,5,8
16485,CB4179,518439,LC4,7,gaba,27,12
16475,PVLP024,518439,LC4,7,gaba,20,7
13900,MeLo8,518439,LC4,7,gaba,18,2
12710,LoVC14,518439,LC4,7,gaba,27,22
10776,LoVC7,518439,LC4,7,gaba,2,1
546071,T2,17608,LC4,7,acetylcholine,30,18
540436,Tm4,17608,LC4,7,acetylcholine,28,12
524583,Tm4,17608,LC4,7,acetylcholine,22,28
521792,Tm2,17608,LC4,7,acetylcholine,5,10
518500,Tm4,17608,LC4,7,acetylcholine,23,28
516758,TmY19a,17608,LC4,7,gaba,29,12
513904,SAD049,17608,LC4,7,acetylcholine,8,14
142074,Y11,17608,LC4,7,glutamate,30,12
118424,T2,17608,LC4,7,acetylcholine,23,10
107513,LC4,17608,LC4,7,acetylcholine,30,17
88335,Tm3,17608,LC4,7,acetylcholine,31,12
71431,TmY3,17608,LC4,7,acetylcholine,2,9
48118,TmY19a,17608,LC4,7,gaba,16,5
11894,MeLo8,17608,LC4,7,gaba,24,15
96569,T2,22847,LC4,7,acetylcholine,15,21
95069,Tm3,22847,LC4,7,acetylcholine,0,13
93022,Tm3,22847,LC4,7,acetylcholine,1,13
92632,Tm4,22847,LC4,7,acetylcholine,25,10
91058,T2,22847,LC4,7,acetylcholine,8,3
88643,T2,22847,LC4,7,acetylcholine,30,24
86496,T2,22847,LC4,7,acetylcholine,26,4
80931,T2,22847,LC4,7,acetylcholine,2,13
75325,T2,22847,LC4,7,acetylcholine,3,13
74474,T2,22847,LC4,7,acetylcholine,4,13
69959,Tm2,22847,LC4,7,acetylcholine,5,13
67768,Tm2,22847,LC4,7,acetylcholine,6,13
64438,TmY3,22847,LC4,7,acetylcholine,3,3
62991,Tm2,22847,LC4,7,acetylcholine,7,13
62853,Tm2,22847,LC4,7,acetylcholine,8,13
58770,Tm2,22847,LC4,7,acetylcholine,9,13
32908,MeLo2,22847,LC4,7,acetylcholine,16,17
31029,Li15,22847,LC4,7,gaba,4,3
27560,Li25,22847,LC4,7,gaba,10,13
20542,LC4,22847,LC4,7,acetylcholine,8,4
16549,Li30,22847,LC4,7,gaba,27,9
525789,Tm3,20673,LC4,7,acetylcholine,22,27
85412,T2,20673,LC4,7,acetylcholine,26,9
83599,T2,20673,LC4,7,acetylcholine,11,13
76823,Tm4,20673,LC4,7,acetylcholine,29,19
72775,T2,20673,LC4,7,acetylcholine,9,23
71739,Tm4,20673,LC4,7,acetylcholine,9,4
70724,T2,20673,LC4,7,acetylcholine,23,31
69687,T2,20673,LC4,7,acetylcholine,15,6
69090,T2,20673,LC4,7,acetylcholine,16,16
62769,Tm2,20673,LC4,7,acetylcholine,12,13
61455,Tm2,20673,LC4,7,acetylcholine,13,13
61434,Tm2,20673,LC4,7,acetylcholine,10,23
57167,Tm2,20673,LC4,7,acetylcholine,10,12
51936,TmY3,20673,LC4,7,acetylcholine,18,30
49885,Tm2,20673,LC4,7,acetylcholine,14,13
34212,Li25,20673,LC4,7,gaba,12,12
30365,Li25,20673,LC4,7,gaba,3,27
23434,Li26,20673,LC4,7,gaba,25,0
23392,LC4,20673,LC4,7,acetylcholine,7,2
16033,Li28,20673,LC4,7,gaba,6,0
15497,TmY19a,20673,LC4,7,gaba,10,7
14155,CB2940,20673,LC4,7,acetylcholine,17,17
13797,Li29,20673,LC4,7,gaba,8,29
13736,LoVC15,20673,LC4,7,gaba,15,13
13671,MeLo8,20673,LC4,7,gaba,0,10
544274,Tm4,518016,LC4,7,acetylcholine,14,10
539332,T2,518016,LC4,7,acetylcholine,1,26
532359,Tm3,518016,LC4,7,acetylcholine,16,13
532156,TmY3,518016,LC4,7,acetylcholine,8,26
531212,Tm37,518016,LC4,7,glutamate,17,13
530754,TmY3,518016,LC4,7,acetylcholine,8,7
530303,Li14,518016,LC4,7,glutamate,18,13
519650,LC4,518016,LC4,7,acetylcholine,4,22
518214,TmY3,518016,LC4,7,acetylcholine,3,18
514407,Li29,518016,LC4,7,gaba,1,23
512494,TmY19b,518016,LC4,7,gaba,9,27
117234,T2,518016,LC4,7,acetylcholine,19,13
113151,Tm3,518016,LC4,7,acetylcholine,21,25
94571,Tm3,518016,LC4,7,acetylcholine,20,13
80941,Tm39,518016,LC4,7,acetylcholine,21,13
77925,Tm3,518016,LC4,7,acetylcholine,22,13
75320,T2,518016,LC4,7,acetylcholine,2,4
65987,Tlp12,518016,LC4,7,glutamate,27,19
41820,Tm4,518016,LC4,7,acetylcholine,23,13
34028,T2,518016,LC4,7,acetylcholine,21,15
33016,Li25,518016,LC4,7,gaba,25,30
32629,Tm5Y,518016,LC4,7,acetylcholine,24,13
21069,Li25,518016,LC4,7,gaba,15,2
17824,MeLo2,518016,LC4,7,acetylcholine,25,13
16596,Li28,518016,LC4,7,gaba,1,4
15439,LC9,518016,LC4,7,acetylcholine,13,6
11838,Li17,518016,LC4,7,gaba,0,19
11102,PVLP046,518016,LC4,7,gaba,20,4
545073,Tm5Y,20976,LC4,7,acetylcholine,26,13
542339,T2,20976,LC4,7,acetylcholine,12,27
534142,Tm3,20976,LC4,7,acetylcholine,27,13
519994,TmY3,20976,LC4,7,acetylcholine,6,25
516909,LC4,20976,LC4,7,acetylcholine,14,3
516405,Tm4,20976,LC4,7,acetylcholine,7,11
516025,Tm4,20976,LC4,7,acetylcholine,5,16
168950,T2,20976,LC4,7,acetylcholine,28,13
119956,Tm3,20976,LC4,7,acetylcholine,29,13
115042,Tm4,20976,LC4,7,acetylcholine,14,13
109422,T2,20976,LC4,7,acetylcholine,8,13
70818,Tm4,20976,LC4,7,acetylcholine,30,13
63174,Tm4,20976,LC4,7,acetylcholine,16,19
59017,Tm5Y,20976,LC4,7,acetylcholine,31,13
50720,TmY3,20976,LC4,7,acetylcholine,4,7
47681,Y11,20976,LC4,7,glutamate,27,23
33124,Tlp12,20976,LC4,7,glutamate,10,19
19454,PVLP024,20976,LC4,7,gaba,3,11
18347,Tm2,20976,LC4,7,acetylcholine,14,27
15058,LPLC1,20976,LC4,7,acetylcholine,0,1
12349,LC4,20976,LC4,7,acetylcholine,2,20
519451,T2,31308,LC4,7,acetylcholine,0,14
130246,T2,31308,LC4,7,acetylcholine,20,3
86623,Li14,31308,LC4,7,glutamate,1,14
85168,Tm4,31308,LC4,7,acetylcholine,2,14
83958,TmY18,31308,LC4,7,acetylcholine,3,14
81795,T2,31308,LC4,7,acetylcholine,1,1
81101,Tm4,31308,LC4,7,acetylcholine,20,24
73957,T2,31308,LC4,7,acetylcholine,2,1
64763,Tm5Y,31308,LC4,7,acetylcholine,4,14
63565,Tm2,31308,LC4,7,acetylcholine,5,14
30320,TmY3,31308,LC4,7,acetylcholine,26,5
25080,Li26,31308,LC4,7,gaba,9,12
23202,LC4,31308,LC4,7,acetylcholine,10,14
20434,PVLP046,31308,LC4,7,gaba,0,21
12349,LC4,31308,LC4,7,acetylcholine,2,20
545862,T2,17270,LC4,7,acetylcholine,19,3
541600,T2,17270,LC4,7,acetylcholine,27,6
538091,TmY3,17270,LC4,7,acetylcholine,23,15
527434,Tlp13,17270,LC4,7,glutamate,6,14
522318,Tm2,17270,LC4,7,acetylcholine,7,14
518983,LC4,17270,LC4,7,acetylcholine,5,9
516413,Tm2,17270,LC4,7,acetylcholine,8,14
515900,LC4,17270,LC4,7,acetylcholine,0,23
113306,Tm4,17270,LC4,7,acetylcholine,27,2
107106,T2,17270,LC4,7,acetylcholine,9,14
105015,T2,17270,LC4,7,acetylcholine,21,3
104824,T2,17270,LC4,7,acetylcholine,7,17
102094,Tm37,17270,LC4,7,glutamate,10,14
77925,Tm3,17270,LC4,7,acetylcholine,22,13
66194,T2,17270,LC4,7,acetylcholine,28,28
49610,Tm2,17270,LC4,7,acetylcholine,24,6
49152,Tm2,17270,LC4,7,acetylcholine,11,14
22715,Li16,17270,LC4,7,glutamate,25,15
22318,T2,17270,LC4,7,acetylcholine,12,14
15994,CB3513,17270,LC4,7,gaba,13,14
13107,LC9,17270,LC4,7,acetylcholine,5,30
11524,TmY19a,17270,LC4,7,gaba,11,15
534142,Tm3,516909,LC4,7,acetylcholine,27,13
531218,T2,516909,LC4,7,acetylcholine,15,9
515900,LC4,516909,LC4,7,acetylcholine,0,23
118639,T2,516909,LC4,7,acetylcholine,14,24
116862,T2,516909,LC4,7,acetylcholine,3,5
113440,T2,516909,LC4,7,acetylcholine,14,14
79937,Tm3,516909,LC4,7,acetylcholine,15,14
79551,Tm4,516909,LC4,7,acetylcholine,4,8
76356,Tm3,516909,LC4,7,acetylcholine,16,14
76279,Tm4,516909,LC4,7,acetylcholine,17,14
72866,Tm4,516909,LC4,7,acetylcholine,24,23
70872,Tm4,516909,LC4,7,acetylcholine,3,1
43855,TmY3,516909,LC4,7,acetylcholine,3,17
33124,Tlp12,516909,LC4,7,glutamate,10,19
30829,Tm2,516909,LC4,7,acetylcholine,26,24
29435,LPLC1,516909,LC4,7,acetylcholine,18,14
27194,PVLP046,516909,LC4,7,gaba,18,3
22922,LC4,516909,LC4,7,acetylcholine,17,3
22772,LC4,516909,LC4,7,acetylcholine,3,28
20524,Li16,516909,LC4,7,glutamate,7,30
19454,PVLP024,516909,LC4,7,gaba,3,11
18478,LC4,516909,LC4,7,acetylcholine,11,14
17653,LC4,516909,LC4,7,acetylcholine,13,6
15969,Tm2,516909,LC4,7,acetylcholine,19,14
12196,Li29,516909,LC4,7,gaba,28,22
10251,MeVP53,516909,LC4,7,gaba,13,27
579937,Li13,515900,LC4,7,gaba,28,6
541450,Tm3,515900,LC4,7,acetylcholine,20,14
536966,T2,515900,LC4,7,acetylcholine,3,8
525575,Tm4,515900,LC4,7,acetylcholine,21,14
518069,T2,515900,LC4,7,acetylcholine,3,29
513495,TmY19a,515900,LC4,7,gaba,6,9
116334,Tm4,515900,LC4,7,acetylcholine,24,26
107311,Tm4,515900,LC4,7,acetylcholine,22,14
107145,T2,515900,LC4,7,acetylcholine,17,29
97579,T2,515900,LC4,7,acetylcholine,5,18
85609,Tm2,515900,LC4,7,acetylcholine,23,14
72953,Tm3,515900,LC4,7,acetylcholine,24,14
66848,Tm3,515900,LC4,7,acetylcholine,25,14
59750,Tm4,515900,LC4,7,acetylcholine,25,1
56157,Tm2,515900,LC4,7,acetylcholine,26,14
54891,Tm2,515900,LC4,7,acetylcholine,27,14
43019,Tm4,515900,LC4,7,acetylcholine,28,14
42959,Li34a,515900,LC4,7,gaba,29,14
41466,T2,515900,LC4,7,acetylcholine,13,18
40801,Tm37,515900,LC4,7,glutamate,30,14
36687,Li25,515900,LC4,7,gaba,3,25
35971,T2,515900,LC4,7,acetylcholine,27,13
28624,Tm2,515900,LC4,7,acetylcholine,22,22
27555,Tm4,515900,LC4,7,acetylcholine,31,14
21689,T2,515900,LC4,7,acetylcholine,24,22
19969,TmY19a,515900,LC4,7,gaba,5,29
18432,LC4,515900,LC4,7,acetylcholine,1,24
16459,PVLP024,515900,LC4,7,gaba,5,15
15261,CB2664,515900,LC4,7,acetylcholine,5,0
14888,LC4,515900,LC4,7,acetylcholine,28,25
12722,LoVC21,515900,LC4,7,gaba,3,1
10147,LHAD1g1,515900,LC4,7,gaba,31,8
534754,TmY3,31429,LC4,7,acetylcholine,21,5
523564,PVLP011,31429,LC4,7,gaba,14,16
518439,LC4,31429,LC4,7,acetylcholine,9,11
517293,Tm2,31429,LC4,7,acetylcholine,0,15
512869,Tlp12,31429,LC4,7,glutamate,1,15
512366,LC4,31429,LC4,7,acetylcholine,6,7
159612,T2,31429,LC4,7,acetylcholine,15,24
135877,Tm4,31429,LC4,7,acetylcholine,2,15
133003,Tm3,31429,LC4,7,acetylcholine,3,15
125954,Tm3,31429,LC4,7,acetylcholine,4,15
111716,Tm37,31429,LC4,7,glutamate,5,15
93849,Tm2,31429,LC4,7,acetylcholine,29,7
73153,T2,31429,LC4,7,acetylcholine,18,10
72036,T2,31429,LC4,7,acetylcholine,15,3
58949,TmY3,31429,LC4,7,acetylcholine,21,27
53020,TmY3,31429,LC4,7,acetylcholine,2,7
52238,Y12,31429,LC4,7,glutamate,6,15
50625,Tm2,31429,LC4,7,acetylcholine,7,15
36522,T2,31429,LC4,7,acetylcholine,17,1
14888,LC4,31429,LC4,7,acetylcholine,28,25
537017,Li15,19794,LC4,7,gaba,8,14
145953,Tm4,19794,LC4,7,acetylcholine,8,15
94513,Tm4,19794,LC4,7,acetylcholine,9,15
88010,Tm3,19794,LC4,7,acetylcholine,10,15
87112,T2,19794,LC4,7,acetylcholine,7,29
81528,Tm4,19794,LC4,7,acetylcholine,11,15
77763,Tm3,19794,LC4,7,acetylcholine,12,15
77295,T2,19794,LC4,7,acetylcholine,25,11
75008,Tm2,19794,LC4,7,acetylcholine,28,29
74555,T2,19794,LC4,7,acetylcholine,14,4
72976,Tm4,19794,LC4,7,acetylcholine,13,15
67196,T2,19794,LC4,7,acetylcholine,4,7
64960,T2,19794,LC4,7,acetylcholine,14,15
60399,T2,19794,LC4,7,acetylcholine,28,11
52457,TmY3,19794,LC4,7,acetylcholine,0,16
49072,Y12,19794,LC4,7,glutamate,15,15
44872,T2,19794,LC4,7,acetylcholine,31,29
39738,Li13,19794,LC4,7,gaba,16,15
36254,TmY19a,19794,LC4,7,gaba,11,24
35809,LC9,19794,LC4,7,acetylcholine,17,15
33715,Li25,19794,LC4,7,gaba,25,8
29563,LC4,19794,LC4,7,acetylcholine,28,5
20542,LC4,19794,LC4,7,acetylcholine,8,4
20016,LC4,19794,LC4,7,acetylcholine,12,16
17548,LC4,19794,LC4,7,acetylcholine,11,15
17289,Li29,19794,LC4,7,gaba,13,1
146200,TmY18,17266,LC4,7,acetylcholine,18,15
91263,T2,17266,LC4,7,acetylcholine,19,15
87616,Tm3,17266,LC4,7,acetylcholine,20,15
83193,Tm3,17266,LC4,7,acetylcholine,21,15
81701,Tm3,17266,LC4,7,acetylcholine,22,15
80931,T2,17266,LC4,7,acetylcholine,2,13
80755,Tm3,17266,LC4,7,acetylcholine,23,15
77490,Tm2,17266,LC4,7,acetylcholine,8,28
76534,Tm4,17266,LC4,7,acetylcholine,1,0
74967,Tm4,17266,LC4,7,acetylcholine,24,15
74474,T2,17266,LC4,7,acetylcholine,4,13
64671,Tm2,17266,LC4,7,acetylcholine,17,31
62335,Y14,17266,LC4,7,glutamate,10,17
56439,Tm2,17266,LC4,7,acetylcholine,25,15
55518,TmY3,17266,LC4,7,acetylcholine,26,21
50683,Li15,17266,LC4,7,gaba,27,5
46346,Li29,17266,LC4,7,gaba,2,11
35131,LC9,17266,LC4,7,acetylcholine,26,15
25138,Li26,17266,LC4,7,gaba,20,27
20673,LC4,17266,LC4,7,acetylcholine,30,30
11254,LT41,17266,LC4,7,gaba,31,10
97609,Tm3,20588,LC4,7,acetylcholine,27,15
95709,Tm2,20588,LC4,7,acetylcholine,11,3
86320,Tm4,20588,LC4,7,acetylcholine,19,9
84930,Tm4,20588,LC4,7,acetylcholine,26,17
83718,Tm3,20588,LC4,7,acetylcholine,28,15
80117,Tm4,20588,LC4,7,acetylcholine,31,22
75665,T2,20588,LC4,7,acetylcholine,8,25
72007,T2,20588,LC4,7,acetylcholine,13,29
68067,T2,20588,LC4,7,acetylcholine,25,11
67362,Li13,20588,LC4,7,gaba,29,15
62546,TmY3,20588,LC4,7,acetylcholine,0,18
62065,Tm2,20588,LC4,7,acetylcholine,27,30
60537,Tm2,20588,LC4,7,acetylcholine,30,15
58595,Li14,20588,LC4,7,glutamate,31,15
56211,Tm2,20588,LC4,7,acetylcholine,0,16
37580,Y11,20588,LC4,7,glutamate,1,16
36310,Li25,20588,LC4,7,gaba,22,30
15909,Li28,20588,LC4,7,gaba,27,0
15095,MeLo8,20588,LC4,7,gaba,20,6
13850,Li29,20588,LC4,7,gaba,28,11
13594,MeLo8,20588,LC4,7,gaba,5,12
13578,ANXXX109,20588,LC4,7,gaba,9,6
533941,Tm4,22772,LC4,7,acetylcholine,21,23
524899,LC4,22772,LC4,7,acetylcholine,14,2
517752,LC4,22772,LC4,7,acetylcholine,11,21
514682,Tm4,22772,LC4,7,acetylcholine,12,21
93277,Tm3,22772,LC4,7,acetylcholine,2,16
86253,Tlp12,22772,LC4,7,glutamate,3,16
84155,T2,22772,LC4,7,acetylcholine,8,16
81795,T2,22772,LC4,7,acetylcholine,1,1
72270,TmY21,22772,LC4,7,acetylcholine,4,16
71554,Tm4,22772,LC4,7,acetylcholine,23,24
64654,Tm4,22772,LC4,7,acetylcholine,5,16
56869,Tm2,22772,LC4,7,acetylcholine,30,13
39770,Y12,22772,LC4,7,glutamate,6,16
27829,LC4,22772,LC4,7,acetylcholine,0,21
13834,Tlp13,22772,LC4,7,glutamate,7,16
12349,LC4,22772,LC4,7,acetylcholine,2,20
537029,MeLo8,20917,LC4,7,gaba,8,31
86729,Tm3,20917,LC4,7,acetylcholine,8,16
81902,Tm4,20917,LC4,7,acetylcholine,9,16
79091,Tm4,20917,LC4,7,acetylcholine,2,21
78702,Tm4,20917,LC4,7,acetylcholine,10,16
77242,Tm4,20917,LC4,7,acetylcholine,11,16
75849,Tm4,20917,LC4,7,acetylcholine,12,16
75370,Tm4,20917,LC4,7,acetylcholine,17,2
75121,T2,20917,LC4,7,acetylcholine,13,4
74944,T2,20917,LC4,7,acetylcholine,26,9
74277,T2,20917,LC4,7,acetylcholine,29,8
74031,T2,20917,LC4,7,acetylcholine,29,22
71606,Tm4,20917,LC4,7,acetylcholine,17,19
69660,Tm4,20917,LC4,7,acetylcholine,13,16
69354,Tm37,20917,LC4,7,glutamate,14,16
65990,T2,20917,LC4,7,acetylcholine,15,1
65546,T2,20917,LC4,7,acetylcholine,15,16
61550,T2,20917,LC4,7,acetylcholine,14,19
60360,T2,20917,LC4,7,acetylcholine,5,31
58167,TmY3,20917,LC4,7,acetylcholine,7,16
57745,Tm2,20917,LC4,7,acetylcholine,16,16
57376,Tm2,20917,LC4,7,acetylcholine,17,16
56612,Tm2,20917,LC4,7,acetylcholine,1,9
53179,Tm2,20917,LC4,7,acetylcholine,9,21
52819,Tm2,20917,LC4,7,acetylcholine,18,16
47065,Tm2,20917,LC4,7,acetylcholine,31,11
40556,Li13,20917,LC4,7,gaba,20,26
27780,Tlp14,20917,LC4,7,glutamate,25,25
26957,Li13,20917,LC4,7,gaba,7,30
26245,Li13,20917,LC4,7,gaba,19,16
23488,TmY15,20917,LC4,7,gaba,20,16
17289,Li29,20917,LC4,7,gaba,13,1
16128,LC4,20917,LC4,7,acetylcholine,18,2
12237,SAD055,20917,LC4,7,acetylcholine,24,31
563930,Li26,77614,LC4,7,gaba,14,11
533756,Tm4,77614,LC4,7,acetylcholine,21,16
518622,Tm3,77614,LC4,7,acetylcholine,27,5
517473,Tm3,77614,LC4,7,acetylcholine,22,16
516151,Tm3,77614,LC4,7,acetylcholine,23,16
514158,TmY19a,77614,LC4,7,gaba,8,30
95597,Tm4,77614,LC4,7,acetylcholine,24,16
85577,Tm4,77614,LC4,7,acetylcholine,24,16
79647,T2,77614,LC4,7,acetylcholine,25,16
60553,Tm2,77614,LC4,7,acetylcholine,27,9
51565,Tm4,77614,LC4,7,acetylcholine,26,16
42209,Tm2,77614,LC4,7,acetylcholine,16,7
33137,LC4,77614,LC4,7,acetylcholine,22,15
26920,LC9,77614,LC4,7,acetylcholine,21,1
25747,T2,77614,LC4,7,acetylcholine,15,12
23472,TmY19b,77614,LC4,7,gaba,20,0
21992,T2,77614,LC4,7,acetylcholine,18,26
533688,Tm3,24338,LC4,7,acetylcholine,27,16
79431,Tm4,24338,LC4,7,acetylcholine,10,22
78930,Tm4,24338,LC4,7,acetylcholine,15,27
71929,T2,24338,LC4,7,acetylcholine,5,0
70538,Tm5Y,24338,LC4,7,acetylcholine,28,16
70170,Tm4,24338,LC4,7,acetylcholine,5,6
69778,T2,24338,LC4,7,acetylcholine,29,16
68923,Tm4,24338,LC4,7,acetylcholine,30,16
68342,Tm3,24338,LC4,7,acetylcholine,14,22
68138,TmY3,24338,LC4,7,acetylcholine,29,13
67295,T2,24338,LC4,7,acetylcholine,27,28
64778,TmY3,24338,LC4,7,acetylcholine,19,20
63643,MeLo2,24338,LC4,7,acetylcholine,31,16
62749,TmY3,24338,LC4,7,acetylcholine,6,14
60863,T2,24338,LC4,7,acetylcholine,20,20
60698,TmY3,24338,LC4,7,acetylcholine,30,13
58340,Tm4,24338,LC4,7,acetylcholine,16,25
54670,T2,24338,LC4,7,acetylcholine,24,29
53156,TmY3,24338,LC4,7,acetylcholine,4,12
51848,TmY3,24338,LC4,7,acetylcholine,27,4
51521,Tm2,24338,LC4,7,acetylcholine,0,17
47613,Tm2,24338,LC4,7,acetylcholine,5,23
33713,LC9,24338,LC4,7,acetylcholine,17,6
29599,TmY15,24338,LC4,7,gaba,1,17
22966,LC4,24338,LC4,7,acetylcholine,24,27
20434,PVLP046,24338,LC4,7,gaba,0,21
20399,LC4,24338,LC4,7,acetylcholine,31,9
19454,PVLP024,24338,LC4,7,gaba,3,11
551590,TmY3,18396,LC4,7,acetylcholine,1,20
550392,T2,18396,LC4,7,acetylcholine,2,17
541821,Tm2,18396,LC4,7,acetylcholine,3,17
517883,Tm4,18396,LC4,7,acetylcholine,18,25
137136,T2,18396,LC4,7,acetylcholine,0,0
103590,Tm4,18396,LC4,7,acetylcholine,1,27
101726,Tm4,18396,LC4,7,acetylcholine,4,17
96349,T2,18396,LC4,7,acetylcholine,5,17
94082,Tm3,18396,LC4,7,acetylcholine,6,17
80369,Tm4,18396,LC4,7,acetylcholine,2,8
78690,Tm4,18396,LC4,7,acetylcholine,12,9
63300,Tm2,18396,LC4,7,acetylcholine,7,17
62323,Tm2,18396,LC4,7,acetylcholine,7,24
61264,TmY3,18396,LC4,7,acetylcholine,13,9
56459,Y12,18396,LC4,7,glutamate,8,17
17939,PVLP046,18396,LC4,7,gaba,1,19
10776,LoVC7,18396,LC4,7,gaba,2,1
527699,SAD064,22194,LC4,7,acetylcholine,4,13
82699,Tm3,22194,LC4,7,acetylcholine,9,17
75858,T2,22194,LC4,7,acetylcholine,10,17
70792,T2,22194,LC4,7,acetylcholine,28,17
64260,T2,22194,LC4,7,acetylcholine,6,28
60602,Tm2,22194,LC4,7,acetylcholine,11,17
49372,TmY3,22194,LC4,7,acetylcholine,7,21
47352,Tm2,22194,LC4,7,acetylcholine,12,17
35838,LPLC2,22194,LC4,7,acetylcholine,13,17
26011,Li26,22194,LC4,7,gaba,26,7
24173,Tlp14,22194,LC4,7,glutamate,23,16
22328,LC4,22194,LC4,7,acetylcholine,26,21
16930,CB3513,22194,LC4,7,gaba,14,17
11378,CB1280,22194,LC4,7,acetylcholine,29,16
527699,SAD064,23392,LC4,7,acetylcholine,4,13
131823,Tm3,23392,LC4,7,acetylcholine,15,17
129235,Tm3,23392,LC4,7,acetylcholine,16,17
115504,Tm4,23392,LC4,7,acetylcholine,11,31
103240,Tm4,23392,LC4,7,acetylcholine,17,17
76238,T2,23392,LC4,7,acetylcholine,21,0
75794,Tm2,23392,LC4,7,acetylcholine,18,17
74272,T2,23392,LC4,7,acetylcholine,19,17
73586,Tm3,23392,LC4,7,acetylcholine,20,17
71489,T2,23392,LC4,7,acetylcholine,26,7
70239,T2,23392,LC4,7,acetylcholine,6,0
68678,T2,23392,LC4,7,acetylcholine,25,31
68569,Tm4,23392,LC4,7,acetylcholine,3,13
63120,Tm37,23392,LC4,7,glutamate,21,17
59145,T2,23392,LC4,7,acetylcholine,15,28
49930,TmY3,23392,LC4,7,acetylcholine,26,30
48997,Tm2,23392,LC4,7,acetylcholine,8,12
47106,Tm2,23392,LC4,7,acetylcholine,22,17
42068,Y12,23392,LC4,7,glutamate,23,17
32944,Li25,23392,LC4,7,gaba,24,17
30727,MeLo2,23392,LC4,7,acetylcholine,18,0
30365,Li25,23392,LC4,7,gaba,3,27
21225,LC4,23392,LC4,7,acetylcholine,26,0
19924,CB2664,23392,LC4,7,acetylcholine,30,26
17548,LC4,23392,LC4,7,acetylcholine,11,15
17289,Li29,23392,LC4,7,gaba,13,1
16033,Li28,23392,LC4,7,gaba,6,0
13797,Li29,23392,LC4,7,gaba,8,29
12237,SAD055,23392,LC4,7,acetylcholine,24,31
109031,Tm3,21225,LC4,7,acetylcholine,25,17
101001,Tm4,21225,LC4,7,acetylcholine,3,20
71029,T2,21225,LC4,7,acetylcholine,13,11
70461,Tm4,21225,LC4,7,acetylcholine,26,17
70413,T2,21225,LC4,7,acetylcholine,0,31
69546,Tm3,21225,LC4,7,acetylcholine,27,17
68780,Tm4,21225,LC4,7,acetylcholine,28,17
68493,T2,21225,LC4,7,acetylcholine,10,19
68027,T2,21225,LC4,7,acetylcholine,10,13
66014,Tm4,21225,LC4,7,acetylcholine,29,17
64862,Tm4,21225,LC4,7,acetylcholine,29,11
61721,T2,21225,LC4,7,acetylcholine,31,31
50173,Tm2,21225,LC4,7,acetylcholine,5,31
49788,TmY3,21225,LC4,7,acetylcholine,12,19
46151,Tm2,21225,LC4,7,acetylcholine,30,17
35014,Li25,21225,LC4,7,gaba,31,17
33252,Li25,21225,LC4,7,gaba,14,19
28723,LPLC1,21225,LC4,7,acetylcholine,0,18
24853,Tlp14,21225,LC4,7,glutamate,4,30
21165,LC4,21225,LC4,7,acetylcholine,1,18
20917,LC4,21225,LC4,7,acetylcholine,20,26
14198,MeLo8,21225,LC4,7,gaba,23,7
12912,MeLo8,21225,LC4,7,gaba,12,2
10480,MeVP53,21225,LC4,7,gaba,11,7
561447,Tm3,533129,LC4,7,acetylcholine,2,18
542819,Tm5Y,533129,LC4,7,acetylcholine,3,18
537080,Tm4,533129,LC4,7,acetylcholine,4,18
534863,T2,533129,LC4,7,acetylcholine,23,22
526450,Tm4,533129,LC4,7,acetylcholine,5,18
521279,Tm4,533129,LC4,7,acetylcholine,6,18
516876,T2,533129,LC4,7,acetylcholine,7,18
513244,TmY3,533129,LC4,7,acetylcholine,22,5
512386,T2,533129,LC4,7,acetylcholine,10,13
512383,T2,533129,LC4,7,acetylcholine,8,18
116862,T2,533129,LC4,7,acetylcholine,3,5
110047,T2,533129,LC4,7,acetylcholine,27,20
104609,T2,533129,LC4,7,acetylcholine,30,0
101402,Tm5c,533129,LC4,7,glutamate,9,18
100103,LPLC2,533129,LC4,7,acetylcholine,10,18
86165,Tm2,533129,LC4,7,acetylcholine,11,18
84155,T2,533129,LC4,7,acetylcholine,8,16
79692,Tm3,533129,LC4,7,acetylcholine,12,18
76221,T2,533129,LC4,7,acetylcholine,17,15
62929,Y14,533129,LC4,7,glutamate,13,18
53775,T2,533129,LC4,7,acetylcholine,7,20
46402,TmY3,533129,LC4,7,acetylcholine,14,2
44508,T2,533129,LC4,7,acetylcholine,14,18
34913,Tm2,533129,LC4,7,acetylcholine,19,31
32108,Li25,533129,LC4,7,gaba,17,19
31134,Tm2,533129,LC4,7,acetylcholine,15,18
27136,MeLo2,533129,LC4,7,acetylcholine,16,18
18487,T2,533129,LC4,7,acetylcholine,17,18
15270,Tm2,533129,LC4,7,acetylcholine,13,11
127819,Tm4,25584,LC4,7,acetylcholine,1,14
116522,Tm4,25584,LC4,7,acetylcholine,18,18
78470,Tm3,25584,LC4,7,acetylcholine,19,18
77582,T2,25584,LC4,7,acetylcholine,30,21
71965,Tm4,25584,LC4,7,acetylcholine,31,8
69660,Tm4,25584,LC4,7,acetylcholine,13,16
67343,Tm4,25584,LC4,7,acetylcholine,28,10
61550,T2,25584,LC4,7,acetylcholine,14,19
60235,TmY3,25584,LC4,7,acetylcholine,4,27
53924,Li14,25584,LC4,7,glutamate,20,18
52482,Tm37,25584,LC4,7,glutamate,21,18
46859,Tm2,25584,LC4,7,acetylcholine,22,18
45310,TmY3,25584,LC4,7,acetylcholine,2,12
25636,LPLC2,25584,LC4,7,acetylcholine,23,18
13797,Li29,25584,LC4,7,gaba,8,29
13594,MeLo8,25584,LC4,7,gaba,5,12
561561,Tm4,28980,LC4,7,acetylcholine,13,2
543953,T2,28980,LC4,7,acetylcholine,17,3
542761,T2,28980,LC4,7,acetylcholine,0,16
542052,Tm4,28980,LC4,7,acetylcholine,17,21
539141,TmY18,28980,LC4,7,acetylcholine,24,18
537894,TmY3,28980,LC4,7,acetylcholine,3,5
535563,Tm2,28980,LC4,7,acetylcholine,25,18
532773,Tm4,28980,LC4,7,acetylcholine,12,20
525908,Tm4,28980,LC4,7,acetylcholine,26,19
524817,MeLo2,28980,LC4,7,acetylcholine,3,16
518983,LC4,28980,LC4,7,acetylcholine,5,9
160660,T2,28980,LC4,7,acetylcholine,18,3
130246,T2,28980,LC4,7,acetylcholine,20,3
124024,T2,28980,LC4,7,acetylcholine,10,2
122975,T2,28980,LC4,7,acetylcholine,31,0
116632,Tm3,28980,LC4,7,acetylcholine,26,18
100777,Tm3,28980,LC4,7,acetylcholine,7,12
88760,Tm3,28980,LC4,7,acetylcholine,27,18
66204,Tm2,28980,LC4,7,acetylcholine,28,18
66091,Tm2,28980,LC4,7,acetylcholine,29,18
61893,Tm2,28980,LC4,7,acetylcholine,30,18
50066,Y11,28980,LC4,7,glutamate,31,18
38423,CB2940,28980,LC4,7,acetylcholine,28,5
22772,LC4,28980,LC4,7,acetylcholine,3,28
17478,LC4,28980,LC4,7,acetylcholine,0,10
547091,T2,22328,LC4,7,acetylcholine,3,13
154492,TmY18,22328,LC4,7,acetylcholine,0,19
112194,Tm3,22328,LC4,7,acetylcholine,1,19
85292,Tm3,22328,LC4,7,acetylcholine,2,19
80855,Tm3,22328,LC4,7,acetylcholine,3,19
77756,T2,22328,LC4,7,acetylcholine,8,15
73116,T2,22328,LC4,7,acetylcholine,1,8
70882,Tm4,22328,LC4,7,acetylcholine,23,31
70655,T2,22328,LC4,7,acetylcholine,8,1
69090,T2,22328,LC4,7,acetylcholine,16,16
61768,T2,22328,LC4,7,acetylcholine,21,16
60048,Tm2,22328,LC4,7,acetylcholine,12,15
57871,T2,22328,LC4,7,acetylcholine,23,22
54694,Tm37,22328,LC4,7,glutamate,4,19
52527,Tm2,22328,LC4,7,acetylcholine,5,19
52357,Tm2,22328,LC4,7,acetylcholine,6,19
52062,Tm2,22328,LC4,7,acetylcholine,25,29
43948,MeLo2,22328,LC4,7,acetylcholine,9,8
35360,Li25,22328,LC4,7,gaba,17,18
30923,TmY3,22328,LC4,7,acetylcholine,27,31
22194,LC4,22328,LC4,7,acetylcholine,20,7
13671,MeLo8,22328,LC4,7,gaba,0,10
926189,Tm3,514956,LC4,7,acetylcholine,7,19
556427,Y14,514956,LC4,7,glutamate,8,19
536960,Tm4,514956,LC4,7,acetylcholine,9,19
531845,T2,514956,LC4,7,acetylcholine,20,27
530358,Tlp13,514956,LC4,7,glutamate,5,26
524914,Tm4,514956,LC4,7,acetylcholine,10,19
522956,TmY15,514956,LC4,7,gaba,11,19
515476,LC4,514956,LC4,7,acetylcholine,2,20
512336,TmY3,514956,LC4,7,acetylcholine,23,26
123341,T2,514956,LC4,7,acetylcholine,11,10
104833,Tm3,514956,LC4,7,acetylcholine,12,19
93642,Tm5Y,514956,LC4,7,acetylcholine,13,19
73776,TmY3,514956,LC4,7,acetylcholine,9,22
71946,TmY3,514956,LC4,7,acetylcholine,0,9
60874,Tm2,514956,LC4,7,acetylcholine,14,19
49550,TmY3,514956,LC4,7,acetylcholine,24,7
38423,CB2940,514956,LC4,7,acetylcholine,28,5
20434,PVLP046,514956,LC4,7,gaba,0,21
13813,MeLo8,514956,LC4,7,gaba,2,20
12032,LC4,514956,LC4,7,acetylcholine,27,2
10611,Li39,514956,LC4,7,gaba,15,0
530722,Tm4,29514,LC4,7,acetylcholine,15,19
519749,Tm4,29514,LC4,7,acetylcholine,11,12
519082,TmY3,29514,LC4,7,acetylcholine,2,14
514407,Li29,29514,LC4,7,gaba,1,23
512812,TmY3,29514,LC4,7,acetylcholine,27,24
512342,Tm3,29514,LC4,7,acetylcholine,16,19
102507,Tlp12,29514,LC4,7,glutamate,17,8
89928,Tm2,29514,LC4,7,acetylcholine,17,19
73053,T2,29514,LC4,7,acetylcholine,17,30
64738,Tm2,29514,LC4,7,acetylcholine,18,19
59631,Tm2,29514,LC4,7,acetylcholine,12,29
25944,Li26,29514,LC4,7,gaba,12,1
22123,TmY15,29514,LC4,7,gaba,19,19
21727,Tlp14,29514,LC4,7,glutamate,30,3
21002,T2,29514,LC4,7,acetylcholine,8,0
15791,SAD064,29514,LC4,7,acetylcholine,24,14
14452,MeLo8,29514,LC4,7,gaba,21,20
13308,Li29,29514,LC4,7,gaba,14,19
10158,LT56,29514,LC4,7,glutamate,31,5
549535,Tm4,22922,LC4,7,acetylcholine,20,19
531902,Tm3,22922,LC4,7,acetylcholine,21,19
524926,Tm2,22922,LC4,7,acetylcholine,22,19
523824,TmY3,22922,LC4,7,acetylcholine,9,21
520546,Tm2,22922,LC4,7,acetylcholine,4,6
513600,Tm4,22922,LC4,7,acetylcholine,17,9
128131,Tm3,22922,LC4,7,acetylcholine,23,19
105268,Tm3,22922,LC4,7,acetylcholine,24,19
81858,T2,22922,LC4,7,acetylcholine,7,28
81112,LC4,22922,LC4,7,acetylcholine,6,2
77503,T2,22922,LC4,7,acetylcholine,2,7
68762,Li14,22922,LC4,7,glutamate,25,19
32480,TmY3,22922,LC4,7,acetylcholine,16,20
31301,LC4,22922,LC4,7,acetylcholine,12,9
24794,LPLC1,22922,LC4,7,acetylcholine,29,6
23724,Li26,22922,LC4,7,gaba,17,28
21469,Li25,22922,LC4,7,gaba,25,20
18350,PVLP046,22922,LC4,7,gaba,25,3
17141,TmY3,22922,LC4,7,acetylcholine,6,20
11102,PVLP046,22922,LC4,7,gaba,20,4
543961,T2,517752,LC4,7,acetylcholine,22,24
533577,Tm4,517752,LC4,7,acetylcholine,26,19
532771,T2,517752,LC4,7,acetylcholine,27,19
520113,Tm2,517752,LC4,7,acetylcholine,28,19
517951,Tm4,517752,LC4,7,acetylcholine,15,0
514516,Tm37,517752,LC4,7,glutamate,29,19
514508,LC4,517752,LC4,7,acetylcholine,30,19
513947,Tm5c,517752,LC4,7,glutamate,31,19
513904,SAD049,517752,LC4,7,acetylcholine,8,14
513176,Li25,517752,LC4,7,gaba,27,15
512336,TmY3,517752,LC4,7,acetylcholine,23,26
160295,T2,517752,LC4,7,acetylcholine,15,2
92019,Y14,517752,LC4,7,glutamate,0,20
85852,TmY3,517752,LC4,7,acetylcholine,5,26
82327,Tm2,517752,LC4,7,acetylcholine,1,20
80335,Li14,517752,LC4,7,glutamate,2,20
76620,Tm3,517752,LC4,7,acetylcholine,3,20
58934,Tm2,517752,LC4,7,acetylcholine,4,20
49057,Tm4,517752,LC4,7,acetylcholine,13,20
36868,TmY3,517752,LC4,7,acetylcholine,0,14
31429,LC4,517752,LC4,7,acetylcholine,11,7
26878,Tm2,517752,LC4,7,acetylcholine,5,20
25968,Tm2,517752,LC4,7,acetylcholine,6,20
14201,TmY19b,517752,LC4,7,gaba,24,26
518428,CB4179,21165,LC4,7,gaba,7,20
114204,Tm4,21165,LC4,7,acetylcholine,31,13
103638,Tm3,21165,LC4,7,acetylcholine,8,20
101962,Tm3,21165,LC4,7,acetylcholine,6,14
100640,TmY18,21165,LC4,7,acetylcholine,9,20
98524,Tm4,21165,LC4,7,acetylcholine,10,20
94566,T2,21165,LC4,7,acetylcholine,13,25
92170,Tm2,21165,LC4,7,acetylcholine,11,20
89939,Tm2,21165,LC4,7,acetylcholine,12,20
89620,Tm2,21165,LC4,7,acetylcholine,13,20
88076,Tm2,21165,LC4,7,acetylcholine,5,12
88020,Tm2,21165,LC4,7,acetylcholine,29,25
87352,Tm4,21165,LC4,7,acetylcholine,7,9
86056,T2,21165,LC4,7,acetylcholine,14,20
84128,Tm4,21165,LC4,7,acetylcholine,8,15
81463,Tm3,21165,LC4,7,acetylcholine,15,20
81415,T2,21165,LC4,7,acetylcholine,6,15
76687,Tm4,21165,LC4,7,acetylcholine,12,1
75540,Tm4,21165,LC4,7,acetylcholine,29,24
66746,Tm2,21165,LC4,7,acetylcholine,16,20
62505,TmY3,21165,LC4,7,acetylcholine,0,28
62462,Tm2,21165,LC4,7,acetylcholine,17,20
62490,TmY3,21165,LC4,7,acetylcholine,28,16
62354,Tm2,21165,LC4,7,acetylcholine,18,20
58795,Tm2,21165,LC4,7,acetylcholine,19,20
43053,Li14,21165,LC4,7,glutamate,20,20
30814,LPLC1,21165,LC4,7,acetylcholine,21,20
30449,LC9,21165,LC4,7,acetylcholine,15,29
21225,LC4,21165,LC4,7,acetylcholine,26,0
20399,LC4,21165,LC4,7,acetylcholine,31,9
547704,TmY18,16628,LC4,7,acetylcholine,22,20
547675,Tm4,16628,LC4,7,acetylcholine,23,20
539780,Tm37,16628,LC4,7,glutamate,24,20
118356,T2,16628,LC4,7,acetylcholine,25,20
117551,Tm3,16628,LC4,7,acetylcholine,26,20
107578,Tm4,16628,LC4,7,acetylcholine,27,20
100671,Tm4,16628,LC4,7,acetylcholine,30,2
93851,Tm4,16628,LC4,7,acetylcholine,28,20
86892,T2,16628,LC4,7,acetylcholine,31,10
84486,Tm2,16628,LC4,7,acetylcholine,29,20
83662,Tm4,16628,LC4,7,acetylcholine,30,20
81170,T2,16628,LC4,7,acetylcholine,17,19
78059,T2,16628,LC4,7,acetylcholine,31,20
77542,T2,16628,LC4,7,acetylcholine,1,5
74674,T2,16628,LC4,7,acetylcholine,12,31
73347,T2,16628,LC4,7,acetylcholine,4,5
70648,T2,16628,LC4,7,acetylcholine,0,21
68025,Tm4,16628,LC4,7,acetylcholine,1,21
64951,Tm3,16628,LC4,7,acetylcholine,2,21
60800,Tm4,16628,LC4,7,acetylcholine,13,29
59864,Tm3,16628,LC4,7,acetylcholine,11,28
53348,Tm2,16628,LC4,7,acetylcholine,3,21
50795,Tm2,16628,LC4,7,acetylcholine,4,21
47954,Tm2,16628,LC4,7,acetylcholine,5,21
46225,Tlp13,16628,LC4,7,glutamate,6,21
44914,TmY3,16628,LC4,7,acetylcholine,6,19
34360,Y12,16628,LC4,7,glutamate,7,21
33212,Y12,16628,LC4,7,glutamate,8,21
30427,MeLo2,16628,LC4,7,acetylcholine,9,21
22215,TmY15,16628,LC4,7,gaba,10,21
21225,LC4,16628,LC4,7,acetylcholine,26,0
19589,LPLC2,16628,LC4,7,acetylcholine,0,2
18127,LC4,16628,LC4,7,acetylcholine,31,30
17551,LPLC2,16628,LC4,7,acetylcholine,11,21
16545,Li28,16628,LC4,7,gaba,30,0
540362,Tm4,519931,LC4,7,acetylcholine,4,28
539627,Tm4,519931,LC4,7,acetylcholine,6,0
532687,TmY3,519931,LC4,7,acetylcholine,12,12
521516,Li30,519931,LC4,7,gaba,27,15
517829,Li15,519931,LC4,7,gaba,25,18
516562,Tm3,519931,LC4,7,acetylcholine,12,21
512199,Li17,519931,LC4,7,gaba,1,2
158720,Tm3,519931,LC4,7,acetylcholine,13,21
142191,T2,519931,LC4,7,acetylcholine,9,30
132278,T2,519931,LC4,7,acetylcholine,4,9
129763,Tm3,519931,LC4,7,acetylcholine,14,21
124556,T2,519931,LC4,7,acetylcholine,15,21
101283,Tlp12,519931,LC4,7,glutamate,16,21
86883,Tm3,519931,LC4,7,acetylcholine,17,21
68749,Tm4,519931,LC4,7,acetylcholine,10,28
57728,Tlp12,519931,LC4,7,glutamate,18,21
56932,Tm2,519931,LC4,7,acetylcholine,8,9
40562,Tm5Y,519931,LC4,7,acetylcholine,19,21
38925,Tm2,519931,LC4,7,acetylcholine,20,21
34562,Tm37,519931,LC4,7,glutamate,21,21
12116,Tm2,519931,LC4,7,acetylcholine,22,21
12004,MeLo8,519931,LC4,7,gaba,13,12
543456,Tm4,18478,LC4,7,acetylcholine,23,21
524899,LC4,18478,LC4,7,acetylcholine,14,2
152423,T2,18478,LC4,7,acetylcholine,24,21
134459,T2,18478,LC4,7,acetylcholine,11,3
134111,Tm37,18478,LC4,7,glutamate,5,9
132675,T2,18478,LC4,7,acetylcholine,25,21
121538,TmY18,18478,LC4,7,acetylcholine,26,21
98637,T2,18478,LC4,7,acetylcholine,11,30
96714,Tm4,18478,LC4,7,acetylcholine,27,21
93193,Tm4,18478,LC4,7,acetylcholine,0,30
91852,Li14,18478,LC4,7,glutamate,28,21
91520,Tm3,18478,LC4,7,acetylcholine,29,21
91460,Tm4,18478,LC4,7,acetylcholine,30,21
82983,T2,18478,LC4,7,acetylcholine,29,16
71300,Tm4,18478,LC4,7,acetylcholine,14,21
64164,T2,18478,LC4,7,acetylcholine,19,24
57404,TmY3,18478,LC4,7,acetylcholine,7,26
54547,TmY3,18478,LC4,7,acetylcholine,20,8
21721,LC4,18478,LC4,7,acetylcholine,27,21
20859,LC4,18478,LC4,7,acetylcholine,5,26
13907,Li11a,18478,LC4,7,gaba,31,21
534439,T2,27624,LC4,7,acetylcholine,29,27
534436,Y14,27624,LC4,7,glutamate,0,22
529118,T2,27624,LC4,7,acetylcholine,28,23
520376,LC21,27624,LC4,7,acetylcholine,1,22
519020,MeLo12,27624,LC4,7,glutamate,2,22
161291,Tm4,27624,LC4,7,acetylcholine,3,22
144350,T2,27624,LC4,7,acetylcholine,4,22
129953,Tm4,27624,LC4,7,acetylcholine,12,23
113986,Tm2,27624,LC4,7,acetylcholine,5,22
101189,Tm3,27624,LC4,7,acetylcholine,6,22
97501,Tm2,27624,LC4,7,acetylcholine,7,22
96294,T2,27624,LC4,7,acetylcholine,2,15
81490,T2,27624,LC4,7,acetylcholine,8,22
60941,TmY3,27624,LC4,7,acetylcholine,23,25
60267,T2,27624,LC4,7,acetylcholine,9,22
44575,Tm2,27624,LC4,7,acetylcholine,10,22
29755,TmY3,27624,LC4,7,acetylcholine,12,5
27750,LC4,27624,LC4,7,acetylcholine,19,19
17544,LPLC2,27624,LC4,7,acetylcholine,11,22
14731,LPLC1,27624,LC4,7,acetylcholine,12,22
13577,MeLo8,27624,LC4,7,gaba,21,0
13485,MeLo8,27624,LC4,7,gaba,29,11
98396,Tm4,20282,LC4,7,acetylcholine,13,22
92692,Tm3,20282,LC4,7,acetylcholine,28,20
86966,T2,20282,LC4,7,acetylcholine,14,22
86782,T2,20282,LC4,7,acetylcholine,0,21
86067,T2,20282,LC4,7,acetylcholine,13,3
83744,T2,20282,LC4,7,acetylcholine,15,22
78704,Tm4,20282,LC4,7,acetylcholine,25,13
77041,T2,20282,LC4,7,acetylcholine,3,27
76464,Tm4,20282,LC4,7,acetylcholine,16,22
72706,Tm2,20282,LC4,7,acetylcholine,15,3
72292,Tm3,20282,LC4,7,acetylcholine,17,22
70792,T2,20282,LC4,7,acetylcholine,28,17
70273,Tm4,20282,LC4,7,acetylcholine,18,22
68004,Tm3,20282,LC4,7,acetylcholine,19,22
65730,T2,20282,LC4,7,acetylcholine,15,24
63208,T2,20282,LC4,7,acetylcholine,5,22
61569,TmY3,20282,LC4,7,acetylcholine,2,12
57683,TmY3,20282,LC4,7,acetylcholine,1,7
56612,Tm2,20282,LC4,7,acetylcholine,1,9
28566,TmY19a,20282,LC4,7,gaba,29,13
23929,LC4,20282,LC4,7,acetylcholine,9,25
22274,LPLC1,20282,LC4,7,acetylcholine,20,22
20588,LC4,20282,LC4,7,acetylcholine,30,9
15281,Li17,20282,LC4,7,gaba,0,15
544029,T2,81112,LC4,7,acetylcholine,8,4
544033,TmY3,81112,LC4,7,acetylcholine,30,31
541590,T2,81112,LC4,7,acetylcholine,15,16
533194,Tm3,81112,LC4,7,acetylcholine,21,22
526929,T2,81112,LC4,7,acetylcholine,25,12
526758,Tm4,81112,LC4,7,acetylcholine,16,0
525576,Tm2,81112,LC4,7,acetylcholine,22,22
519957,T2,81112,LC4,7,acetylcholine,12,4
517918,Tm4,81112,LC4,7,acetylcholine,5,7
512285,T2,81112,LC4,7,acetylcholine,31,24
511914,LC4,81112,LC4,7,acetylcholine,18,22
111836,T2,81112,LC4,7,acetylcholine,23,22
84386,Tm2,81112,LC4,7,acetylcholine,24,22
79908,T2,81112,LC4,7,acetylcholine,10,2
73699,TmY3,81112,LC4,7,acetylcholine,28,5
71157,CB3513,81112,LC4,7,gaba,25,22
64053,Y14,81112,LC4,7,glutamate,26,22
57876,T2a,81112,LC4,7,acetylcholine,27,22
35616,LC4,81112,LC4,7,acetylcholine,25,2
32597,LC4,81112,LC4,7,acetylcholine,23,4
31308,LC4,81112,LC4,7,acetylcholine,23,5
88643,T2,26112,LC4,7,acetylcholine,30,24
88599,T2,26112,LC4,7,acetylcholine,11,17
86303,T2,26112,LC4,7,acetylcholine,8,18
84102,Tm4,26112,LC4,7,acetylcholine,28,22
82509,T2,26112,LC4,7,acetylcholine,29,22
80831,T2,26112,LC4,7,acetylcholine,30,10
70169,TmY3,26112,LC4,7,acetylcholine,31,9
68337,TmY3,26112,LC4,7,acetylcholine,21,19
67457,LPT111,26112,LC4,7,gaba,5,31
64976,Tm2,26112,LC4,7,acetylcholine,30,22
63656,TmY3,26112,LC4,7,acetylcholine,3,15
29845,Tlp14,26112,LC4,7,glutamate,9,14
25138,Li26,26112,LC4,7,gaba,20,27
23392,LC4,26112,LC4,7,acetylcholine,7,2
16007,TmY19a,26112,LC4,7,gaba,19,2
539413,LT56,21336,LC4,7,glutamate,4,14
88012,T2,21336,LC4,7,acetylcholine,13,0
84434,Tm3,21336,LC4,7,acetylcholine,13,31
77987,T2,21336,LC4,7,acetylcholine,2,14
72301,Tm4,21336,LC4,7,acetylcholine,3,1
71654,Tm4,21336,LC4,7,acetylcholine,19,23
66956,T2,21336,LC4,7,acetylcholine,4,9
66173,Tm4,21336,LC4,7,acetylcholine,31,12
60658,Tm5Y,21336,LC4,7,acetylcholine,31,22
60510,T2,21336,LC4,7,acetylcholine,14,28
59361,TmY3,21336,LC4,7,acetylcholine,28,26
53204,Li14,21336,LC4,7,glutamate,0,23
52712,Tm2,21336,LC4,7,acetylcholine,19,19
50177,Tm2,21336,LC4,7,acetylcholine,1,23
48547,TmY3,21336,LC4,7,acetylcholine,22,20
47727,Tm2,21336,LC4,7,acetylcholine,29,8
36650,Tlp12,21336,LC4,7,glutamate,31,22
32944,Li25,21336,LC4,7,gaba,24,17
29216,LPLC2,21336,LC4,7,acetylcholine,2,23
27194,PVLP046,21336,LC4,7,gaba,18,3
26011,Li26,21336,LC4,7,gaba,26,7
24110,LC9,21336,LC4,7,acetylcholine,20,18
20673,LC4,21336,LC4,7,acetylcholine,30,30
19454,PVLP024,21336,LC4,7,gaba,3,11
14528,MeLo8,21336,LC4,7,gaba,0,17
13850,Li29,21336,LC4,7,gaba,28,11
130376,Tm3,23792,LC4,7,acetylcholine,3,23
118269,TmY18,23792,LC4,7,acetylcholine,4,23
116094,Tm4,23792,LC4,7,acetylcholine,5,18
111896,Tm4,23792,LC4,7,acetylcholine,4,15
93736,Tm3,23792,LC4,7,acetylcholine,4,12
93350,Tm3,23792,LC4,7,acetylcholine,5,23
91495,Tm4,23792,LC4,7,acetylcholine,4,8
86323,Tm4,23792,LC4,7,acetylcholine,21,31
83599,T2,23792,LC4,7,acetylcholine,11,13
81748,T2,23792,LC4,7,acetylcholine,20,14
81076,T2,23792,LC4,7,acetylcholine,29,2
80964,T2,23792,LC4,7,acetylcholine,30,2
79718,Tm4,23792,LC4,7,acetylcholine,8,21
78771,Tm4,23792,LC4,7,acetylcholine,10,18
77448,T2,23792,LC4,7,acetylcholine,7,14
77097,Tm4,23792,LC4,7,acetylcholine,6,23
70645,T2,23792,LC4,7,acetylcholine,8,24
62320,Tm2,23792,LC4,7,acetylcholine,7,23
62197,Tm2,23792,LC4,7,acetylcholine,8,23
61900,Tm2,23792,LC4,7,acetylcholine,5,13
58958,Tm2,23792,LC4,7,acetylcholine,8,12
48560,Tlp13,23792,LC4,7,glutamate,16,2
41181,Y11,23792,LC4,7,glutamate,10,8
34308,Li25,23792,LC4,7,gaba,11,28
24090,Li26,23792,LC4,7,gaba,30,25
19454,PVLP024,23792,LC4,7,gaba,3,11
17054,LC4,23792,LC4,7,acetylcholine,9,4
13797,Li29,23792,LC4,7,gaba,8,29
12237,SAD055,23792,LC4,7,acetylcholine,24,31
557909,LC9,14888,LC4,7,acetylcholine,4,6
539372,TmY3,14888,LC4,7,acetylcholine,21,16
530348,T2,14888,LC4,7,acetylcholine,9,6
520075,Tm2,14888,LC4,7,acetylcholine,12,5
519650,LC4,14888,LC4,7,acetylcholine,4,22
518983,LC4,14888,LC4,7,acetylcholine,5,9
100485,LC4,14888,LC4,7,acetylcholine,23,20
100377,T2,14888,LC4,7,acetylcholine,26,22
96716,T2,14888,LC4,7,acetylcholine,16,19
76068,Tm4,14888,LC4,7,acetylcholine,29,28
71118,Tm4,14888,LC4,7,acetylcholine,9,23
68833,T2,14888,LC4,7,acetylcholine,22,11
62568,Tm4,14888,LC4,7,acetylcholine,25,13
61542,TmY3,14888,LC4,7,acetylcholine,16,28
58278,Tm2,14888,LC4,7,acetylcholine,10,23
50351,Tlp12,14888,LC4,7,glutamate,26,13
24523,LC4,14888,LC4,7,acetylcholine,30,17
21761,Li34a,14888,LC4,7,gaba,11,23
17340,LC4,14888,LC4,7,acetylcholine,30,27
12824,LC4,14888,LC4,7,acetylcholine,9,24
10345,LT40,14888,LC4,7,gaba,16,3
527208,Tlp13,519650,LC4,7,glutamate,31,6
527071,Tm2,519650,LC4,7,acetylcholine,21,15
518016,LC4,519650,LC4,7,acetylcholine,11,9
151737,Tm3,519650,LC4,7,acetylcholine,12,23
126831,T2,519650,LC4,7,acetylcholine,4,29
81795,T2,519650,LC4,7,acetylcholine,1,1
75440,T2,519650,LC4,7,acetylcholine,11,27
73957,T2,519650,LC4,7,acetylcholine,2,1
72639,T2,519650,LC4,7,acetylcholine,22,14
71468,T2,519650,LC4,7,acetylcholine,28,15
64533,T2,519650,LC4,7,acetylcholine,23,14
61103,Tm2,519650,LC4,7,acetylcholine,13,23
56662,Li14,519650,LC4,7,glutamate,14,23
56029,T2,519650,LC4,7,acetylcholine,6,11
53004,Tm2,519650,LC4,7,acetylcholine,15,23
50720,TmY3,519650,LC4,7,acetylcholine,4,7
49267,Tm4,519650,LC4,7,acetylcholine,16,23
43103,TmY3,519650,LC4,7,acetylcholine,14,17
31308,LC4,519650,LC4,7,acetylcholine,23,5
28647,T2,519650,LC4,7,acetylcholine,27,6
26217,T2,519650,LC4,7,acetylcholine,26,24
23724,Li26,519650,LC4,7,gaba,17,28
21469,Li25,519650,LC4,7,gaba,25,20
20524,Li16,519650,LC4,7,glutamate,7,30
556660,Li13,518730,LC4,7,gaba,17,23
543159,Li14,518730,LC4,7,glutamate,18,23
531862,LT41,518730,LC4,7,gaba,31,3
525043,Tm3,518730,LC4,7,acetylcholine,19,23
518544,LC4,518730,LC4,7,acetylcholine,13,20
518465,Tm4,518730,LC4,7,acetylcholine,0,2
511914,LC4,518730,LC4,7,acetylcholine,18,22
133837,Tm3,518730,LC4,7,acetylcholine,20,23
106757,T2,518730,LC4,7,acetylcholine,21,23
101018,T2,518730,LC4,7,acetylcholine,1,2
91695,Tm3,518730,LC4,7,acetylcholine,3,22
88049,Tm2,518730,LC4,7,acetylcholine,2,2
85079,T2,518730,LC4,7,acetylcholine,19,8
80041,Tm4,518730,LC4,7,acetylcholine,22,2
76892,T2,518730,LC4,7,acetylcholine,30,24
63609,TmY3,518730,LC4,7,acetylcholine,16,23
52372,Y12,518730,LC4,7,glutamate,22,23
20976,LC4,518730,LC4,7,acetylcholine,7,8
17270,LC4,518730,LC4,7,acetylcholine,20,31
15261,CB2664,518730,LC4,7,acetylcholine,5,0
533866,Tm3,29417,LC4,7,acetylcholine,23,23
531862,LT41,29417,LC4,7,gaba,31,3
525559,T2,29417,LC4,7,acetylcholine,27,31
524107,Tm2,29417,LC4,7,acetylcholine,9,28
524103,Tm4,29417,LC4,7,acetylcholine,24,23
515727,TmY3,29417,LC4,7,acetylcholine,16,19
514115,T2,29417,LC4,7,acetylcholine,1,28
115359,Tm4,29417,LC4,7,acetylcholine,25,23
110239,T2,29417,LC4,7,acetylcholine,2,0
108365,T2,29417,LC4,7,acetylcholine,21,30
103012,T2,29417,LC4,7,acetylcholine,4,25
86036,TmY3,29417,LC4,7,acetylcholine,7,15
56507,Y14,29417,LC4,7,glutamate,26,23
30087,LC4,29417,LC4,7,acetylcholine,1,26
25607,PVLP046,29417,LC4,7,gaba,12,3
17596,Li28,29417,LC4,7,gaba,9,2
13308,Li29,29417,LC4,7,gaba,14,19
569242,Tm3,12824,LC4,7,acetylcholine,27,23
549291,Li14,12824,LC4,7,glutamate,28,23
548374,T2,12824,LC4,7,acetylcholine,29,23
533156,T2,12824,LC4,7,acetylcholine,6,11
530868,T2,12824,LC4,7,acetylcholine,18,17
519153,LPLC1,12824,LC4,7,acetylcholine,30,23
140974,LC9,12824,LC4,7,acetylcholine,17,14
119074,Tm3,12824,LC4,7,acetylcholine,11,12
70818,Tm4,12824,LC4,7,acetylcholine,30,13
70786,Tm4,12824,LC4,7,acetylcholine,5,22
66194,T2,12824,LC4,7,acetylcholine,28,28
54972,Tm2,12824,LC4,7,acetylcholine,31,23
47113,Tm2,12824,LC4,7,acetylcholine,0,24
32660,Tm2,12824,LC4,7,acetylcholine,1,24
16475,PVLP024,12824,LC4,7,gaba,20,7
11524,TmY19a,12824,LC4,7,gaba,11,15
10933,MeLo8,12824,LC4,7,gaba,25,6
96284,Tm4,527408,LC4,7,acetylcholine,26,14
80640,Tm4,527408,LC4,7,acetylcholine,2,24
80442,Tm4,527408,LC4,7,acetylcholine,23,28
74998,Tm4,527408,LC4,7,acetylcholine,16,1
69700,T2,527408,LC4,7,acetylcholine,2,2
68345,T2,527408,LC4,7,acetylcholine,28,15
66197,T2,527408,LC4,7,acetylcholine,5,14
55926,Tm2,527408,LC4,7,acetylcholine,9,0
52260,Tm2,527408,LC4,7,acetylcholine,31,29
50248,Tm2,527408,LC4,7,acetylcholine,22,27
41210,LC9,527408,LC4,7,acetylcholine,27,9
34799,Li25,527408,LC4,7,gaba,28,27
29563,LC4,527408,LC4,7,acetylcholine,28,5
25454,TmY19a,527408,LC4,7,gaba,0,11
23955,TmY19a,527408,LC4,7,gaba,13,24
19908,TmY19b,527408,LC4,7,gaba,18,5
13926,MeLo8,527408,LC4,7,gaba,11,31
537415,T2,12032,LC4,7,acetylcholine,23,21
537357,Y14,12032,LC4,7,glutamate,3,24
523779,Tm3,12032,LC4,7,acetylcholine,4,24
513963,Y11,12032,LC4,7,glutamate,2,9
513183,Tm4,12032,LC4,7,acetylcholine,31,30
161090,Tm4,12032,LC4,7,acetylcholine,27,25
157463,T2,12032,LC4,7,acetylcholine,30,0
142221,T2,12032,LC4,7,acetylcholine,26,21
141173,T2a,12032,LC4,7,acetylcholine,5,24
114182,Tm3,12032,LC4,7,acetylcholine,6,24
98637,T2,12032,LC4,7,acetylcholine,11,30
97921,Tm3,12032,LC4,7,acetylcholine,7,24
87739,Tlp13,12032,LC4,7,glutamate,8,24
75556,Tm2,12032,LC4,7,acetylcholine,9,24
59166,Tm4,12032,LC4,7,acetylcholine,27,18
38438,LC9,12032,LC4,7,acetylcholine,0,22
16459,PVLP024,12032,LC4,7,gaba,5,15
13591,LoVC17,12032,LC4,7,gaba,10,24
11102,PVLP046,12032,LC4,7,gaba,20,4
540363,T2,111787,LC4,7,acetylcholine,26,27
530624,T2,111787,LC4,7,acetylcholine,29,2
530290,Tm4,111787,LC4,7,acetylcholine,22,0
525118,Tm4,111787,LC4,7,acetylcholine,11,24
515456,Tm4,111787,LC4,7,acetylcholine,12,24
512528,TmY3,111787,LC4,7,acetylcholine,26,5
93592,TmY3,111787,LC4,7,acetylcholine,16,10
84924,Tm3,111787,LC4,7,acetylcholine,31,18
73140,T2,111787,LC4,7,acetylcholine,30,23
53347,T2,111787,LC4,7,acetylcholine,23,19
51146,Y14,111787,LC4,7,glutamate,13,24
44459,Tm2,111787,LC4,7,acetylcholine,14,24
38423,CB2940,111787,LC4,7,acetylcholine,28,5
25438,SAD064,111787,LC4,7,acetylcholine,5,5
23222,Tm2,111787,LC4,7,acetylcholine,15,24
22874,TmY3,111787,LC4,7,acetylcholine,5,24
15346,T2,111787,LC4,7,acetylcholine,31,27
13875,MeLo8,111787,LC4,7,gaba,25,4
11838,Li17,111787,LC4,7,gaba,0,19
539875,T2,35262,LC4,7,acetylcholine,20,25
532796,Tm2,35262,LC4,7,acetylcholine,30,0
530029,LC4,35262,LC4,7,acetylcholine,17,25
529622,Tm2,35262,LC4,7,acetylcholine,16,24
529035,Y11,35262,LC4,7,glutamate,28,24
524835,Tm37,35262,LC4,7,glutamate,17,24
517322,T2,35262,LC4,7,acetylcholine,25,20
514956,LC4,35262,LC4,7,acetylcholine,9,11
514298,TmY3,35262,LC4,7,acetylcholine,18,17
514215,Tm4,35262,LC4,7,acetylcholine,24,26
111495,Tm4,35262,LC4,7,acetylcholine,18,24
106754,T2,35262,LC4,7,acetylcholine,24,18
100826,T2,35262,LC4,7,acetylcholine,30,4
92913,T2,35262,LC4,7,acetylcholine,6,8
77614,LC4,35262,LC4,7,acetylcholine,20,31
62691,LLPC2,35262,LC4,7,acetylcholine,19,24
41569,T2,35262,LC4,7,acetylcholine,5,13
36817,TmY3,35262,LC4,7,acetylcholine,12,25
33137,LC4,35262,LC4,7,acetylcholine,22,15
30351,LC9,35262,LC4,7,acetylcholine,13,14
29469,LC4,35262,LC4,7,acetylcholine,6,15
26736,Li26,35262,LC4,7,gaba,20,24
22257,PVLP046,35262,LC4,7,gaba,16,12
18756,Li26,35262,LC4,7,gaba,27,20
15253,LPLC1,35262,LC4,7,acetylcholine,6,7
575600,Y12,23202,LC4,7,glutamate,21,24
525666,Tm4,23202,LC4,7,acetylcholine,22,24
516277,T2,23202,LC4,7,acetylcholine,20,29
512526,TmY3,23202,LC4,7,acetylcholine,13,15
168950,T2,23202,LC4,7,acetylcholine,28,13
141354,Tm2,23202,LC4,7,acetylcholine,23,24
86974,Tm3,23202,LC4,7,acetylcholine,24,24
76274,TmY3,23202,LC4,7,acetylcholine,11,14
70646,Tm3,23202,LC4,7,acetylcholine,25,24
54403,Tm2,23202,LC4,7,acetylcholine,26,24
50720,TmY3,23202,LC4,7,acetylcholine,4,7
30995,T2,23202,LC4,7,acetylcholine,21,6
22233,TmY3,23202,LC4,7,acetylcholine,23,23
20572,LC4,23202,LC4,7,acetylcholine,25,13
20434,PVLP046,23202,LC4,7,gaba,0,21
17939,PVLP046,23202,LC4,7,gaba,1,19
16459,PVLP024,23202,LC4,7,gaba,5,15
16040,Pm7_Li28,23202,LC4,7,gaba,7,0
11524,TmY19a,23202,LC4,7,gaba,11,15
10251,MeVP53,23202,LC4,7,gaba,13,27
537017,Li15,17054,LC4,7,gaba,8,14
133138,Tm4,17054,LC4,7,acetylcholine,27,24
85803,Tm4,17054,LC4,7,acetylcholine,15,17
75710,Tm3,17054,LC4,7,acetylcholine,28,24
72498,Tm4,17054,LC4,7,acetylcholine,29,24
70838,Tm3,17054,LC4,7,acetylcholine,17,30
70331,Tm3,17054,LC4,7,acetylcholine,30,24
69582,Tm3,17054,LC4,7,acetylcholine,31,24
69196,T2,17054,LC4,7,acetylcholine,9,5
69130,Tm4,17054,LC4,7,acetylcholine,0,25
68224,Tm3,17054,LC4,7,acetylcholine,1,25
67473,Tm4,17054,LC4,7,acetylcholine,16,13
64878,T2,17054,LC4,7,acetylcholine,26,31
64454,Tm4,17054,LC4,7,acetylcholine,14,3
64295,Tm3,17054,LC4,7,acetylcholine,2,25
63105,Tm2,17054,LC4,7,acetylcholine,3,25
61984,T2,17054,LC4,7,acetylcholine,16,21
60750,Tm5b,17054,LC4,7,acetylcholine,4,25
59358,Tm4,17054,LC4,7,acetylcholine,5,25
57518,T2,17054,LC4,7,acetylcholine,13,5
55626,TmY3,17054,LC4,7,acetylcholine,3,21
55043,TmY3,17054,LC4,7,acetylcholine,25,18
54609,Tm2,17054,LC4,7,acetylcholine,9,26
53069,Tm2,17054,LC4,7,acetylcholine,6,25
53207,Tm2,17054,LC4,7,acetylcholine,7,25
52767,Tm2,17054,LC4,7,acetylcholine,16,10
50951,Tm2,17054,LC4,7,acetylcholine,8,25
50844,Tm2,17054,LC4,7,acetylcholine,9,25
49759,Li14,17054,LC4,7,glutamate,10,25
48191,Tm2,17054,LC4,7,acetylcholine,11,25
46914,Tm2,17054,LC4,7,acetylcholine,12,25
41356,Tlp12,17054,LC4,7,glutamate,13,25
35072,LC9,17054,LC4,7,acetylcholine,14,25
29603,Tlp13,17054,LC4,7,glutamate,15,25
21769,LPLC2,17054,LC4,7,acetylcholine,31,0
20062,Li17,17054,LC4,7,gaba,13,26
19420,LC4,17054,LC4,7,acetylcholine,28,27
18189,LC4,17054,LC4,7,acetylcholine,4,11
17987,LC4,17054,LC4,7,acetylcholine,8,18
14106,CB2664,17054,LC4,7,acetylcholine,4,17
11628,LT40,17054,LC4,7,gaba,27,4
10480,MeVP53,17054,LC4,7,gaba,11,7
71408,T2,16128,LC4,7,acetylcholine,6,29
70704,Tm4,16128,LC4,7,acetylcholine,12,3
66691,Tm4,16128,LC4,7,acetylcholine,18,8
64606,T2,16128,LC4,7,acetylcholine,14,21
62357,Tm4,16128,LC4,7,acetylcholine,20,26
60914,Tm4,16128,LC4,7,acetylcholine,0,0
58928,Tm3,16128,LC4,7,acetylcholine,16,25
57620,Tm3,16128,LC4,7,acetylcholine,17,25
52250,Tm2,16128,LC4,7,acetylcholine,18,25
48611,Tm2,16128,LC4,7,acetylcholine,0,30
45638,Tm2,16128,LC4,7,acetylcholine,19,25
41356,Tlp12,16128,LC4,7,glutamate,13,25
37412,Tm4,16128,LC4,7,acetylcholine,20,25
33352,Li25,16128,LC4,7,gaba,7,12
31604,Y12,16128,LC4,7,glutamate,21,25
26231,TmY15,16128,LC4,7,gaba,22,25
23098,LC4,16128,LC4,7,acetylcholine,25,17
21336,LC4,16128,LC4,7,acetylcholine,14,15
20399,LC4,16128,LC4,7,acetylcholine,31,9
18676,TmY15,16128,LC4,7,gaba,23,25
16260,Li17,16128,LC4,7,gaba,4,26
14106,CB2664,16128,LC4,7,acetylcholine,4,17
108244,Tm4,21804,LC4,7,acetylcholine,24,25
97251,Tm3,21804,LC4,7,acetylcholine,19,6
94346,T2,21804,LC4,7,acetylcholine,25,13
93106,Tm4,21804,LC4,7,acetylcholine,25,25
89849,Tm3,21804,LC4,7,acetylcholine,26,25
86539,Tm3,21804,LC4,7,acetylcholine,27,25
86302,Tm4,21804,LC4,7,acetylcholine,28,25
73780,Tm2,21804,LC4,7,acetylcholine,29,25
73030,Tm2,21804,LC4,7,acetylcholine,30,25
63462,T2,21804,LC4,7,acetylcholine,5,21
63056,Tm2,21804,LC4,7,acetylcholine,31,25
58042,Tm5Y,21804,LC4,7,acetylcholine,0,26
35175,Li13,21804,LC4,7,gaba,1,26
23792,LC4,21804,LC4,7,acetylcholine,20,7
22847,LC4,21804,LC4,7,acetylcholine,10,6
20399,LC4,21804,LC4,7,acetylcholine,31,9
138496,Tm3,20016,LC4,7,acetylcholine,2,26
138000,Tm3,20016,LC4,7,acetylcholine,3,26
124455,Tm4,20016,LC4,7,acetylcholine,7,18
117197,Tm3,20016,LC4,7,acetylcholine,4,26
111978,TmY18,20016,LC4,7,acetylcholine,5,26
92125,T2,20016,LC4,7,acetylcholine,13,31
89809,Tm3,20016,LC4,7,acetylcholine,6,26
89248,T2,20016,LC4,7,acetylcholine,15,26
85651,Tm4,20016,LC4,7,acetylcholine,8,18
84270,T2,20016,LC4,7,acetylcholine,7,25
84039,T2,20016,LC4,7,acetylcholine,20,23
83370,Tm4,20016,LC4,7,acetylcholine,15,31
82935,Tm4,20016,LC4,7,acetylcholine,29,15
82696,Tm4,20016,LC4,7,acetylcholine,10,10
81496,T2,20016,LC4,7,acetylcholine,8,5
74827,Tm4,20016,LC4,7,acetylcholine,13,17
64696,Tm37,20016,LC4,7,glutamate,7,26
62736,Tm2,20016,LC4,7,acetylcholine,6,25
57715,Tm37,20016,LC4,7,glutamate,8,26
53025,Li14,20016,LC4,7,glutamate,9,26
42122,Y3,20016,LC4,7,acetylcholine,10,26
22945,Li26,20016,LC4,7,gaba,30,19
21313,LC4,20016,LC4,7,acetylcholine,17,25
17939,PVLP046,20016,LC4,7,gaba,1,19
16549,Li30,20016,LC4,7,gaba,27,9
13588,Li30,20016,LC4,7,gaba,12,1
567663,TmY18,15018,LC4,7,acetylcholine,11,26
541821,Tm2,15018,LC4,7,acetylcholine,3,17
521516,Li30,15018,LC4,7,gaba,27,15
515994,Y11,15018,LC4,7,glutamate,11,30
188109,Tm4,15018,LC4,7,acetylcholine,12,26
169890,TmY18,15018,LC4,7,acetylcholine,13,26
142855,Tm5Y,15018,LC4,7,acetylcholine,14,26
139862,Tm2,15018,LC4,7,acetylcholine,15,26
125583,Tm4,15018,LC4,7,acetylcholine,16,26
118861,Tm3,15018,LC4,7,acetylcholine,17,26
113795,T2,15018,LC4,7,acetylcholine,6,27
103298,T2,15018,LC4,7,acetylcholine,18,26
87754,Tm2,15018,LC4,7,acetylcholine,19,26
57201,T2,15018,LC4,7,acetylcholine,11,20
49018,Li13,15018,LC4,7,gaba,6,10
44524,LC9,15018,LC4,7,acetylcholine,20,15
41772,Y12,15018,LC4,7,glutamate,20,26
37587,LC4,15018,LC4,7,acetylcholine,16,1
31269,TmY19a,15018,LC4,7,gaba,11,20
27171,Li14,15018,LC4,7,glutamate,26,12
25607,PVLP046,15018,LC4,7,gaba,12,3
21658,TmY19b,15018,LC4,7,gaba,12,0
11940,MeLo8,15018,LC4,7,gaba,14,9
10611,Li39,15018,LC4,7,gaba,15,0
109868,Tm3,19260,LC4,7,acetylcholine,21,26
109593,Tm3,19260,LC4,7,acetylcholine,22,26
102586,Tm4,19260,LC4,7,acetylcholine,1,19
97265,Tm4,19260,LC4,7,acetylcholine,24,12
93526,Tm37,19260,LC4,7,glutamate,23,26
82614,T2,19260,LC4,7,acetylcholine,15,31
81094,T2,19260,LC4,7,acetylcholine,24,26
78905,T2,19260,LC4,7,acetylcholine,25,26
78848,Tm3,19260,LC4,7,acetylcholine,26,26
76751,TmY3,19260,LC4,7,acetylcholine,5,13
76238,T2,19260,LC4,7,acetylcholine,21,0
76015,T2,19260,LC4,7,acetylcholine,2,16
72358,Tm2,19260,LC4,7,acetylcholine,2,29
72246,T2,19260,LC4,7,acetylcholine,8,15
70516,T2,19260,LC4,7,acetylcholine,3,9
70177,T2,19260,LC4,7,acetylcholine,27,30
69632,Tm4,19260,LC4,7,acetylcholine,27,26
65504,T2,19260,LC4,7,acetylcholine,5,1
57143,Y14,19260,LC4,7,glutamate,28,26
48894,TmY3,19260,LC4,7,acetylcholine,9,19
42006,TmY3,19260,LC4,7,acetylcholine,14,17
34453,Y12,19260,LC4,7,glutamate,29,26
32956,Tlp14,19260,LC4,7,glutamate,30,26
30727,MeLo2,19260,LC4,7,acetylcholine,18,0
24612,Li26,19260,LC4,7,gaba,3,17
22945,Li26,19260,LC4,7,gaba,30,19
21180,LPLC1,19260,LC4,7,acetylcholine,2,11
20703,Li26,19260,LC4,7,gaba,7,19
14581,TmY19a,19260,LC4,7,gaba,1,22
13673,MeLo8,19260,LC4,7,gaba,16,1
549586,TmY18,514508,LC4,7,acetylcholine,19,30
545735,T2,514508,LC4,7,acetylcholine,5,10
542761,T2,514508,LC4,7,acetylcholine,0,16
531556,T2,514508,LC4,7,acetylcholine,2,16
519082,TmY3,514508,LC4,7,acetylcholine,2,14
515564,Tm4,514508,LC4,7,acetylcholine,19,11
169669,Tm4,514508,LC4,7,acetylcholine,7,12
134126,Tm4,514508,LC4,7,acetylcholine,20,11
133433,T2,514508,LC4,7,acetylcholine,5,4
111999,TmY18,514508,LC4,7,acetylcholine,31,26
90402,T2,514508,LC4,7,acetylcholine,0,27
89463,Tm3,514508,LC4,7,acetylcholine,1,27
79509,Tm2,514508,LC4,7,acetylcholine,2,27
64415,Tm2,514508,LC4,7,acetylcholine,3,27
62617,Tm2,514508,LC4,7,acetylcholine,4,27
61691,Tm2,514508,LC4,7,acetylcholine,5,27
55082,TmY3,514508,LC4,7,acetylcholine,24,24
34791,Li25,514508,LC4,7,gaba,6,27
25944,Li26,514508,LC4,7,gaba,12,1
16475,PVLP024,514508,LC4,7,gaba,20,7
13308,Li29,514508,LC4,7,gaba,14,19
573615,Tlp12,19550,LC4,7,glutamate,26,29
82688,T2,19550,LC4,7,acetylcholine,28,13
70605,Tm4,19550,LC4,7,acetylcholine,7,27
70388,Tm4,19550,LC4,7,acetylcholine,8,2
68978,Tm2,19550,LC4,7,acetylcholine,8,27
68097,Tm37,19550,LC4,7,glutamate,9,27
67827,Tm3,19550,LC4,7,acetylcholine,10,27
65546,T2,19550,LC4,7,acetylcholine,15,16
64960,T2,19550,LC4,7,acetylcholine,14,15
64878,T2,19550,LC4,7,acetylcholine,26,31
64051,T2,19550,LC4,7,acetylcholine,25,4
59552,T2,19550,LC4,7,acetylcholine,7,22
55933,TmY3,19550,LC4,7,acetylcholine,17,16
53474,Tm2,19550,LC4,7,acetylcholine,30,10
49816,Tm2,19550,LC4,7,acetylcholine,1,18
48664,Tm2,19550,LC4,7,acetylcholine,11,27
46243,Li14,19550,LC4,7,glutamate,12,27
46208,Tm2,19550,LC4,7,acetylcholine,26,4
39459,Y11,19550,LC4,7,glutamate,13,27
32538,Li25,19550,LC4,7,gaba,3,0
30227,Tlp14,19550,LC4,7,glutamate,16,18
28471,LC9,19550,LC4,7,acetylcholine,24,25
27548,LC14a-1,19550,LC4,7,acetylcholine,24,0
19454,PVLP024,19550,LC4,7,gaba,3,11
14106,CB2664,19550,LC4,7,acetylcholine,4,17
92125,T2,21151,LC4,7,acetylcholine,13,31
90084,T2,21151,LC4,7,acetylcholine,20,1
88987,Tm3,21151,LC4,7,acetylcholine,14,27
88214,T2,21151,LC4,7,acetylcholine,12,31
86746,T2,21151,LC4,7,acetylcholine,4,19
83279,T2,21151,LC4,7,acetylcholine,8,25
80957,T2,21151,LC4,7,acetylcholine,15,9
79378,Tm4,21151,LC4,7,acetylcholine,30,31
78743,Tm3,21151,LC4,7,acetylcholine,15,27
77526,Tm4,21151,LC4,7,acetylcholine,25,21
63422,Tm37,21151,LC4,7,glutamate,16,27
61256,Tm2,21151,LC4,7,acetylcholine,17,27
60937,Tm2,21151,LC4,7,acetylcholine,18,27
58589,Tm2,21151,LC4,7,acetylcholine,19,27
16628,LC4,21151,LC4,7,acetylcholine,30,29
542951,Tm37,518544,LC4,7,glutamate,20,27
537411,Tm3,518544,LC4,7,acetylcholine,21,27
535868,T2,518544,LC4,7,acetylcholine,28,6
531862,LT41,518544,LC4,7,gaba,31,3
531372,Tm2,518544,LC4,7,acetylcholine,22,27
515900,LC4,518544,LC4,7,acetylcholine,0,23
85679,Li13,518544,LC4,7,gaba,9,3
85168,Tm4,518544,LC4,7,acetylcholine,2,14
81100,T2,518544,LC4,7,acetylcholine,6,0
66166,Tm5Y,518544,LC4,7,acetylcholine,14,10
51255,Tm2,518544,LC4,7,acetylcholine,23,27
23314,LC9,518544,LC4,7,acetylcholine,20,29
19454,PVLP024,518544,LC4,7,gaba,3,11
15666,Li17,518544,LC4,7,gaba,20,8
13600,CB2664,518544,LC4,7,acetylcholine,10,21
138152,Tm3,19420,LC4,7,acetylcholine,24,27
130126,Tm3,19420,LC4,7,acetylcholine,25,27
118371,Tm4,19420,LC4,7,acetylcholine,20,19
113621,Tm4,19420,LC4,7,acetylcholine,6,3
88351,Tm2,19420,LC4,7,acetylcholine,16,19
87863,T2,19420,LC4,7,acetylcholine,26,27
87495,T2,19420,LC4,7,acetylcholine,13,9
86859,T2,19420,LC4,7,acetylcholine,11,27
86612,T2,19420,LC4,7,acetylcholine,18,14
84843,Tm3,19420,LC4,7,acetylcholine,20,14
82680,Tm4,19420,LC4,7,acetylcholine,1,27
80981,T2,19420,LC4,7,acetylcholine,0,6
80437,Tm3,19420,LC4,7,acetylcholine,27,27
80026,Tm2,19420,LC4,7,acetylcholine,28,27
76375,T2,19420,LC4,7,acetylcholine,16,9
76321,Tm37,19420,LC4,7,glutamate,29,27
75615,T2,19420,LC4,7,acetylcholine,3,5
73802,Tm4,19420,LC4,7,acetylcholine,30,27
72904,Tm4,19420,LC4,7,acetylcholine,24,14
70697,Tm3,19420,LC4,7,acetylcholine,31,27
55654,Tm2,19420,LC4,7,acetylcholine,0,28
52256,TmY3,19420,LC4,7,acetylcholine,8,22
46268,Tlp13,19420,LC4,7,glutamate,1,28
30066,Li15,19420,LC4,7,gaba,2,28
14581,TmY19a,19420,LC4,7,gaba,1,22
12415,MeLo8,19420,LC4,7,gaba,22,0
10480,MeVP53,19420,LC4,7,gaba,11,7
543979,Tm2,107513,LC4,7,acetylcholine,12,8
541521,Tm37,107513,LC4,7,glutamate,3,28
539377,T2,107513,LC4,7,acetylcholine,5,1
530722,Tm4,107513,LC4,7,acetylcholine,15,19
514870,Li25,107513,LC4,7,gaba,2,10
514792,LPLC1,107513,LC4,7,acetylcholine,4,28
162926,Tm3,107513,LC4,7,acetylcholine,5,28
141598,Tm3,107513,LC4,7,acetylcholine,6,28
136049,Tm3,107513,LC4,7,acetylcholine,15,20
134132,Tm4,107513,LC4,7,acetylcholine,6,30
133168,Tm4,107513,LC4,7,acetylcholine,7,28
98269,Tm3,107513,LC4,7,acetylcholine,8,28
85996,Tm4,107513,LC4,7,acetylcholine,9,28
27624,LC4,107513,LC4,7,acetylcholine,24,25
22715,Li16,107513,LC4,7,glutamate,25,15
21002,T2,107513,LC4,7,acetylcholine,8,0
16499,TmY19b,107513,LC4,7,gaba,2,30
10158,LT56,107513,LC4,7,glutamate,31,5
539413,LT56,20542,LC4,7,glutamate,4,14
121791,Tm4,20542,LC4,7,acetylcholine,11,14
109868,Tm3,20542,LC4,7,acetylcholine,21,26
92915,Tm5Y,20542,LC4,7,acetylcholine,10,28
85651,Tm4,20542,LC4,7,acetylcholine,8,18
83448,T2,20542,LC4,7,acetylcholine,15,26
77569,T2,20542,LC4,7,acetylcholine,28,19
77153,T2,20542,LC4,7,acetylcholine,31,19
75956,Tm4,20542,LC4,7,acetylcholine,24,29
73054,T2,20542,LC4,7,acetylcholine,23,12
68081,Tm4,20542,LC4,7,acetylcholine,23,16
65035,Tm4,20542,LC4,7,acetylcholine,30,28
55292,Tm2,20542,LC4,7,acetylcholine,11,28
54137,Tm2,20542,LC4,7,acetylcholine,12,28
53280,TmY3,20542,LC4,7,acetylcholine,5,20
53075,TmY3,20542,LC4,7,acetylcholine,30,28
52873,Tm2,20542,LC4,7,acetylcholine,13,28
48617,Li14,20542,LC4,7,glutamate,14,28
47387,Tm2,20542,LC4,7,acetylcholine,15,28
16128,LC4,20542,LC4,7,acetylcholine,18,2
11102,PVLP046,20542,LC4,7,gaba,20,4
86793,Tm3,29563,LC4,7,acetylcholine,16,28
81562,Tm4,29563,LC4,7,acetylcholine,17,28
81311,Tm4,29563,LC4,7,acetylcholine,18,28
81054,T2,29563,LC4,7,acetylcholine,2,18
79288,T2,29563,LC4,7,acetylcholine,13,2
77816,Tm4,29563,LC4,7,acetylcholine,26,15
75723,Tm3,29563,LC4,7,acetylcholine,19,28
73989,T2,29563,LC4,7,acetylcholine,27,15
70277,T2,29563,LC4,7,acetylcholine,29,23
69700,T2,29563,LC4,7,acetylcholine,2,2
68207,T2,29563,LC4,7,acetylcholine,12,11
66071,Y14,29563,LC4,7,glutamate,20,28
66055,T2,29563,LC4,7,acetylcholine,6,30
60396,T2,29563,LC4,7,acetylcholine,22,18
56853,Tm2,29563,LC4,7,acetylcholine,29,15
52054,Tm2,29563,LC4,7,acetylcholine,8,3
51919,Tm2,29563,LC4,7,acetylcholine,21,28
44550,Tlp12,29563,LC4,7,glutamate,22,28
42533,TmY3,29563,LC4,7,acetylcholine,29,1
30804,Li15,29563,LC4,7,gaba,23,28
28033,LPLC1,29563,LC4,7,acetylcholine,24,28
27807,Tlp14,29563,LC4,7,glutamate,25,28
26046,TmY19a,29563,LC4,7,gaba,30,16
20282,LC4,29563,LC4,7,acetylcholine,27,21
19454,PVLP024,29563,LC4,7,gaba,3,11
11102,PVLP046,29563,LC4,7,gaba,20,4
546839,Tm3,17364,LC4,7,acetylcholine,26,28
119087,Tm5Y,17364,LC4,7,acetylcholine,27,28
90055,T2,17364,LC4,7,acetylcholine,28,28
87863,T2,17364,LC4,7,acetylcholine,26,27
82257,T2,17364,LC4,7,acetylcholine,18,5
82186,Tm3,17364,LC4,7,acetylcholine,25,1
81992,T2,17364,LC4,7,acetylcholine,21,1
77312,Tm4,17364,LC4,7,acetylcholine,4,21
74894,Tm2,17364,LC4,7,acetylcholine,29,28
67846,Tm2,17364,LC4,7,acetylcholine,30,28
66098,T2,17364,LC4,7,acetylcholine,0,11
64438,TmY3,17364,LC4,7,acetylcholine,3,3
58205,Tm2,17364,LC4,7,acetylcholine,27,10
56054,Tm2,17364,LC4,7,acetylcholine,31,28
55676,Tm2,17364,LC4,7,acetylcholine,0,29
55246,Tm2,17364,LC4,7,acetylcholine,27,1
55090,Tm2,17364,LC4,7,acetylcholine,1,29
47281,Li14,17364,LC4,7,glutamate,2,29
44938,Tlp12,17364,LC4,7,glutamate,3,29
35984,Li25,17364,LC4,7,gaba,31,1
30908,LC9,17364,LC4,7,acetylcholine,31,10
29433,Y11,17364,LC4,7,glutamate,4,29
24684,LT37,17364,LC4,7,gaba,5,29
24269,Li26,17364,LC4,7,gaba,25,26
23497,LPLC2,17364,LC4,7,acetylcholine,6,29
17939,PVLP046,17364,LC4,7,gaba,1,19
17266,LC4,17364,LC4,7,acetylcholine,7,29
16138,LC4,17364,LC4,7,acetylcholine,3,23
530902,T2,37587,LC4,7,acetylcholine,21,12
521504,T2,37587,LC4,7,acetylcholine,23,15
518474,Tm37,37587,LC4,7,glutamate,8,29
518224,Tlp14,37587,LC4,7,glutamate,9,29
176665,Tm4,37587,LC4,7,acetylcholine,20,30
140447,Tm4,37587,LC4,7,acetylcholine,10,29
137556,Tm4,37587,LC4,7,acetylcholine,11,29
136946,Tm4,37587,LC4,7,acetylcholine,12,29
123656,T2,37587,LC4,7,acetylcholine,7,5
115020,T2,37587,LC4,7,acetylcholine,0,19
114626,T2a,37587,LC4,7,acetylcholine,13,29
88999,Tm4,37587,LC4,7,acetylcholine,14,29
88629,Tm2,37587,LC4,7,acetylcholine,15,29
76152,T2,37587,LC4,7,acetylcholine,4,22
65731,T2,37587,LC4,7,acetylcholine,6,18
31965,LC9,37587,LC4,7,acetylcholine,13,8
30512,LPLC2,37587,LC4,7,acetylcholine,16,29
30087,LC4,37587,LC4,7,acetylcholine,1,26
27624,LC4,37587,LC4,7,acetylcholine,24,25
22257,PVLP046,37587,LC4,7,gaba,16,12
19365,Li17,37587,LC4,7,gaba,10,11
15091,MeLo8,37587,LC4,7,gaba,6,10
15018,LC4,37587,LC4,7,acetylcholine,8,4
955658695,Li17,530029,LC4,7,gaba,20,15
545259,Tm5Y,530029,LC4,7,acetylcholine,17,29
533029,Tm3,530029,LC4,7,acetylcholine,18,29
530902,T2,530029,LC4,7,acetylcholine,21,12
524328,T2,530029,LC4,7,acetylcholine,28,9
521505,Tm2,530029,LC4,7,acetylcholine,19,29
521175,T2,530029,LC4,7,acetylcholine,15,30
519197,TmY19b,530029,LC4,7,gaba,20,29
519152,T2,530029,LC4,7,acetylcholine,4,17
516390,Tm4,530029,LC4,7,acetylcholine,25,23
512136,Tm2,530029,LC4,7,acetylcholine,21,29
511907,Tm3,530029,LC4,7,acetylcholine,22,29
459330,TmY3,530029,LC4,7,acetylcholine,14,5
174389,Tm3,530029,LC4,7,acetylcholine,23,29
89310,T2,530029,LC4,7,acetylcholine,9,14
83429,Tm2,530029,LC4,7,acetylcholine,24,29
81524,T2,530029,LC4,7,acetylcholine,29,22
77466,Tm2,530029,LC4,7,acetylcholine,25,29
57809,Tlp12,530029,LC4,7,glutamate,19,5
40255,LC9,530029,LC4,7,acetylcholine,23,25
31269,TmY19a,530029,LC4,7,gaba,11,20
25438,SAD064,530029,LC4,7,acetylcholine,5,5
22257,PVLP046,530029,LC4,7,gaba,16,12
18350,PVLP046,530029,LC4,7,gaba,25,3
17375,SAD064,530029,LC4,7,acetylcholine,21,29
16809,LC4,530029,LC4,7,acetylcholine,7,20
16459,PVLP024,530029,LC4,7,gaba,5,15
13813,MeLo8,530029,LC4,7,gaba,2,20
94807,Tm4,16138,LC4,7,acetylcholine,31,8
73321,T2,16138,LC4,7,acetylcholine,30,19
72144,T2,16138,LC4,7,acetylcholine,19,6
71514,Tm4,16138,LC4,7,acetylcholine,17,7
69632,Tm4,16138,LC4,7,acetylcholine,27,26
68494,T2,16138,LC4,7,acetylcholine,21,31
68151,T2,16138,LC4,7,acetylcholine,6,12
67971,Tm3,16138,LC4,7,acetylcholine,31,23
67353,T2,16138,LC4,7,acetylcholine,16,20
66956,T2,16138,LC4,7,acetylcholine,4,9
62340,T2,16138,LC4,7,acetylcholine,0,27
62272,T2,16138,LC4,7,acetylcholine,30,1
61787,T2,16138,LC4,7,acetylcholine,11,16
54670,T2,16138,LC4,7,acetylcholine,24,29
53887,Tm2,16138,LC4,7,acetylcholine,26,29
46339,Tm2,16138,LC4,7,acetylcholine,28,30
39751,Y12,16138,LC4,7,glutamate,27,29
29937,LPLC1,16138,LC4,7,acetylcholine,28,29
17289,Li29,16138,LC4,7,gaba,13,1
105260,T5c,18127,LC4,7,acetylcholine,29,29
102786,Tm3,18127,LC4,7,acetylcholine,30,29
95176,Tm4,18127,LC4,7,acetylcholine,10,29
87495,T2,18127,LC4,7,acetylcholine,13,9
76848,Tm37,18127,LC4,7,glutamate,31,29
73941,T2,18127,LC4,7,acetylcholine,31,4
70269,Tm4,18127,LC4,7,acetylcholine,10,22
69961,Tm3,18127,LC4,7,acetylcholine,17,26
66593,Tm4,18127,LC4,7,acetylcholine,5,20
66014,Tm4,18127,LC4,7,acetylcholine,29,17
62343,Tm4,18127,LC4,7,acetylcholine,0,30
61353,T2,18127,LC4,7,acetylcholine,25,27
58703,T2,18127,LC4,7,acetylcholine,6,2
57287,Tm4,18127,LC4,7,acetylcholine,30,31
52711,Tm2,18127,LC4,7,acetylcholine,1,30
50510,Tm2,18127,LC4,7,acetylcholine,13,25
50547,TmY3,18127,LC4,7,acetylcholine,22,10
50332,Tm2,18127,LC4,7,acetylcholine,2,30
47439,Tm2,18127,LC4,7,acetylcholine,31,31
45162,TmY3,18127,LC4,7,acetylcholine,3,5
35191,Y11,18127,LC4,7,glutamate,4,13
21703,LPLC2,18127,LC4,7,acetylcholine,3,30
20865,LPLC1,18127,LC4,7,acetylcholine,20,23
19954,LC4,18127,LC4,7,acetylcholine,19,27
17548,LC4,18127,LC4,7,acetylcholine,11,15
16475,PVLP024,18127,LC4,7,gaba,20,7
11378,CB1280,18127,LC4,7,acetylcholine,29,16
542052,Tm4,100485,LC4,7,acetylcholine,17,21
540523,Tm4,100485,LC4,7,acetylcholine,1,7
537140,Tm4,100485,LC4,7,acetylcholine,4,30
532771,T2,100485,LC4,7,acetylcholine,27,19
532782,T2,100485,LC4,7,acetylcholine,21,18
529135,Tm4,100485,LC4,7,acetylcholine,17,22
527515,Tm37,100485,LC4,7,glutamate,31,9
524818,Tm4,100485,LC4,7,acetylcholine,5,30
523616,TmY18,100485,LC4,7,acetylcholine,6,30
520877,Tm2,100485,LC4,7,acetylcholine,12,10
517322,T2,100485,LC4,7,acetylcholine,25,20
514298,TmY3,100485,LC4,7,acetylcholine,18,17
514206,T2,100485,LC4,7,acetylcholine,10,10
513896,Tm2,100485,LC4,7,acetylcholine,7,30
172310,LPT111,100485,LC4,7,gaba,6,12
162926,Tm3,100485,LC4,7,acetylcholine,5,28
133433,T2,100485,LC4,7,acetylcholine,5,4
121661,T2,100485,LC4,7,acetylcholine,16,8
92913,T2,100485,LC4,7,acetylcholine,6,8
88762,Tm3,100485,LC4,7,acetylcholine,8,30
85396,T2,100485,LC4,7,acetylcholine,9,30
84947,T2,100485,LC4,7,acetylcholine,7,4
79327,T2,100485,LC4,7,acetylcholine,5,16
39035,Tm2,100485,LC4,7,acetylcholine,10,30
14201,TmY19b,100485,LC4,7,gaba,24,26
13846,Li29,100485,LC4,7,gaba,23,21
86419,Tm3,21313,LC4,7,acetylcholine,11,30
77138,Tm3,21313,LC4,7,acetylcholine,12,30
71485,T2,21313,LC4,7,acetylcholine,27,26
69387,T2,21313,LC4,7,acetylcholine,27,22
68982,Tm3,21313,LC4,7,acetylcholine,13,30
66604,TmY3,21313,LC4,7,acetylcholine,1,17
65307,T2,21313,LC4,7,acetylcholine,11,19
65034,T2,21313,LC4,7,acetylcholine,9,15
64855,T2,21313,LC4,7,acetylcholine,12,19
64361,Tm4,21313,LC4,7,acetylcholine,14,30
56593,Tm37,21313,LC4,7,glutamate,15,30
51325,Y14,21313,LC4,7,glutamate,16,30
50571,Tm2,21313,LC4,7,acetylcholine,17,30
37469,Tm2,21313,LC4,7,acetylcholine,18,30
19260,LC4,21313,LC4,7,acetylcholine,22,12
17548,LC4,21313,LC4,7,acetylcholine,11,15
13797,Li29,21313,LC4,7,gaba,8,29
13405,CB4179,21313,LC4,7,gaba,11,17
79210,Tm3,20808,LC4,6,acetylcholine,19,30
70455,Tm4,20808,LC4,6,acetylcholine,29,17
69836,Tm4,20808,LC4,6,acetylcholine,18,24
67424,T2,20808,LC4,6,acetylcholine,5,30
66528,T2,20808,LC4,6,acetylcholine,1,6
65908,Tm4,20808,LC4,6,acetylcholine,4,19
64612,T2,20808,LC4,6,acetylcholine,22,22
57486,TmY3,20808,LC4,6,acetylcholine,16,18
57247,TmY3,20808,LC4,6,acetylcholine,20,24
53075,TmY3,20808,LC4,6,acetylcholine,30,28
45005,TmY3,20808,LC4,6,acetylcholine,7,7
41671,TmY3,20808,LC4,6,acetylcholine,7,2
21225,LC4,20808,LC4,6,acetylcholine,26,0
20588,LC4,20808,LC4,6,acetylcholine,30,9
20282,LC4,20808,LC4,6,acetylcholine,27,21
19454,PVLP024,20808,LC4,6,gaba,3,11
17884,TmY19a,20808,LC4,6,gaba,19,18
16459,PVLP024,20808,LC4,6,gaba,5,15
104663,T3,22966,LC4,6,acetylcholine,20,30
96919,Tm3,22966,LC4,6,acetylcholine,21,30
91827,Tm5Y,22966,LC4,6,acetylcholine,22,30
85773,T2,22966,LC4,6,acetylcholine,2,4
85520,Tm4,22966,LC4,6,acetylcholine,3,4
83464,Tm4,22966,LC4,6,acetylcholine,23,30
82121,Tm3,22966,LC4,6,acetylcholine,24,30
81607,T2,22966,LC4,6,acetylcholine,3,7
80019,Tm3,22966,LC4,6,acetylcholine,25,30
79683,Tm3,22966,LC4,6,acetylcholine,26,30
75626,Tm2,22966,LC4,6,acetylcholine,16,18
75391,Tm3,22966,LC4,6,acetylcholine,27,30
70079,Tm2,22966,LC4,6,acetylcholine,28,30
69778,T2,22966,LC4,6,acetylcholine,29,16
69234,T2,22966,LC4,6,acetylcholine,10,25
68618,Tm2,22966,LC4,6,acetylcholine,29,30
67449,TmY3,22966,LC4,6,acetylcholine,11,25
63401,TmY3,22966,LC4,6,acetylcholine,20,7
56433,Tm2,22966,LC4,6,acetylcholine,30,30
51242,Tm2,22966,LC4,6,acetylcholine,31,30
50613,Y13,22966,LC4,6,glutamate,0,31
41210,LC9,22966,LC4,6,acetylcholine,27,9
31714,TmY15,22966,LC4,6,gaba,1,31
29529,LPLC1,22966,LC4,6,acetylcholine,0,9
27803,TmY19a,22966,LC4,6,gaba,2,31
24338,LC4,22966,LC4,6,acetylcholine,27,7
19702,TmY19b,22966,LC4,6,gaba,4,18
15665,SAD064,22966,LC4,6,acetylcholine,25,24
14886,Li17,22966,LC4,6,gaba,27,3
13405,CB4179,22966,LC4,6,gaba,11,17
11394,Li16,22966,LC4,6,glutamate,20,27
539013,Tlp12,520449,LC4,6,glutamate,12,12
532516,T2,520449,LC4,6,acetylcholine,13,16
530742,Tm2,520449,LC4,6,acetylcholine,9,8
526198,Tm2,520449,LC4,6,acetylcholine,3,31
525461,Tm2,520449,LC4,6,acetylcholine,4,31
519150,Tm2,520449,LC4,6,acetylcholine,8,7
118296,T2,520449,LC4,6,acetylcholine,3,10
102103,T2,520449,LC4,6,acetylcholine,19,17
96993,Tm3,520449,LC4,6,acetylcholine,5,31
59750,Tm4,520449,LC4,6,acetylcholine,25,1
20976,LC4,520449,LC4,6,acetylcholine,7,8
19292,Li28,520449,LC4,6,gaba,13,0
13846,Li29,520449,LC4,6,gaba,23,21
549717,T2,511914,LC4,6,acetylcholine,29,6
539372,TmY3,511914,LC4,6,acetylcholine,21,16
539332,T2,511914,LC4,6,acetylcholine,1,26
535211,Tm2,511914,LC4,6,acetylcholine,29,9
527336,T2,511914,LC4,6,acetylcholine,28,9
517216,T2,511914,LC4,6,acetylcholine,14,4
134521,LPLC2,511914,LC4,6,acetylcholine,6,31
123848,Tm4,511914,LC4,6,acetylcholine,7,31
114162,T2,511914,LC4,6,acetylcholine,25,24
113675,Tm3,511914,LC4,6,acetylcholine,8,31
73010,T2,511914,LC4,6,acetylcholine,19,12
72547,Tm4,511914,LC4,6,acetylcholine,27,24
70537,T2,511914,LC4,6,acetylcholine,6,8
58089,Tm2,511914,LC4,6,acetylcholine,9,31
57193,Tm2,511914,LC4,6,acetylcholine,3,2
55212,Tm2,511914,LC4,6,acetylcholine,14,12
53024,Li14,511914,LC4,6,glutamate,10,31
47981,Tm2,511914,LC4,6,acetylcholine,22,9
47251,Tm2,511914,LC4,6,acetylcholine,26,11
43111,T2,511914,LC4,6,acetylcholine,21,23
41827,Tlp12,511914,LC4,6,glutamate,12,0
39435,Tlp12,511914,LC4,6,glutamate,19,19
35616,LC4,511914,LC4,6,acetylcholine,25,2
34770,T2,511914,LC4,6,acetylcholine,18,12
32191,Tm2,511914,LC4,6,acetylcholine,11,31
29724,T2,511914,LC4,6,acetylcholine,12,31
27829,LC4,511914,LC4,6,acetylcholine,0,21
26668,TmY3,511914,LC4,6,acetylcholine,19,28
23202,LC4,511914,LC4,6,acetylcholine,10,14
22772,LC4,511914,LC4,6,acetylcholine,3,28
22318,T2,511914,LC4,6,acetylcholine,12,14
21419,TmY19a,511914,LC4,6,gaba,2,10
13764,LPLC2,511914,LC4,6,acetylcholine,13,31
13191,Li30,511914,LC4,6,gaba,4,2
10345,LT40,511914,LC4,6,gaba,16,3
133138,Tm4,17987,LC4,6,acetylcholine,27,24
123237,T2,17987,LC4,6,unclear,14,31
113309,T2,17987,LC4,6,acetylcholine,27,20
86598,T2,17987,LC4,6,acetylcholine,16,26
85385,T2,17987,LC4,6,acetylcholine,15,31
82694,Tm4,17987,LC4,6,acetylcholine,16,31
80976,T2,17987,LC4,6,acetylcholine,4,27
77769,Tm4,17987,LC4,6,acetylcholine,26,10
77713,Tm2,17987,LC4,6,acetylcholine,17,31
75387,Tm4,17987,LC4,6,acetylcholine,18,31
68978,Tm2,17987,LC4,6,acetylcholine,8,27
68044,Tm3,17987,LC4,6,acetylcholine,19,31
67679,Tm3,17987,LC4,6,acetylcholine,20,31
64716,T2,17987,LC4,6,acetylcholine,0,25
54469,TmY3,17987,LC4,6,acetylcholine,22,21
54281,Tm2,17987,LC4,6,acetylcholine,21,31
46346,Li29,17987,LC4,6,gaba,2,11
41898,Li14,17987,LC4,6,glutamate,22,31
35623,Tlp12,17987,LC4,6,glutamate,3,17
35175,Li13,17987,LC4,6,gaba,1,26
23543,TmY19a,17987,LC4,6,gaba,23,31
21336,LC4,17987,LC4,6,acetylcholine,14,15
21287,LC4,17987,LC4,6,acetylcholine,5,5
18189,LC4,17987,LC4,6,acetylcholine,4,11
17065,CB3513,17987,LC4,6,gaba,24,31
10493,CB4176,17987,LC4,6,gaba,25,31
116522,Tm4,19543,LC4,6,acetylcholine,18,18
96875,Tm37,19543,LC4,6,glutamate,26,31
91982,Tm3,19543,LC4,6,acetylcholine,27,31
90434,Tm4,19543,LC4,6,acetylcholine,28,31
82724,Tm3,19543,LC4,6,acetylcholine,29,31
82558,T2,19543,LC4,6,acetylcholine,27,6
82498,Tm3,19543,LC4,6,acetylcholine,30,31
80188,Tm4,19543,LC4,6,acetylcholine,31,31
78702,Tm4,19543,LC4,6,acetylcholine,10,16
78698,Tm3,19543,LC4,6,acetylcholine,0,0
74397,Tm4,19543,LC4,6,acetylcholine,1,0
71654,Tm4,19543,LC4,6,acetylcholine,19,23
68464,T2,19543,LC4,6,acetylcholine,31,17
67289,T2,19543,LC4,6,acetylcholine,27,9
66340,Tm2,19543,LC4,6,acetylcholine,2,0
65150,Y14,19543,LC4,6,glutamate,3,0
64695,Tm2,19543,LC4,6,acetylcholine,4,0
64082,Tm37,19543,LC4,6,glutamate,18,19
61768,T2,19543,LC4,6,acetylcholine,21,16
61583,Tm2,19543,LC4,6,acetylcholine,17,8
61098,Tm2,19543,LC4,6,acetylcholine,5,0
58991,Tm37,19543,LC4,6,glutamate,6,0
55813,Tm4,19543,LC4,6,acetylcholine,22,23
55264,Tm2,19543,LC4,6,acetylcholine,7,0
54146,Tm2,19543,LC4,6,acetylcholine,16,31
53405,Li14,19543,LC4,6,glutamate,21,30
52491,Tm2,19543,LC4,6,acetylcholine,27,11
42860,Li13,19543,LC4,6,gaba,8,0
34728,Y12,19543,LC4,6,glutamate,9,0
33744,Li25,19543,LC4,6,gaba,10,0
27194,PVLP046,19543,LC4,6,gaba,18,3
23526,LC9,19543,LC4,6,acetylcholine,7,12
20588,LC4,19543,LC4,6,acetylcholine,30,9
20282,LC4,19543,LC4,6,acetylcholine,27,21
19454,PVLP024,19543,LC4,6,gaba,3,11
13850,Li29,19543,LC4,6,gaba,28,11
13405,CB4179,19543,LC4,6,gaba,11,17
11291,LT82a,19543,LC4,6,acetylcholine,11,0
95003,Tm4,28945,LC4,6,acetylcholine,7,3
91085,T2,28945,LC4,6,acetylcholine,29,26
88990,Tm4,28945,LC4,6,acetylcholine,12,0
86762,Tm3,28945,LC4,6,acetylcholine,13,0
84633,T2,28945,LC4,6,acetylcholine,19,23
84404,T2,28945,LC4,6,acetylcholine,27,1
83283,Tm4,28945,LC4,6,acetylcholine,1,12
81152,T2,28945,LC4,6,acetylcholine,13,19
79311,Tm3,28945,LC4,6,acetylcholine,14,0
78771,Tm4,28945,LC4,6,acetylcholine,10,18
76424,T2,28945,LC4,6,acetylcholine,15,0
75985,Tm4,28945,LC4,6,acetylcholine,28,11
74365,T2,28945,LC4,6,acetylcholine,1,24
66948,Tm37,28945,LC4,6,glutamate,16,0
66057,Y14,28945,LC4,6,glutamate,17,0
63711,Tm2,28945,LC4,6,acetylcholine,18,0
58590,Tm2,28945,LC4,6,acetylcholine,12,23
57377,TmY3,28945,LC4,6,acetylcholine,19,3
54582,Tm2,28945,LC4,6,acetylcholine,0,6
39471,Li15,28945,LC4,6,gaba,19,0
37494,Y11,28945,LC4,6,glutamate,17,2
30449,LC9,28945,LC4,6,acetylcholine,15,29
25956,Li30,28945,LC4,6,gaba,9,8
23929,LC4,28945,LC4,6,acetylcholine,9,25
22257,PVLP046,28945,LC4,6,gaba,16,12
21355,MeLo13,28945,LC4,6,glutamate,20,0
19908,TmY19b,28945,LC4,6,gaba,18,5
16459,PVLP024,28945,LC4,6,gaba,5,15
15665,SAD064,28945,LC4,6,acetylcholine,25,24
13850,Li29,28945,LC4,6,gaba,28,11
11689,Li16,28945,LC4,6,glutamate,19,31
11102,PVLP046,28945,LC4,6,gaba,20,4
10480,MeVP53,28945,LC4,6,gaba,11,7
141724,Tm3,19634,LC4,6,acetylcholine,21,0
134515,Tm3,19634,LC4,6,acetylcholine,22,0
107947,Tm4,19634,LC4,6,acetylcholine,30,8
92518,Tm3,19634,LC4,6,acetylcholine,23,0
88570,T2,19634,LC4,6,acetylcholine,23,30
86954,T2,19634,LC4,6,acetylcholine,10,27
86056,T2,19634,LC4,6,acetylcholine,14,20
84892,Tm4,19634,LC4,6,acetylcholine,16,27
83529,T2,19634,LC4,6,acetylcholine,3,12
78802,T2,19634,LC4,6,acetylcholine,21,26
64696,Tm37,19634,LC4,6,glutamate,7,26
54371,TmY3,19634,LC4,6,acetylcholine,5,19
47053,Tlp13,19634,LC4,6,glutamate,24,0
44501,Tlp13,19634,LC4,6,glutamate,25,0
35769,Y12,19634,LC4,6,glutamate,26,0
32504,Li13,19634,LC4,6,gaba,30,7
31355,Li15,19634,LC4,6,gaba,19,27
31029,Li15,19634,LC4,6,gaba,4,3
28398,LC9,19634,LC4,6,acetylcholine,19,15
25607,PVLP046,19634,LC4,6,gaba,12,3
24467,LC9,19634,LC4,6,acetylcholine,18,27
19924,CB2664,19634,LC4,6,acetylcholine,30,26
19454,PVLP024,19634,LC4,6,gaba,3,11
16549,Li30,19634,LC4,6,gaba,27,9
16260,Li17,19634,LC4,6,gaba,4,26
15440,Li17,19634,LC4,6,gaba,0,3
14462,MeLo8,19634,LC4,6,gaba,17,2
13850,Li29,19634,LC4,6,gaba,28,11
12215,PVLP122,19634,LC4,6,acetylcholine,11,19
110068,T5c,17548,LC4,6,acetylcholine,27,0
108097,T5c,17548,LC4,6,acetylcholine,28,0
102021,Tm3,17548,LC4,6,acetylcholine,29,0
79115,Tm4,17548,LC4,6,acetylcholine,30,0
72851,Tm3,17548,LC4,6,acetylcholine,31,0
71754,Tm4,17548,LC4,6,acetylcholine,6,19
70461,Tm4,17548,LC4,6,acetylcholine,26,17
69841,T2,17548,LC4,6,acetylcholine,17,25
70093,Tm3,17548,LC4,6,acetylcholine,0,1
69799,Tm4,17548,LC4,6,acetylcholine,1,1
69196,T2,17548,LC4,6,acetylcholine,9,5
67377,T2,17548,LC4,6,acetylcholine,18,25
64578,T2,17548,LC4,6,acetylcholine,0,13
62497,T2,17548,LC4,6,acetylcholine,21,17
60916,T2,17548,LC4,6,acetylcholine,0,16
59647,Tm37,17548,LC4,6,glutamate,2,1
53207,Tm2,17548,LC4,6,acetylcholine,7,25
52429,TmY3,17548,LC4,6,acetylcholine,25,4
50951,Tm2,17548,LC4,6,acetylcholine,8,25
50637,Tm2,17548,LC4,6,acetylcholine,3,1
49708,Tm2,17548,LC4,6,acetylcholine,4,1
48191,Tm2,17548,LC4,6,acetylcholine,11,25
46233,LLPC2,17548,LC4,6,acetylcholine,5,1
44262,Tm2,17548,LC4,6,acetylcholine,16,6
41349,TmY3,17548,LC4,6,acetylcholine,7,18
36735,Y12,17548,LC4,6,glutamate,6,1
34065,Tlp12,17548,LC4,6,glutamate,7,1
31013,Li25,17548,LC4,6,gaba,6,25
28471,LC9,17548,LC4,6,acetylcholine,24,25
23098,LC4,17548,LC4,6,acetylcholine,25,17
17908,WED125,17548,LC4,6,acetylcholine,8,1
17065,CB3513,17548,LC4,6,gaba,24,31
16396,TmY19a,17548,LC4,6,gaba,25,19
542134,T2,21721,LC4,6,acetylcholine,9,3
535688,Tm3,21721,LC4,6,acetylcholine,27,3
535341,LC4,21721,LC4,6,acetylcholine,18,9
519650,LC4,21721,LC4,6,acetylcholine,4,22
516909,LC4,21721,LC4,6,acetylcholine,14,3
515476,LC4,21721,LC4,6,acetylcholine,2,20
149537,T2,21721,LC4,6,acetylcholine,6,14
111628,LPi_unclear,21721,LC4,6,glutamate,27,8
110775,TmY18,21721,LC4,6,acetylcholine,9,1
109438,TmY18,21721,LC4,6,acetylcholine,10,1
103709,T2,21721,LC4,6,acetylcholine,11,1
99657,T2,21721,LC4,6,acetylcholine,12,1
90402,T2,21721,LC4,6,acetylcholine,0,27
89389,Tm3,21721,LC4,6,acetylcholine,13,1
87435,Tm4,21721,LC4,6,acetylcholine,14,1
84261,Tm3,21721,LC4,6,acetylcholine,15,1
82017,Tm3,21721,LC4,6,acetylcholine,16,1
80668,Tm3,21721,LC4,6,acetylcholine,10,4
75691,Tm4,21721,LC4,6,acetylcholine,27,17
75206,T2,21721,LC4,6,acetylcholine,7,9
68705,TmY3,21721,LC4,6,acetylcholine,1,9
59166,Tm4,21721,LC4,6,acetylcholine,27,18
55169,Tm4,21721,LC4,6,acetylcholine,3,4
51992,TmY3,21721,LC4,6,acetylcholine,12,17
47460,Tm4,21721,LC4,6,acetylcholine,17,1
27194,PVLP046,21721,LC4,6,gaba,18,3
20440,LC4,21721,LC4,6,acetylcholine,17,4
20264,Li28,21721,LC4,6,gaba,5,2
17653,LC4,21721,LC4,6,acetylcholine,13,6
15263,Li28,21721,LC4,6,gaba,3,2
12331,MeLo8,21721,LC4,6,gaba,8,2
12004,MeLo8,21721,LC4,6,gaba,13,12
11927,PVLP122,21721,LC4,6,acetylcholine,18,1
10251,MeVP53,21721,LC4,6,gaba,13,27
531008,T2,16917,LC4,6,acetylcholine,19,20
530902,T2,16917,LC4,6,acetylcholine,21,12
530029,LC4,16917,LC4,6,acetylcholine,17,25
524818,Tm4,16917,LC4,6,acetylcholine,5,30
522876,Tm2,16917,LC4,6,acetylcholine,19,1
522779,Tm5c,16917,LC4,6,glutamate,20,1
521138,Tm2,16917,LC4,6,acetylcholine,19,18
518436,Tm2,16917,LC4,6,acetylcholine,11,24
518439,LC4,16917,LC4,6,acetylcholine,9,11
514206,T2,16917,LC4,6,acetylcholine,10,10
514193,Tm3,16917,LC4,6,acetylcholine,14,30
514117,TmY18,16917,LC4,6,acetylcholine,21,1
410217,Li26,16917,LC4,6,gaba,3,10
175923,T2,16917,LC4,6,acetylcholine,25,26
159640,Tm2,16917,LC4,6,acetylcholine,22,1
124929,T2,16917,LC4,6,acetylcholine,12,14
51783,Tm2,16917,LC4,6,acetylcholine,1,25
33345,Li14,16917,LC4,6,glutamate,16,24
29514,LC4,16917,LC4,6,acetylcholine,15,27
29469,LC4,16917,LC4,6,acetylcholine,6,15
26656,LPLC1,16917,LC4,6,acetylcholine,27,26
22772,LC4,16917,LC4,6,acetylcholine,3,28
17596,Li28,16917,LC4,6,gaba,9,2
15018,LC4,16917,LC4,6,acetylcholine,8,4
12196,Li29,16917,LC4,6,gaba,28,22
11102,PVLP046,16917,LC4,6,gaba,20,4
10182,T2,16917,LC4,6,acetylcholine,26,18
542650,Tm2,532254,LC4,6,acetylcholine,23,1
537432,T2,532254,LC4,6,acetylcholine,22,21
532731,MeLo2,532254,LC4,6,acetylcholine,24,1
525516,Li15,532254,LC4,6,gaba,13,14
520449,LC4,532254,LC4,6,acetylcholine,0,2
149537,T2,532254,LC4,6,acetylcholine,6,14
147414,Tm4,532254,LC4,6,acetylcholine,21,24
146581,T2,532254,LC4,6,acetylcholine,19,12
144887,T2,532254,LC4,6,acetylcholine,31,29
135668,T2,532254,LC4,6,acetylcholine,2,27
109004,TmY18,532254,LC4,6,acetylcholine,25,1
101726,Tm4,532254,LC4,6,acetylcholine,4,17
96736,Tm4,532254,LC4,6,acetylcholine,12,3
92495,T2,532254,LC4,6,acetylcholine,26,1
91305,Tm4,532254,LC4,6,acetylcholine,0,31
88576,T2,532254,LC4,6,acetylcholine,2,13
82245,T2,532254,LC4,6,acetylcholine,27,1
75584,LLPC2,532254,LC4,6,acetylcholine,28,1
72745,Y11,532254,LC4,6,glutamate,29,1
68596,Tm2,532254,LC4,6,acetylcholine,30,1
63726,Tm2,532254,LC4,6,acetylcholine,31,1
57728,Tlp12,532254,LC4,6,glutamate,18,21
54973,Tm4,532254,LC4,6,acetylcholine,17,15
52732,MeLo2,532254,LC4,6,acetylcholine,0,2
43202,MeLo12,532254,LC4,6,glutamate,1,2
38423,CB2940,532254,LC4,6,acetylcholine,28,5
33364,Li25,532254,LC4,6,gaba,2,2
19454,PVLP024,532254,LC4,6,gaba,3,11
18350,PVLP046,532254,LC4,6,gaba,25,3
12331,MeLo8,532254,LC4,6,gaba,8,2
532246,Y14,18432,LC4,6,glutamate,3,2
523564,PVLP011,18432,LC4,6,gaba,14,16
518204,TmY3,18432,LC4,6,acetylcholine,1,5
511914,LC4,18432,LC4,6,acetylcholine,18,22
114569,T2,18432,LC4,6,acetylcholine,25,23
113444,Li13,18432,LC4,6,gaba,15,4
81564,Tm3,18432,LC4,6,acetylcholine,4,2
77113,Tm4,18432,LC4,6,acetylcholine,1,29
74122,T2,18432,LC4,6,acetylcholine,26,31
58949,TmY3,18432,LC4,6,acetylcholine,21,27
41265,TmY3,18432,LC4,6,acetylcholine,30,11
34413,Li25,18432,LC4,6,gaba,14,10
31301,LC4,18432,LC4,6,acetylcholine,12,9
30324,Tm2,18432,LC4,6,acetylcholine,18,11
29796,Tm4,18432,LC4,6,acetylcholine,5,2
26668,TmY3,18432,LC4,6,acetylcholine,19,28
26428,Tm2,18432,LC4,6,acetylcholine,6,2
26341,Tm2,18432,LC4,6,acetylcholine,7,2
19739,TmY3,18432,LC4,6,acetylcholine,21,13
19578,LPLC1,18432,LC4,6,acetylcholine,8,2
19454,PVLP024,18432,LC4,6,gaba,3,11
17653,LC4,18432,LC4,6,acetylcholine,13,6
17479,Tm2,18432,LC4,6,acetylcholine,3,11
13577,MeLo8,18432,LC4,6,gaba,21,0
12196,Li29,18432,LC4,6,gaba,28,22
11102,PVLP046,18432,LC4,6,gaba,20,4
549132,Tm2,16809,LC4,6,acetylcholine,9,2
520520,Tm4,16809,LC4,6,acetylcholine,10,2
518998,Tm4,16809,LC4,6,acetylcholine,11,2
518997,Tm4,16809,LC4,6,acetylcholine,12,2
517905,Tlp14,16809,LC4,6,glutamate,0,3
516757,TmY19b,16809,LC4,6,gaba,13,2
516070,Li17,16809,LC4,6,gaba,20,22
515252,Li25,16809,LC4,6,gaba,14,2
515170,T2,16809,LC4,6,acetylcholine,13,22
513904,SAD049,16809,LC4,6,acetylcholine,8,14
513884,Tm2,16809,LC4,6,acetylcholine,15,2
512637,Y12,16809,LC4,6,glutamate,16,2
512366,LC4,16809,LC4,6,acetylcholine,6,7
132420,T2,16809,LC4,6,acetylcholine,24,3
116174,Tm3,16809,LC4,6,acetylcholine,17,2
86960,T2,16809,LC4,6,acetylcholine,18,2
79647,T2,16809,LC4,6,acetylcholine,25,16
78434,Tm37,16809,LC4,6,glutamate,19,2
76303,Tm2,16809,LC4,6,acetylcholine,20,2
70675,T2,16809,LC4,6,acetylcholine,2,29
60267,T2,16809,LC4,6,acetylcholine,9,22
49023,Tm2,16809,LC4,6,acetylcholine,21,2
29528,Tm3,16809,LC4,6,acetylcholine,22,2
18396,LC4,16809,LC4,6,acetylcholine,20,31
16475,PVLP024,16809,LC4,6,gaba,20,7
10251,MeVP53,16809,LC4,6,gaba,13,27
79483,Tm3,19954,LC4,6,acetylcholine,23,2
78603,Tm3,19954,LC4,6,acetylcholine,24,2
73786,Tm4,19954,LC4,6,acetylcholine,19,9
70735,Tm4,19954,LC4,6,acetylcholine,25,2
70345,Tm4,19954,LC4,6,acetylcholine,8,5
69558,T2,19954,LC4,6,acetylcholine,6,9
68637,T2,19954,LC4,6,acetylcholine,9,13
68569,Tm4,19954,LC4,6,acetylcholine,3,13
67632,T2,19954,LC4,6,acetylcholine,30,22
65106,T2,19954,LC4,6,acetylcholine,29,1
64634,T2,19954,LC4,6,acetylcholine,5,7
64361,Tm4,19954,LC4,6,acetylcholine,14,30
62560,T2,19954,LC4,6,acetylcholine,0,13
61370,T2,19954,LC4,6,acetylcholine,9,9
59867,T2,19954,LC4,6,acetylcholine,23,30
55025,Li14,19954,LC4,6,glutamate,26,2
52819,Tm2,19954,LC4,6,acetylcholine,18,16
52488,Li14,19954,LC4,6,glutamate,27,2
51624,Tm2,19954,LC4,6,acetylcholine,28,2
50562,Tm2,19954,LC4,6,acetylcholine,29,2
49701,TmY3,19954,LC4,6,acetylcholine,24,19
45977,Tm2,19954,LC4,6,acetylcholine,30,2
38038,Tlp12,19954,LC4,6,glutamate,2,13
37469,Tm2,19954,LC4,6,acetylcholine,18,30
36398,Tm2,19954,LC4,6,acetylcholine,31,2
22034,LC4,19954,LC4,6,acetylcholine,14,15
20282,LC4,19954,LC4,6,acetylcholine,27,21
17987,LC4,19954,LC4,6,acetylcholine,8,18
172425,TmY18,17668,LC4,6,acetylcholine,0,3
130212,Tm3,17668,LC4,6,acetylcholine,1,3
117525,Tm4,17668,LC4,6,acetylcholine,2,3
114491,Tm4,17668,LC4,6,acetylcholine,15,27
108246,Tm4,17668,LC4,6,acetylcholine,19,0
85573,T2,17668,LC4,6,acetylcholine,3,3
83449,Tm4,17668,LC4,6,acetylcholine,26,27
82305,T2,17668,LC4,6,acetylcholine,18,23
78046,T2,17668,LC4,6,acetylcholine,4,31
77469,Tm4,17668,LC4,6,acetylcholine,4,3
77312,Tm4,17668,LC4,6,acetylcholine,4,21
75885,Y14,17668,LC4,6,glutamate,5,3
73925,T2,17668,LC4,6,acetylcholine,16,26
72580,T2,17668,LC4,6,acetylcholine,3,30
72238,T2,17668,LC4,6,acetylcholine,17,27
70710,T2,17668,LC4,6,acetylcholine,2,15
70504,Tm4,17668,LC4,6,acetylcholine,18,27
68895,T2,17668,LC4,6,acetylcholine,10,25
67415,T2,17668,LC4,6,acetylcholine,1,5
66098,T2,17668,LC4,6,acetylcholine,0,11
60726,Tm4,17668,LC4,6,acetylcholine,10,28
60440,Tm2,17668,LC4,6,acetylcholine,6,3
59743,Tm2,17668,LC4,6,acetylcholine,7,3
56047,Tm37,17668,LC4,6,glutamate,8,3
55090,Tm2,17668,LC4,6,acetylcholine,1,29
50332,Tm2,17668,LC4,6,acetylcholine,2,30
49909,Tm2,17668,LC4,6,acetylcholine,13,28
47952,Tm2,17668,LC4,6,acetylcholine,9,3
46346,Li29,17668,LC4,6,gaba,2,11
34324,Y11,17668,LC4,6,glutamate,10,3
26719,TmY15,17668,LC4,6,gaba,11,3
17926,LC4,17668,LC4,6,acetylcholine,5,11
16628,LC4,17668,LC4,6,acetylcholine,30,29
16475,PVLP024,17668,LC4,6,gaba,20,7
13588,Li30,17668,LC4,6,gaba,12,1
13376,Li30,17668,LC4,6,gaba,10,0
12475,LoVC15,17668,LC4,6,gaba,17,20
558339,T2,20859,LC4,6,acetylcholine,8,5
533950,Tm2,20859,LC4,6,acetylcholine,14,14
531549,T2,20859,LC4,6,acetylcholine,13,13
527294,Tm2,20859,LC4,6,acetylcholine,12,3
526450,Tm4,20859,LC4,6,acetylcholine,5,18
526194,T2,20859,LC4,6,acetylcholine,31,5
518983,LC4,20859,LC4,6,acetylcholine,5,9
518264,Tm4,20859,LC4,6,acetylcholine,9,31
516909,LC4,20859,LC4,6,acetylcholine,14,3
513599,T2,20859,LC4,6,acetylcholine,23,2
513595,MeLo2,20859,LC4,6,acetylcholine,13,3
84390,Tm3,20859,LC4,6,acetylcholine,14,3
59883,T2,20859,LC4,6,acetylcholine,2,23
56617,T2,20859,LC4,6,acetylcholine,12,18
55810,Tm3,20859,LC4,6,acetylcholine,15,3
53090,Y3,20859,LC4,6,acetylcholine,16,3
50832,Tlp12,20859,LC4,6,glutamate,30,25
36180,Tlp14,20859,LC4,6,glutamate,21,13
34964,Tm2,20859,LC4,6,acetylcholine,24,6
33310,Tm2,20859,LC4,6,acetylcholine,17,3
29296,Y12,20859,LC4,6,glutamate,18,3
28980,LC4,20859,LC4,6,acetylcholine,13,9
24680,Tm37,20859,LC4,6,glutamate,19,3
22933,Li34a,20859,LC4,6,gaba,20,3
20572,LC4,20859,LC4,6,acetylcholine,25,13
18900,LPLC2,20859,LC4,6,acetylcholine,21,3
17653,LC4,20859,LC4,6,acetylcholine,13,6
17125,Tm4,20859,LC4,6,acetylcholine,22,3
16475,PVLP024,20859,LC4,6,gaba,20,7
10933,MeLo8,20859,LC4,6,gaba,25,6
539413,LT56,38065,LC4,6,glutamate,4,14
121310,Tm4,38065,LC4,6,acetylcholine,31,3
90969,T2,38065,LC4,6,acetylcholine,29,14
89190,Tm2,38065,LC4,6,acetylcholine,23,3
87924,Tm3,38065,LC4,6,acetylcholine,24,3
85773,T2,38065,LC4,6,acetylcholine,2,4
83769,T2,38065,LC4,6,acetylcholine,15,18
72004,T2,38065,LC4,6,acetylcholine,12,16
71506,T2,38065,LC4,6,acetylcholine,1,12
68777,Tm2,38065,LC4,6,acetylcholine,25,3
65293,T2,38065,LC4,6,acetylcholine,13,15
62983,Tlp13,38065,LC4,6,glutamate,16,24
62579,Tm2,38065,LC4,6,acetylcholine,26,3
54356,Tm2,38065,LC4,6,acetylcholine,27,3
52432,TmY3,38065,LC4,6,acetylcholine,23,15
46302,TmY3,38065,LC4,6,acetylcholine,9,23
40034,Li25,38065,LC4,6,gaba,28,3
37447,MeLo2,38065,LC4,6,acetylcholine,29,3
35253,Y11,38065,LC4,6,glutamate,19,18
26696,TmY19b,38065,LC4,6,gaba,7,4
25398,TmY15,38065,LC4,6,gaba,30,3
23929,LC4,38065,LC4,6,acetylcholine,9,25
16138,LC4,38065,LC4,6,acetylcholine,3,23
558204,Y12,27829,LC4,6,glutamate,31,3
549466,Tm4,27829,LC4,6,acetylcholine,12,28
543783,Tm3,27829,LC4,6,acetylcholine,0,4
534943,Tm4,27829,LC4,6,acetylcholine,8,5
534315,Tm2,27829,LC4,6,acetylcholine,1,4
531017,T2,27829,LC4,6,acetylcholine,18,4
529357,Y11,27829,LC4,6,glutamate,2,4
521516,Li30,27829,LC4,6,gaba,27,15
520330,MeLo8,27829,LC4,6,gaba,20,16
519931,LC4,27829,LC4,6,acetylcholine,15,14
518730,LC4,27829,LC4,6,acetylcholine,22,23
77371,Tm3,27829,LC4,6,acetylcholine,3,4
75047,T2,27829,LC4,6,acetylcholine,31,16
73010,T2,27829,LC4,6,acetylcholine,19,12
69206,T2,27829,LC4,6,acetylcholine,3,29
57104,Tm2,27829,LC4,6,acetylcholine,4,4
50119,TmY3,27829,LC4,6,acetylcholine,0,7
48662,TmY3,27829,LC4,6,acetylcholine,2,10
43199,TmY3,27829,LC4,6,acetylcholine,15,4
42571,Tm4,27829,LC4,6,acetylcholine,30,7
36247,TmY3,27829,LC4,6,acetylcholine,7,20
30012,LLPC2,27829,LC4,6,acetylcholine,5,4
28379,Tm2,27829,LC4,6,acetylcholine,6,4
28369,Tm2,27829,LC4,6,acetylcholine,23,13
20440,LC4,27829,LC4,6,acetylcholine,17,4
13764,LPLC2,27829,LC4,6,acetylcholine,13,31
13308,Li29,27829,LC4,6,gaba,14,19
74502,Tm3,17926,LC4,6,acetylcholine,7,4
73029,T2,17926,LC4,6,acetylcholine,3,26
71266,T2,17926,LC4,6,acetylcholine,26,29
70991,Tm3,17926,LC4,6,acetylcholine,8,4
68498,T2,17926,LC4,6,acetylcholine,0,17
67673,Tm4,17926,LC4,6,acetylcholine,15,13
67521,T2,17926,LC4,6,acetylcholine,11,29
67002,T2,17926,LC4,6,acetylcholine,18,26
66372,T2,17926,LC4,6,acetylcholine,24,10
64780,T2,17926,LC4,6,acetylcholine,10,7
64666,T2,17926,LC4,6,acetylcholine,27,31
64606,T2,17926,LC4,6,acetylcholine,14,21
64340,T2,17926,LC4,6,acetylcholine,1,25
63642,T2,17926,LC4,6,acetylcholine,22,22
62894,Tm3,17926,LC4,6,acetylcholine,9,4
62659,Tm4,17926,LC4,6,acetylcholine,15,30
62116,Tm4,17926,LC4,6,acetylcholine,2,31
62080,T2,17926,LC4,6,acetylcholine,10,4
61370,T2,17926,LC4,6,acetylcholine,9,9
59760,T2,17926,LC4,6,acetylcholine,4,4
47360,TmY3,17926,LC4,6,acetylcholine,21,24
46346,Li29,17926,LC4,6,gaba,2,11
45603,Tm2,17926,LC4,6,acetylcholine,11,4
41833,TmY3,17926,LC4,6,acetylcholine,20,3
39946,Tm16,17926,LC4,6,acetylcholine,12,4
31137,Y12,17926,LC4,6,glutamate,27,0
30670,Y11,17926,LC4,6,glutamate,13,4
23906,LPLC1,17926,LC4,6,acetylcholine,11,9
21899,LPLC2,17926,LC4,6,acetylcholine,23,9
19634,LC4,17926,LC4,6,acetylcholine,14,4
19260,LC4,17926,LC4,6,acetylcholine,22,12
16435,TmY19a,17926,LC4,6,gaba,23,31
16429,Li17,17926,LC4,6,gaba,16,3
13797,Li29,17926,LC4,6,gaba,8,29
10532,MeVC26,17926,LC4,6,acetylcholine,6,26
140698,Tm3,31262,LC4,6,acetylcholine,15,4
139351,Tm3,31262,LC4,6,acetylcholine,16,4
134863,Tm3,31262,LC4,6,acetylcholine,17,4
131833,T2,31262,LC4,6,acetylcholine,18,4
117274,T2,31262,LC4,6,acetylcholine,19,4
112168,Tm3,31262,LC4,6,acetylcholine,20,4
101518,Tm4,31262,LC4,6,acetylcholine,21,4
99522,Tm3,31262,LC4,6,acetylcholine,22,4
95063,T2,31262,LC4,6,acetylcholine,27,13
85661,TmY3,31262,LC4,6,acetylcholine,25,5
83634,T2,31262,LC4,6,acetylcholine,22,25
81636,TmY3,31262,LC4,6,acetylcholine,23,4
73874,T2,31262,LC4,6,acetylcholine,24,4
73030,Tm2,31262,LC4,6,acetylcholine,30,25
72474,TmY3,31262,LC4,6,acetylcholine,26,13
69489,TmY3,31262,LC4,6,acetylcholine,25,4
68108,Tm2,31262,LC4,6,acetylcholine,26,4
66677,T2,31262,LC4,6,acetylcholine,25,21
60077,Li13,31262,LC4,6,gaba,27,4
38065,LC4,31262,LC4,6,acetylcholine,23,27
29563,LC4,31262,LC4,6,acetylcholine,28,5
28945,LC4,31262,LC4,6,acetylcholine,11,3
24322,Li26,31262,LC4,6,gaba,15,15
14118,Li30,31262,LC4,6,gaba,19,0
569334,TmY18,23226,LC4,6,acetylcholine,28,4
546254,TmY18,23226,LC4,6,acetylcholine,29,4
545816,Tm4,23226,LC4,6,acetylcholine,30,4
535324,TmY3,23226,LC4,6,acetylcholine,9,2
526911,Tm4,23226,LC4,6,acetylcholine,31,4
523411,TmY3,23226,LC4,6,acetylcholine,29,10
520449,LC4,23226,LC4,6,acetylcholine,0,2
519451,T2,23226,LC4,6,acetylcholine,0,14
517952,Tm2,23226,LC4,6,acetylcholine,0,5
516909,LC4,23226,LC4,6,acetylcholine,14,3
514298,TmY3,23226,LC4,6,acetylcholine,18,17
129620,T2,23226,LC4,6,acetylcholine,28,13
91488,Tm3,23226,LC4,6,acetylcholine,1,5
84936,T2,23226,LC4,6,acetylcholine,1,7
68723,Tm2,23226,LC4,6,acetylcholine,11,28
65507,Tm2,23226,LC4,6,acetylcholine,2,5
62105,Tm4,23226,LC4,6,acetylcholine,7,8
57696,Tm2,23226,LC4,6,acetylcholine,3,5
54784,T2,23226,LC4,6,acetylcholine,12,23
41425,Tlp13,23226,LC4,6,glutamate,4,5
33308,Y11,23226,LC4,6,glutamate,5,5
30828,Y11,23226,LC4,6,glutamate,26,23
25607,PVLP046,23226,LC4,6,gaba,12,3
25031,LPLC1,23226,LC4,6,acetylcholine,27,23
22922,LC4,23226,LC4,6,acetylcholine,17,3
21571,Tlp14,23226,LC4,6,glutamate,6,5
18756,Li26,23226,LC4,6,gaba,27,20
18310,T2,23226,LC4,6,acetylcholine,1,8
17829,T2,23226,LC4,6,acetylcholine,7,5
16459,PVLP024,23226,LC4,6,gaba,5,15
15736,TmY19a,23226,LC4,6,gaba,30,14
15640,Y14,23226,LC4,6,glutamate,31,14
13846,Li29,23226,LC4,6,gaba,23,21
536602,T2,518983,LC4,6,acetylcholine,30,13
527612,Tm3,518983,LC4,6,acetylcholine,8,5
519068,Tm2,518983,LC4,6,acetylcholine,9,5
518654,T2,518983,LC4,6,acetylcholine,12,17
133701,Tm3,518983,LC4,6,acetylcholine,10,5
123431,Tm3,518983,LC4,6,acetylcholine,11,5
97628,Tm3,518983,LC4,6,acetylcholine,12,5
93682,TmY3,518983,LC4,6,acetylcholine,19,4
79908,T2,518983,LC4,6,acetylcholine,10,2
62718,Tm4,518983,LC4,6,acetylcholine,14,24
61378,Tm2,518983,LC4,6,acetylcholine,13,5
37210,Li25,518983,LC4,6,gaba,25,26
36687,Li25,518983,LC4,6,gaba,3,25
34770,T2,518983,LC4,6,acetylcholine,18,12
28980,LC4,518983,LC4,6,acetylcholine,13,9
20921,T2,518983,LC4,6,acetylcholine,12,2
16475,PVLP024,518983,LC4,6,gaba,20,7
14888,LC4,518983,LC4,6,acetylcholine,28,25
12196,Li29,518983,LC4,6,gaba,28,22
544030,T2,12349,LC4,6,acetylcholine,18,1
543000,T2,12349,LC4,6,acetylcholine,3,19
523001,Tm4,12349,LC4,6,acetylcholine,14,5
520554,Tm4,12349,LC4,6,acetylcholine,8,3
518515,Li25,12349,LC4,6,gaba,3,18
517905,Tlp14,12349,LC4,6,glutamate,0,3
515602,Li25,12349,LC4,6,gaba,10,26
153555,Tm2,12349,LC4,6,acetylcholine,15,5
135676,Tm2,12349,LC4,6,acetylcholine,16,5
130260,T5a,12349,LC4,6,acetylcholine,17,5
114874,Tm2,12349,LC4,6,acetylcholine,18,5
114807,Tm4,12349,LC4,6,acetylcholine,21,1
112106,Tm2,12349,LC4,6,acetylcholine,19,5
109018,Tm4,12349,LC4,6,acetylcholine,20,5
85167,Tm2,12349,LC4,6,acetylcholine,21,5
81672,T2,12349,LC4,6,acetylcholine,15,23
71479,Tm2,12349,LC4,6,acetylcholine,22,5
53774,Tm3,12349,LC4,6,acetylcholine,23,5
45570,T2,12349,LC4,6,acetylcholine,24,5
43678,Tlp12,12349,LC4,6,glutamate,25,5
31524,LC9,12349,LC4,6,acetylcholine,26,5
20976,LC4,12349,LC4,6,acetylcholine,7,8
17270,LC4,12349,LC4,6,acetylcholine,20,31
16023,TmY19a,12349,LC4,6,gaba,27,5
15428,Li26,12349,LC4,6,gaba,11,6
15263,Li28,12349,LC4,6,gaba,3,2
124490,Tm3,23098,LC4,6,acetylcholine,28,5
108741,Tm4,23098,LC4,6,acetylcholine,29,5
75794,Tm2,23098,LC4,6,acetylcholine,18,17
75076,T2,23098,LC4,6,acetylcholine,11,20
73941,T2,23098,LC4,6,acetylcholine,31,4
73470,Tm2,23098,LC4,6,acetylcholine,1,9
71372,Tm4,23098,LC4,6,acetylcholine,3,19
70112,T2,23098,LC4,6,acetylcholine,30,12
65307,T2,23098,LC4,6,acetylcholine,11,19
65009,T2,23098,LC4,6,acetylcholine,23,7
64563,T2,23098,LC4,6,acetylcholine,6,9
59944,Tm4,23098,LC4,6,acetylcholine,30,5
37624,Y11,23098,LC4,6,glutamate,11,30
22677,LPLC2,23098,LC4,6,acetylcholine,8,30
22218,LPLC2,23098,LC4,6,acetylcholine,31,5
21165,LC4,23098,LC4,6,acetylcholine,1,18
20036,LPLC1,23098,LC4,6,acetylcholine,0,6
17939,PVLP046,23098,LC4,6,gaba,1,19
14581,TmY19a,23098,LC4,6,gaba,1,22
557887,Tm3,17478,LC4,6,acetylcholine,1,6
537080,Tm4,17478,LC4,6,acetylcholine,4,18
531218,T2,17478,LC4,6,acetylcholine,15,9
521279,Tm4,17478,LC4,6,acetylcholine,6,18
519931,LC4,17478,LC4,6,acetylcholine,15,14
516009,Tm2,17478,LC4,6,acetylcholine,2,6
514838,Tm2,17478,LC4,6,acetylcholine,3,6
132675,T2,17478,LC4,6,acetylcholine,25,21
111448,Tm37,17478,LC4,6,glutamate,4,6
83519,Tm3,17478,LC4,6,acetylcholine,5,6
71157,CB3513,17478,LC4,6,gaba,25,22
69313,Tm4,17478,LC4,6,acetylcholine,19,5
61611,T2,17478,LC4,6,acetylcholine,20,5
53425,Tlp13,17478,LC4,6,glutamate,6,6
50263,TmY3,17478,LC4,6,acetylcholine,9,6
50085,Tlp12,17478,LC4,6,glutamate,7,6
33137,LC4,17478,LC4,6,acetylcholine,22,15
31672,Li25,17478,LC4,6,gaba,14,11
29375,Tm4,17478,LC4,6,acetylcholine,28,8
28965,Tm4,17478,LC4,6,acetylcholine,8,6
27676,T2,17478,LC4,6,acetylcholine,2,26
25064,T2,17478,LC4,6,acetylcholine,10,17
24523,LC4,17478,LC4,6,acetylcholine,30,17
24370,MeLo12,17478,LC4,6,glutamate,9,6
20976,LC4,17478,LC4,6,acetylcholine,7,8
17653,LC4,17478,LC4,6,acetylcholine,13,6
17340,LC4,17478,LC4,6,acetylcholine,30,27
16475,PVLP024,17478,LC4,6,gaba,20,7
16459,PVLP024,17478,LC4,6,gaba,5,15
15060,Tm2,17478,LC4,6,acetylcholine,10,6
546283,Tm3,34845,LC4,6,acetylcholine,11,6
543884,Tm4,34845,LC4,6,acetylcholine,12,6
536890,Tm2,34845,LC4,6,acetylcholine,10,22
533911,T2,34845,LC4,6,acetylcholine,0,30
533017,Y11,34845,LC4,6,glutamate,19,12
517369,TmY19a,34845,LC4,6,gaba,10,1
515656,Li25,34845,LC4,6,gaba,13,6
60267,T2,34845,LC4,6,acetylcholine,9,22
58541,TmY3,34845,LC4,6,acetylcholine,6,19
52238,Y12,34845,LC4,6,glutamate,6,15
32139,T2,34845,LC4,6,acetylcholine,6,22
30087,LC4,34845,LC4,6,acetylcholine,1,26
29514,LC4,34845,LC4,6,acetylcholine,15,27
19292,Li28,34845,LC4,6,gaba,13,0
17939,PVLP046,34845,LC4,6,gaba,1,19
15677,T2,34845,LC4,6,acetylcholine,25,24
13846,Li29,34845,LC4,6,gaba,23,21
13308,Li29,34845,LC4,6,gaba,14,19
12196,Li29,34845,LC4,6,gaba,28,22
10251,MeVP53,34845,LC4,6,gaba,13,27
10158,LT56,34845,LC4,6,glutamate,31,5
557955,Tlp12,17653,LC4,6,glutamate,28,4
545255,Tm2,17653,LC4,6,acetylcholine,14,6
542130,Y14,17653,LC4,6,glutamate,1,2
541805,T2,17653,LC4,6,acetylcholine,22,1
535587,Tm4,17653,LC4,6,acetylcholine,2,2
533465,Tm39,17653,LC4,6,acetylcholine,15,6
533129,LC4,17653,LC4,6,acetylcholine,2,22
530637,Tm4,17653,LC4,6,acetylcholine,12,5
518827,Tm3,17653,LC4,6,acetylcholine,16,6
515476,LC4,17653,LC4,6,acetylcholine,2,20
514099,Tm4,17653,LC4,6,acetylcholine,17,5
513366,Tm2,17653,LC4,6,acetylcholine,17,6
513244,TmY3,17653,LC4,6,acetylcholine,22,5
511914,LC4,17653,LC4,6,acetylcholine,18,22
102489,T5c,17653,LC4,6,acetylcholine,18,6
77954,Li13,17653,LC4,6,gaba,24,2
69212,Tm3,17653,LC4,6,acetylcholine,18,20
55516,Tm3,17653,LC4,6,acetylcholine,19,6
54881,Tm2,17653,LC4,6,acetylcholine,20,6
54848,Tm2,17653,LC4,6,acetylcholine,21,6
23593,Tm3,17653,LC4,6,acetylcholine,22,6
23202,LC4,17653,LC4,6,acetylcholine,10,14
22779,MeLo2,17653,LC4,6,acetylcholine,23,6
21761,Li34a,17653,LC4,6,gaba,11,23
17478,LC4,17653,LC4,6,acetylcholine,0,10
16459,PVLP024,17653,LC4,6,gaba,5,15
542886,Tm4,20440,LC4,6,acetylcholine,5,0
539949,TmY3,20440,LC4,6,acetylcholine,1,28
539627,Tm4,20440,LC4,6,acetylcholine,6,0
537895,T2,20440,LC4,6,acetylcholine,24,6
531862,LT41,20440,LC4,6,gaba,31,3
523901,TmY18,20440,LC4,6,acetylcholine,25,6
518983,LC4,20440,LC4,6,acetylcholine,5,9
515900,LC4,20440,LC4,6,acetylcholine,0,23
163716,TmY18,20440,LC4,6,acetylcholine,26,6
145391,T2,20440,LC4,6,acetylcholine,27,6
132963,T2,20440,LC4,6,acetylcholine,19,21
124008,T2,20440,LC4,6,acetylcholine,14,0
122975,T2,20440,LC4,6,acetylcholine,31,0
93447,T2,20440,LC4,6,acetylcholine,19,28
84280,Tm4,20440,LC4,6,acetylcholine,16,0
75691,Tm4,20440,LC4,6,acetylcholine,27,17
64755,Tm2,20440,LC4,6,acetylcholine,8,9
61149,Tm2,20440,LC4,6,acetylcholine,28,6
52015,Li14,20440,LC4,6,glutamate,29,6
47460,Tm4,20440,LC4,6,acetylcholine,17,1
41667,TmY21,20440,LC4,6,acetylcholine,30,6
40997,Tm4,20440,LC4,6,acetylcholine,31,6
25824,T2,20440,LC4,6,acetylcholine,0,7
22234,LLPC2,20440,LC4,6,acetylcholine,1,7
547059,T2,17340,LC4,6,acetylcholine,2,7
533982,TmY18,17340,LC4,6,acetylcholine,3,7
533227,Tm4,17340,LC4,6,acetylcholine,4,7
531486,Tm2,17340,LC4,6,acetylcholine,23,12
529410,Li13,17340,LC4,6,gaba,26,28
526604,Tm4,17340,LC4,6,acetylcholine,5,7
520570,TmY3,17340,LC4,6,acetylcholine,21,22
518730,LC4,17340,LC4,6,acetylcholine,22,23
517917,Tm4,17340,LC4,6,acetylcholine,13,24
517576,T2,17340,LC4,6,acetylcholine,8,7
515152,T2,17340,LC4,6,acetylcholine,7,18
513571,TmY3,17340,LC4,6,acetylcholine,27,5
512649,Tm2,17340,LC4,6,acetylcholine,6,7
150664,Tm4,17340,LC4,6,acetylcholine,16,8
129579,Tm3,17340,LC4,6,acetylcholine,7,7
125035,Tm3,17340,LC4,6,acetylcholine,8,7
118066,Tm3,17340,LC4,6,acetylcholine,9,7
115308,T2,17340,LC4,6,acetylcholine,8,7
111903,LPLC2,17340,LC4,6,acetylcholine,20,2
106305,T2,17340,LC4,6,acetylcholine,31,19
99987,Tm2,17340,LC4,6,acetylcholine,0,7
92582,T2,17340,LC4,6,acetylcholine,23,22
77614,LC4,17340,LC4,6,acetylcholine,20,31
40345,T2,17340,LC4,6,acetylcholine,2,4
38139,Tm37,17340,LC4,6,glutamate,10,7
35524,Y12,17340,LC4,6,glutamate,11,7
33348,Li14,17340,LC4,6,glutamate,19,4
29749,Tm2,17340,LC4,6,acetylcholine,1,10
29077,MeLo2,17340,LC4,6,acetylcholine,19,12
24832,T2,17340,LC4,6,acetylcholine,21,4
21299,LPLC2,17340,LC4,6,acetylcholine,2,24
17478,LC4,17340,LC4,6,acetylcholine,0,10
91534,Tm4,22975,LC4,6,acetylcholine,12,7
88908,Tm3,22975,LC4,6,acetylcholine,13,7
82629,Tm4,22975,LC4,6,acetylcholine,13,1
82121,Tm3,22975,LC4,6,acetylcholine,24,30
80861,Tm4,22975,LC4,6,acetylcholine,22,28
78902,Tm2,22975,LC4,6,acetylcholine,8,7
72373,Y14,22975,LC4,6,glutamate,14,7
69234,T2,22975,LC4,6,acetylcholine,10,25
69121,T2,22975,LC4,6,acetylcholine,23,28
64913,T2,22975,LC4,6,acetylcholine,3,2
59593,T2,22975,LC4,6,acetylcholine,17,13
58874,Tm2,22975,LC4,6,acetylcholine,15,7
58404,Tm2,22975,LC4,6,acetylcholine,16,7
45724,Tlp14,22975,LC4,6,glutamate,17,7
44592,TmY3,22975,LC4,6,acetylcholine,7,10
42860,Li13,22975,LC4,6,gaba,8,0
34984,LC9,22975,LC4,6,acetylcholine,12,26
24322,Li26,22975,LC4,6,gaba,15,15
22194,LC4,22975,LC4,6,acetylcholine,20,7
20434,PVLP046,22975,LC4,6,gaba,0,21
16475,PVLP024,22975,LC4,6,gaba,20,7
15665,SAD064,22975,LC4,6,acetylcholine,25,24
15095,MeLo8,22975,LC4,6,gaba,20,6
15073,MeLo8,22975,LC4,6,gaba,15,4
549652,TmY3,24523,LC4,6,acetylcholine,24,6
539149,Tm37,24523,LC4,6,glutamate,18,7
519899,LoVC15,24523,LC4,6,gaba,16,19
519153,LPLC1,24523,LC4,6,acetylcholine,30,23
519090,TmY3,24523,LC4,6,acetylcholine,16,2
517078,LPLC2,24523,LC4,6,acetylcholine,19,7
515900,LC4,24523,LC4,6,acetylcholine,0,23
514846,LPLC1,24523,LC4,6,acetylcholine,4,8
514030,Li25,24523,LC4,6,gaba,12,0
151747,Tm3,24523,LC4,6,acetylcholine,20,7
79143,TmY3,24523,LC4,6,acetylcholine,29,20
74134,T2,24523,LC4,6,acetylcholine,8,17
70319,Tm37,24523,LC4,6,glutamate,21,7
70225,Tm4,24523,LC4,6,acetylcholine,30,27
67070,Tm3,24523,LC4,6,acetylcholine,22,7
66305,Tm37,24523,LC4,6,glutamate,23,7
60756,Tm4,24523,LC4,6,acetylcholine,17,4
54379,Tm2,24523,LC4,6,acetylcholine,24,7
51779,Tm2,24523,LC4,6,acetylcholine,30,1
50803,T2,24523,LC4,6,acetylcholine,13,25
50264,Tm2,24523,LC4,6,acetylcholine,28,28
46688,Tm2,24523,LC4,6,acetylcholine,25,7
45290,Tm2,24523,LC4,6,acetylcholine,26,7
44697,Y12,24523,LC4,6,glutamate,15,12
43718,Tm2,24523,LC4,6,acetylcholine,27,7
41679,Li15,24523,LC4,6,gaba,8,8
26514,LC9,24523,LC4,6,acetylcholine,9,26
25082,Tm4,24523,LC4,6,acetylcholine,28,7
24598,MeLo2,24523,LC4,6,acetylcholine,29,7
20976,LC4,24523,LC4,6,acetylcholine,7,8
17163,Tlp14,24523,LC4,6,glutamate,4,4
15261,CB2664,24523,LC4,6,acetylcholine,5,0
539357,Tm4,20967,LC4,6,acetylcholine,8,23
535587,Tm4,20967,LC4,6,acetylcholine,2,2
535486,Tm2,20967,LC4,6,acetylcholine,30,7
534912,TmY3,20967,LC4,6,acetylcholine,11,0
533129,LC4,20967,LC4,6,acetylcholine,2,22
530971,Tm4,20967,LC4,6,acetylcholine,8,27
530115,Tlp13,20967,LC4,6,glutamate,31,7
518152,Y12,20967,LC4,6,glutamate,0,8
512087,LPLC1,20967,LC4,6,acetylcholine,11,23
77614,LC4,20967,LC4,6,acetylcholine,20,31
76221,T2,20967,LC4,6,acetylcholine,17,15
72804,Tm3,20967,LC4,6,acetylcholine,1,8
65253,Tm4,20967,LC4,6,acetylcholine,2,25
56331,Tm37,20967,LC4,6,glutamate,2,8
49989,Tm2,20967,LC4,6,acetylcholine,17,13
48845,Tm2,20967,LC4,6,acetylcholine,3,8
44190,Y12,20967,LC4,6,glutamate,4,8
35727,Tm4,20967,LC4,6,acetylcholine,20,2
27388,Tm4,20967,LC4,6,acetylcholine,24,13
27464,Tm4,20967,LC4,6,acetylcholine,2,10
22715,Li16,20967,LC4,6,glutamate,25,15
20078,T2,20967,LC4,6,acetylcholine,7,10
17474,Li17,20967,LC4,6,gaba,6,4
17270,LC4,20967,LC4,6,acetylcholine,20,31
12710,LoVC14,20967,LC4,6,gaba,27,22
12196,Li29,20967,LC4,6,gaba,28,22
537145,Tm2,35616,LC4,6,acetylcholine,12,27
535638,T2,35616,LC4,6,acetylcholine,5,25
532258,Tm2,35616,LC4,6,acetylcholine,5,8
525705,Li25,35616,LC4,6,gaba,28,23
524681,TmY18,35616,LC4,6,acetylcholine,6,8
516405,Tm4,35616,LC4,6,acetylcholine,7,11
512529,Tm37,35616,LC4,6,glutamate,29,23
108587,T2,35616,LC4,6,acetylcholine,22,15
103441,Tm4,35616,LC4,6,acetylcholine,31,6
82026,T2,35616,LC4,6,acetylcholine,7,8
81858,T2,35616,LC4,6,acetylcholine,7,28
75440,T2,35616,LC4,6,acetylcholine,11,27
75320,T2,35616,LC4,6,acetylcholine,2,4
70197,Tm4,35616,LC4,6,acetylcholine,26,9
69317,TmY3,35616,LC4,6,acetylcholine,24,11
58132,Tm2,35616,LC4,6,acetylcholine,8,8
44982,TmY3,35616,LC4,6,acetylcholine,4,25
38511,Y12,35616,LC4,6,glutamate,31,23
33881,TmY21,35616,LC4,6,acetylcholine,9,8
27268,LC9,35616,LC4,6,acetylcholine,13,28
23724,Li26,35616,LC4,6,gaba,17,28
17939,PVLP046,35616,LC4,6,gaba,1,19
16596,Li28,35616,LC4,6,gaba,1,4
14888,LC4,35616,LC4,6,acetylcholine,28,25
12722,LoVC21,35616,LC4,6,gaba,3,1
535529,Tm4,535341,LC4,6,acetylcholine,23,24
535530,T2,535341,LC4,6,acetylcholine,10,8
534944,Tm37,535341,LC4,6,glutamate,11,8
532149,Tm5Y,535341,LC4,6,acetylcholine,12,8
531008,T2,535341,LC4,6,acetylcholine,19,20
529899,Tm4,535341,LC4,6,acetylcholine,18,18
526286,LC4,535341,LC4,6,acetylcholine,2,21
519900,LoVC15,535341,LC4,6,gaba,23,14
518739,Tm5Y,535341,LC4,6,acetylcholine,13,8
516761,Tm4,535341,LC4,6,acetylcholine,14,8
514516,Tm37,535341,LC4,6,glutamate,29,19
139057,Tm3,535341,LC4,6,acetylcholine,15,8
122568,T2,535341,LC4,6,acetylcholine,10,27
114210,T2,535341,LC4,6,acetylcholine,16,8
87518,Tm5Y,535341,LC4,6,acetylcholine,17,8
77811,Tm3,535341,LC4,6,acetylcholine,18,8
65780,MeLo12,535341,LC4,6,glutamate,19,8
38765,Tm37,535341,LC4,6,glutamate,20,8
35829,Tm2,535341,LC4,6,acetylcholine,21,8
28645,Tm2,535341,LC4,6,acetylcholine,30,15
25080,Li26,535341,LC4,6,gaba,9,12
21721,LC4,535341,LC4,6,acetylcholine,27,21
19997,Tlp14,535341,LC4,6,glutamate,22,8
18478,LC4,535341,LC4,6,acetylcholine,11,14
15263,Li28,535341,LC4,6,gaba,3,2
15055,Li26,535341,LC4,6,gaba,25,6
11927,PVLP122,535341,LC4,6,acetylcholine,18,1
580849,Tm2,512366,LC4,6,acetylcholine,23,8
530854,Li14,512366,LC4,6,glutamate,7,7
525341,Tlp13,512366,LC4,6,glutamate,24,8
524563,T2,512366,LC4,6,acetylcholine,4,26
518874,Li13,512366,LC4,6,gaba,25,8
518624,TmY3,512366,LC4,6,acetylcholine,11,19
513569,Tm2,512366,LC4,6,acetylcholine,26,8
512647,T2,512366,LC4,6,acetylcholine,6,7
290800,Li14,512366,LC4,6,glutamate,26,17
161291,Tm4,512366,LC4,6,acetylcholine,3,22
154915,T2,512366,LC4,6,acetylcholine,6,13
112106,Tm2,512366,LC4,6,acetylcholine,19,5
104871,TmY3,512366,LC4,6,acetylcholine,31,20
98839,Tm3,512366,LC4,6,acetylcholine,27,8
97948,T2,512366,LC4,6,acetylcholine,11,7
87383,Tm2,512366,LC4,6,acetylcholine,28,8
84534,Tm2,512366,LC4,6,acetylcholine,29,8
75166,TmY3,512366,LC4,6,acetylcholine,11,29
74784,T2,512366,LC4,6,acetylcholine,13,9
68947,Tm2,512366,LC4,6,acetylcholine,30,8
61640,TmY3,512366,LC4,6,acetylcholine,10,22
46679,LC9,512366,LC4,6,acetylcholine,17,4
40093,T2,512366,LC4,6,acetylcholine,21,16
35401,TmY19a,512366,LC4,6,gaba,31,8
29514,LC4,512366,LC4,6,acetylcholine,15,27
24046,Y11,512366,LC4,6,glutamate,0,9
23522,TmY19b,512366,LC4,6,gaba,15,16
14209,Li28,512366,LC4,6,gaba,7,1
13308,Li29,512366,LC4,6,gaba,14,19
529945,T2a,30480,LC4,6,acetylcholine,1,9
527408,LC4,30480,LC4,6,acetylcholine,29,9
118168,TmY18,30480,LC4,6,acetylcholine,2,9
112983,Tm3,30480,LC4,6,acetylcholine,3,9
108862,Tm3,30480,LC4,6,acetylcholine,4,9
106359,Tm3,30480,LC4,6,acetylcholine,5,9
105840,Tm4,30480,LC4,6,acetylcholine,13,27
104984,Tm3,30480,LC4,6,acetylcholine,6,9
99360,T2,30480,LC4,6,acetylcholine,7,9
97095,Tm3,30480,LC4,6,acetylcholine,8,9
94429,T2,30480,LC4,6,acetylcholine,28,26
92404,Tm3,30480,LC4,6,acetylcholine,9,9
91085,T2,30480,LC4,6,acetylcholine,29,26
90801,Tm3,30480,LC4,6,acetylcholine,10,9
87668,T2,30480,LC4,6,acetylcholine,9,10
85593,T2,30480,LC4,6,acetylcholine,14,20
84404,T2,30480,LC4,6,acetylcholine,27,1
84102,Tm4,30480,LC4,6,acetylcholine,28,22
82318,Tm4,30480,LC4,6,acetylcholine,2,12
79311,Tm3,30480,LC4,6,acetylcholine,14,0
77673,Tm4,30480,LC4,6,acetylcholine,29,18
72004,T2,30480,LC4,6,acetylcholine,12,16
72175,Tlp13,30480,LC4,6,glutamate,31,7
71506,T2,30480,LC4,6,acetylcholine,1,12
70205,Tm2,30480,LC4,6,acetylcholine,11,9
69158,Tm2,30480,LC4,6,acetylcholine,12,9
59935,Tm2,30480,LC4,6,acetylcholine,13,9
55380,TmY3,30480,LC4,6,acetylcholine,0,4
45497,Li14,30480,LC4,6,glutamate,14,9
40691,MeLo2,30480,LC4,6,acetylcholine,31,8
36636,Li25,30480,LC4,6,gaba,2,3
32908,MeLo2,30480,LC4,6,acetylcholine,16,17
31029,Li15,30480,LC4,6,gaba,4,3
24268,LPLC2,30480,LC4,6,acetylcholine,15,9
22257,PVLP046,30480,LC4,6,gaba,16,12
11394,Li16,30480,LC4,6,glutamate,20,27
10302,Li38,30480,LC4,6,gaba,16,9
534025,T2,31301,LC4,6,acetylcholine,0,17
530590,Tm2,31301,LC4,6,acetylcholine,17,9
527298,Tm4,31301,LC4,6,acetylcholine,18,9
523971,T2,31301,LC4,6,acetylcholine,9,1
521794,Tm4,31301,LC4,6,acetylcholine,5,4
519900,LoVC15,31301,LC4,6,gaba,23,14
518387,Tm37,31301,LC4,6,glutamate,11,8
517958,TmY3,31301,LC4,6,acetylcholine,10,24
129819,Tm4,31301,LC4,6,acetylcholine,19,9
102087,TmY3,31301,LC4,6,acetylcholine,16,11
90281,Tm2,31301,LC4,6,acetylcholine,10,4
89220,Tm2,31301,LC4,6,acetylcholine,20,9
88666,Tm3,31301,LC4,6,acetylcholine,21,9
80055,Tm3,31301,LC4,6,acetylcholine,0,19
66245,Li14,31301,LC4,6,glutamate,26,16
61902,Tm3,31301,LC4,6,acetylcholine,22,9
55055,Tm2,31301,LC4,6,acetylcholine,13,4
53306,T2,31301,LC4,6,acetylcholine,23,9
50894,Y12,31301,LC4,6,glutamate,24,9
48662,TmY3,31301,LC4,6,acetylcholine,2,10
47152,Tm4,31301,LC4,6,acetylcholine,25,9
41927,Tm2,31301,LC4,6,acetylcholine,26,9
41248,Y12,31301,LC4,6,glutamate,27,9
39634,Tlp12,31301,LC4,6,glutamate,0,7
32139,T2,31301,LC4,6,acetylcholine,6,22
27245,Tm4,31301,LC4,6,acetylcholine,6,25
22772,LC4,31301,LC4,6,acetylcholine,3,28
22257,PVLP046,31301,LC4,6,gaba,16,12
21992,T2,31301,LC4,6,acetylcholine,18,26
18432,LC4,31301,LC4,6,acetylcholine,1,24
11102,PVLP046,31301,LC4,6,gaba,20,4
544962,Tm4,512705,LC4,6,acetylcholine,28,9
532193,Tm2,512705,LC4,6,acetylcholine,29,9
530808,Tm37,512705,LC4,6,glutamate,30,9
529108,T2,512705,LC4,6,acetylcholine,14,10
519524,T2,512705,LC4,6,acetylcholine,31,9
518023,TmY3,512705,LC4,6,acetylcholine,7,10
516520,Tlp12,512705,LC4,6,glutamate,24,17
167071,T2,512705,LC4,6,acetylcholine,17,19
115948,Tm4,512705,LC4,6,acetylcholine,0,10
100485,LC4,512705,LC4,6,acetylcholine,23,20
73286,T2,512705,LC4,6,acetylcholine,30,6
50172,Tm2,512705,LC4,6,acetylcholine,19,24
40090,TmY3,512705,LC4,6,acetylcholine,30,12
31308,LC4,512705,LC4,6,acetylcholine,23,5
22715,Li16,512705,LC4,6,glutamate,25,15
20572,LC4,512705,LC4,6,acetylcholine,25,13
18396,LC4,512705,LC4,6,acetylcholine,20,31
13846,Li29,512705,LC4,6,gaba,23,21
12349,LC4,512705,LC4,6,acetylcholine,2,20
159987,Tm3,22034,LC4,6,acetylcholine,17,29
95089,Tm3,22034,LC4,6,acetylcholine,1,10
90767,Tm4,22034,LC4,6,acetylcholine,2,2
90432,Tm3,22034,LC4,6,acetylcholine,2,10
89110,Tm3,22034,LC4,6,acetylcholine,3,10
86720,Tm3,22034,LC4,6,acetylcholine,4,10
86412,Tm4,22034,LC4,6,acetylcholine,7,18
84526,Tm4,22034,LC4,6,acetylcholine,4,2
82246,Tm4,22034,LC4,6,acetylcholine,5,10
80291,Tm4,22034,LC4,6,acetylcholine,22,9
78773,Tm3,22034,LC4,6,acetylcholine,6,10
72452,T2,22034,LC4,6,acetylcholine,5,28
68694,Tm4,22034,LC4,6,acetylcholine,17,20
66871,T2,22034,LC4,6,acetylcholine,26,19
66057,Y14,22034,LC4,6,glutamate,17,0
62579,Tm2,22034,LC4,6,acetylcholine,26,3
57871,T2,22034,LC4,6,acetylcholine,23,22
56912,TmY3,22034,LC4,6,acetylcholine,21,29
45084,Tlp13,22034,LC4,6,glutamate,7,10
35889,LPLC2,22034,LC4,6,acetylcholine,8,10
31988,LPLC2,22034,LC4,6,acetylcholine,9,10
24328,TmY15,22034,LC4,6,gaba,10,10
21165,LC4,22034,LC4,6,acetylcholine,1,18
20016,LC4,22034,LC4,6,acetylcholine,12,16
19178,TmY19a,22034,LC4,6,gaba,10,25
17548,LC4,22034,LC4,6,acetylcholine,11,15
17266,LC4,22034,LC4,6,acetylcholine,7,29
16459,PVLP024,22034,LC4,6,gaba,5,15
10480,MeVP53,22034,LC4,6,gaba,11,7
543781,T2,515476,LC4,6,acetylcholine,20,24
542052,Tm4,515476,LC4,6,acetylcholine,17,21
537140,Tm4,515476,LC4,6,acetylcholine,4,30
534973,Tm3,515476,LC4,6,acetylcholine,11,10
522876,Tm2,515476,LC4,6,acetylcholine,19,1
521610,Li25,515476,LC4,6,gaba,1,27
520536,Tm2,515476,LC4,6,acetylcholine,12,10
515828,Tm2,515476,LC4,6,acetylcholine,29,7
512142,T2,515476,LC4,6,acetylcholine,10,0
157404,TmY18,515476,LC4,6,acetylcholine,21,19
141828,T2,515476,LC4,6,acetylcholine,22,26
139223,Tm3,515476,LC4,6,acetylcholine,13,10
138166,T2,515476,LC4,6,acetylcholine,13,28
132681,Tm4,515476,LC4,6,acetylcholine,14,10
89909,Tm4,515476,LC4,6,acetylcholine,22,24
77048,TmY3,515476,LC4,6,acetylcholine,29,19
63348,Tm2,515476,LC4,6,acetylcholine,15,10
60213,Tm2,515476,LC4,6,acetylcholine,8,17
60074,TmY3,515476,LC4,6,acetylcholine,3,29
57781,TmY3,515476,LC4,6,acetylcholine,30,9
49833,Li15,515476,LC4,6,gaba,3,28
45582,T2,515476,LC4,6,acetylcholine,8,1
45345,TmY3,515476,LC4,6,acetylcholine,24,7
36917,TmY3,515476,LC4,6,acetylcholine,23,27
31960,Tm2,515476,LC4,6,acetylcholine,16,10
18350,PVLP046,515476,LC4,6,gaba,25,3
17375,SAD064,515476,LC4,6,acetylcholine,21,29
16475,PVLP024,515476,LC4,6,gaba,20,7
13591,LoVC17,515476,LC4,6,gaba,10,24
11102,PVLP046,515476,LC4,6,gaba,20,4
544574,T2a,30803,LC4,6,acetylcholine,12,1
126848,TmY18,30803,LC4,6,acetylcholine,17,10
118168,TmY18,30803,LC4,6,acetylcholine,2,9
116105,Tm4,30803,LC4,6,acetylcholine,26,3
98588,Tm3,30803,LC4,6,acetylcholine,18,10
94779,Tm2,30803,LC4,6,acetylcholine,14,7
90932,T2,30803,LC4,6,acetylcholine,22,15
85424,Tm3,30803,LC4,6,acetylcholine,19,10
82736,Tm3,30803,LC4,6,acetylcholine,20,10
76575,Tm4,30803,LC4,6,acetylcholine,29,5
74440,T2,30803,LC4,6,acetylcholine,30,5
67768,Tm2,30803,LC4,6,acetylcholine,6,13
60201,Tm2,30803,LC4,6,acetylcholine,21,10
56846,Tm2,30803,LC4,6,acetylcholine,22,10
50644,TmY3,30803,LC4,6,acetylcholine,28,17
49559,Y12,30803,LC4,6,glutamate,23,10
39620,LPLC2,30803,LC4,6,acetylcholine,24,10
37925,LPLC2,30803,LC4,6,acetylcholine,25,10
25956,Li30,30803,LC4,6,gaba,9,8
25607,PVLP046,30803,LC4,6,gaba,12,3
25192,TmY19b,30803,LC4,6,gaba,27,20
22034,LC4,30803,LC4,6,acetylcholine,14,15
19454,PVLP024,30803,LC4,6,gaba,3,11
17289,Li29,30803,LC4,6,gaba,13,1
16861,TmY19b,30803,LC4,6,gaba,9,21
14055,CB4176,30803,LC4,6,gaba,26,10
11102,PVLP046,30803,LC4,6,gaba,20,4
10051,Li39,30803,LC4,6,gaba,8,0
544753,Tm4,524899,LC4,6,acetylcholine,5,10
543805,T2,524899,LC4,6,acetylcholine,25,16
543265,Tm4,524899,LC4,6,acetylcholine,23,28
542567,Li14,524899,LC4,6,glutamate,27,10
539837,Tm4,524899,LC4,6,acetylcholine,19,5
536999,Tlp12,524899,LC4,6,glutamate,28,10
532405,Tm5Y,524899,LC4,6,acetylcholine,29,10
522889,MeLo8,524899,LC4,6,gaba,15,2
520078,LPLC1,524899,LC4,6,acetylcholine,5,28
519650,LC4,524899,LC4,6,acetylcholine,4,22
514508,LC4,524899,LC4,6,acetylcholine,30,19
161287,Tlp13,524899,LC4,6,glutamate,3,9
132675,T2,524899,LC4,6,acetylcholine,25,21
118639,T2,524899,LC4,6,acetylcholine,14,24
97578,Tm4,524899,LC4,6,acetylcholine,30,10
97565,Tm3,524899,LC4,6,acetylcholine,31,10
91520,Tm3,524899,LC4,6,acetylcholine,29,21
83155,Tm5Y,524899,LC4,6,acetylcholine,0,11
79551,Tm4,524899,LC4,6,acetylcholine,4,8
79129,LPi_unclear,524899,LC4,6,glutamate,10,28
76279,Tm4,524899,LC4,6,acetylcholine,17,14
73804,Tm2,524899,LC4,6,acetylcholine,1,11
61711,Tm2,524899,LC4,6,acetylcholine,2,11
58627,Tm3,524899,LC4,6,acetylcholine,3,11
55920,TmY3,524899,LC4,6,acetylcholine,25,20
35616,LC4,524899,LC4,6,acetylcholine,25,2
28623,MeLo2,524899,LC4,6,acetylcholine,4,11
27829,LC4,524899,LC4,6,acetylcholine,0,21
22772,LC4,524899,LC4,6,acetylcholine,3,28
20434,PVLP046,524899,LC4,6,gaba,0,21
18478,LC4,524899,LC4,6,acetylcholine,11,14
18350,PVLP046,524899,LC4,6,gaba,25,3
16459,PVLP024,524899,LC4,6,gaba,5,15
15261,CB2664,524899,LC4,6,acetylcholine,5,0
13191,Li30,524899,LC4,6,gaba,4,2
12004,MeLo8,524899,LC4,6,gaba,13,12
531203,Y13,32597,LC4,6,glutamate,5,11
518419,TmY19b,32597,LC4,6,gaba,13,8
515476,LC4,32597,LC4,6,acetylcholine,2,20
512366,LC4,32597,LC4,6,acetylcholine,6,7
146581,T2,32597,LC4,6,acetylcholine,19,12
137713,LPT111,32597,LC4,6,gaba,6,11
124024,T2,32597,LC4,6,acetylcholine,10,2
109490,Tm3,32597,LC4,6,acetylcholine,7,11
108241,T2,32597,LC4,6,acetylcholine,0,27
92495,T2,32597,LC4,6,acetylcholine,26,1
82245,T2,32597,LC4,6,acetylcholine,27,1
77162,Tm2,32597,LC4,6,acetylcholine,8,11
73362,TmY3,32597,LC4,6,acetylcholine,11,28
71524,Tlp12,32597,LC4,6,glutamate,12,10
66855,Tm2,32597,LC4,6,acetylcholine,9,11
37587,LC4,32597,LC4,6,acetylcholine,16,1
35262,LC4,32597,LC4,6,acetylcholine,5,22
29514,LC4,32597,LC4,6,acetylcholine,15,27
27204,TmY15,32597,LC4,6,gaba,10,11
25607,PVLP046,32597,LC4,6,gaba,12,3
18350,PVLP046,32597,LC4,6,gaba,25,3
17596,Li28,32597,LC4,6,gaba,9,2
16809,LC4,32597,LC4,6,acetylcholine,7,20
10251,MeVP53,32597,LC4,6,gaba,13,27
516909,LC4,526286,LC4,6,acetylcholine,14,3
516550,Tm4,526286,LC4,6,acetylcholine,31,23
514407,Li29,526286,LC4,6,gaba,1,23
165595,T2,526286,LC4,6,acetylcholine,31,19
109310,T2,526286,LC4,6,acetylcholine,14,28
76230,Tm2,526286,LC4,6,acetylcholine,31,9
73563,Tm4,526286,LC4,6,acetylcholine,11,11
70100,Tm2,526286,LC4,6,acetylcholine,15,28
68906,Tm4,526286,LC4,6,acetylcholine,27,25
67508,TmY3,526286,LC4,6,acetylcholine,0,12
64477,Tm3,526286,LC4,6,acetylcholine,12,11
52340,Tm2,526286,LC4,6,acetylcholine,13,11
38948,Y11,526286,LC4,6,glutamate,14,11
34028,T2,526286,LC4,6,acetylcholine,21,15
31308,LC4,526286,LC4,6,acetylcholine,23,5
28067,T2,526286,LC4,6,acetylcholine,13,14
23724,Li26,526286,LC4,6,gaba,17,28
22772,LC4,526286,LC4,6,acetylcholine,3,28
22715,Li16,526286,LC4,6,glutamate,25,15
17880,LPLC2,526286,LC4,6,acetylcholine,15,11
14690,TmY19a,526286,LC4,6,gaba,10,17
13086,LPLC1,526286,LC4,6,acetylcholine,2,20
12824,LC4,526286,LC4,6,acetylcholine,9,24
12722,LoVC21,526286,LC4,6,gaba,3,1
556660,Li13,33137,LC4,6,gaba,17,23
540402,Tm4,33137,LC4,6,acetylcholine,16,11
531713,Li13,33137,LC4,6,gaba,14,8
530639,Tm3,33137,LC4,6,acetylcholine,24,15
527337,Tm4,33137,LC4,6,acetylcholine,17,11
521067,Tm3,33137,LC4,6,acetylcholine,18,11
515172,Tm4,33137,LC4,6,acetylcholine,22,23
514508,LC4,33137,LC4,6,acetylcholine,30,19
81032,Tm4,33137,LC4,6,acetylcholine,1,29
78078,Tm3,33137,LC4,6,acetylcholine,19,11
77314,Tm37,33137,LC4,6,glutamate,23,23
75047,T2,33137,LC4,6,acetylcholine,31,16
74456,T2,33137,LC4,6,acetylcholine,0,14
74134,T2,33137,LC4,6,acetylcholine,8,17
67318,Li14,33137,LC4,6,glutamate,20,11
58806,Tm2,33137,LC4,6,acetylcholine,21,11
54064,MeLo2,33137,LC4,6,acetylcholine,22,11
53925,Tm2,33137,LC4,6,acetylcholine,10,8
51530,T2a,33137,LC4,6,acetylcholine,23,11
46035,Li25,33137,LC4,6,gaba,24,11
38972,Tm2,33137,LC4,6,acetylcholine,5,29
28802,Li26,33137,LC4,6,gaba,0,20
26514,LC9,33137,LC4,6,acetylcholine,9,26
20236,Tm2,33137,LC4,6,acetylcholine,25,11
16900,TmY19b,33137,LC4,6,gaba,11,27
12349,LC4,33137,LC4,6,acetylcholine,2,20
524366,LPLC2,27750,LC4,6,acetylcholine,26,11
524179,Tm2,27750,LC4,6,acetylcholine,27,11
523564,PVLP011,27750,LC4,6,gaba,14,16
517560,T2,27750,LC4,6,acetylcholine,28,11
516390,Tm4,27750,LC4,6,acetylcholine,25,23
514508,LC4,27750,LC4,6,acetylcholine,30,19
513870,Tm2,27750,LC4,6,acetylcholine,29,11
136231,Tm3,27750,LC4,6,acetylcholine,0,11
132894,Tm3,27750,LC4,6,acetylcholine,18,5
56286,Tm4,27750,LC4,6,acetylcholine,30,11
56079,T2,27750,LC4,6,acetylcholine,1,5
52548,TmY3,27750,LC4,6,acetylcholine,28,9
50234,Tm2,27750,LC4,6,acetylcholine,31,11
37443,Y11,27750,LC4,6,glutamate,0,12
34845,LC4,27750,LC4,6,acetylcholine,10,27
31965,LC9,27750,LC4,6,acetylcholine,13,8
27624,LC4,27750,LC4,6,acetylcholine,24,25
22868,TmY19a,27750,LC4,6,gaba,7,10
10776,LoVC7,27750,LC4,6,gaba,2,1
148604,Tm3,17860,LC4,6,acetylcholine,1,12
124455,Tm4,17860,LC4,6,acetylcholine,7,18
119534,TmY18,17860,LC4,6,acetylcholine,28,14
115970,TmY18,17860,LC4,6,acetylcholine,2,12
92237,Tm3,17860,LC4,6,acetylcholine,3,12
89706,T2,17860,LC4,6,acetylcholine,14,21
89426,T2,17860,LC4,6,acetylcholine,8,19
86333,Tm3,17860,LC4,6,acetylcholine,4,12
84854,T2,17860,LC4,6,acetylcholine,17,21
84538,Tm3,17860,LC4,6,acetylcholine,5,12
83433,T2,17860,LC4,6,acetylcholine,23,29
83370,Tm4,17860,LC4,6,acetylcholine,15,31
82970,Tm4,17860,LC4,6,acetylcholine,17,5
82682,Tm5Y,17860,LC4,6,acetylcholine,6,12
82050,Tm4,17860,LC4,6,acetylcholine,7,12
79694,Tm4,17860,LC4,6,acetylcholine,23,10
79096,Tm3,17860,LC4,6,acetylcholine,8,12
78965,T2,17860,LC4,6,acetylcholine,16,25
78168,Tm4,17860,LC4,6,acetylcholine,19,5
77578,Tm4,17860,LC4,6,acetylcholine,9,12
77156,Tm2,17860,LC4,6,acetylcholine,10,12
74474,T2,17860,LC4,6,acetylcholine,4,13
68661,Tm5c,17860,LC4,6,glutamate,11,12
68643,Tm2,17860,LC4,6,acetylcholine,12,12
64757,TmY3,17860,LC4,6,acetylcholine,29,2
64696,Tm37,17860,LC4,6,glutamate,7,26
63094,TmY3,17860,LC4,6,acetylcholine,22,23
60713,TmY3,17860,LC4,6,acetylcholine,20,17
59180,Tm2,17860,LC4,6,acetylcholine,17,25
55496,TmY3,17860,LC4,6,acetylcholine,14,8
53659,TmY3,17860,LC4,6,acetylcholine,8,31
51714,TmY21,17860,LC4,6,acetylcholine,13,12
48945,Tlp12,17860,LC4,6,glutamate,14,12
47432,TmY3,17860,LC4,6,acetylcholine,13,24
46346,Li29,17860,LC4,6,gaba,2,11
34598,Y12,17860,LC4,6,glutamate,15,12
32401,Li25,17860,LC4,6,gaba,20,21
30583,MeLo2,17860,LC4,6,acetylcholine,16,12
29903,LC9,17860,LC4,6,acetylcholine,1,25
19924,CB2664,17860,LC4,6,acetylcholine,30,26
19634,LC4,17860,LC4,6,acetylcholine,14,4
539413,LT56,21287,LC4,6,glutamate,4,14
127812,TmY18,21287,LC4,6,acetylcholine,17,12
109418,TmY18,21287,LC4,6,acetylcholine,18,12
104993,TmY18,21287,LC4,6,acetylcholine,19,12
94955,Tm3,21287,LC4,6,acetylcholine,20,12
92133,Tm4,21287,LC4,6,acetylcholine,21,12
90767,Tm4,21287,LC4,6,acetylcholine,2,2
89424,Tm3,21287,LC4,6,acetylcholine,22,12
86496,T2,21287,LC4,6,acetylcholine,26,4
86252,T2,21287,LC4,6,acetylcholine,15,6
85751,T2,21287,LC4,6,acetylcholine,2,30
83937,T2,21287,LC4,6,acetylcholine,10,12
83184,T2,21287,LC4,6,acetylcholine,9,9
80756,Tm4,21287,LC4,6,acetylcholine,9,25
79769,Tm4,21287,LC4,6,acetylcholine,4,12
78291,Tm4,21287,LC4,6,acetylcholine,25,15
77148,T2,21287,LC4,6,acetylcholine,13,29
75325,T2,21287,LC4,6,acetylcholine,3,13
74152,T2,21287,LC4,6,acetylcholine,18,10
64922,Tm5c,21287,LC4,6,glutamate,23,12
64011,LPT111,21287,LC4,6,gaba,12,15
63397,TmY3,21287,LC4,6,acetylcholine,23,14
62350,Tm2,21287,LC4,6,acetylcholine,24,12
61680,Tm2,21287,LC4,6,acetylcholine,25,12
61857,Tm2,21287,LC4,6,acetylcholine,26,12
59119,Tm2,21287,LC4,6,acetylcholine,27,12
57715,Tm37,21287,LC4,6,glutamate,8,26
56644,Tm2,21287,LC4,6,acetylcholine,14,9
56044,Tm2,21287,LC4,6,acetylcholine,28,12
52936,Tlp13,21287,LC4,6,glutamate,21,4
39471,Li15,21287,LC4,6,gaba,19,0
33474,SAD049,21287,LC4,6,acetylcholine,24,18
32424,Y11,21287,LC4,6,glutamate,29,12
31431,Li25,21287,LC4,6,gaba,3,26
31029,Li15,21287,LC4,6,gaba,4,3
28041,LC9,21287,LC4,6,acetylcholine,2,6
26112,LC4,21287,LC4,6,acetylcholine,31,10
23853,TmY15,21287,LC4,6,gaba,30,12
17987,LC4,21287,LC4,6,acetylcholine,8,18
17054,LC4,21287,LC4,6,acetylcholine,9,4
15440,Li17,21287,LC4,6,gaba,0,3
11102,PVLP046,21287,LC4,6,gaba,20,4
537017,Li15,18189,LC4,6,gaba,8,14
130730,Tm3,18189,LC4,6,acetylcholine,31,12
108709,T5c,18189,LC4,6,acetylcholine,0,13
84781,Tm3,18189,LC4,6,acetylcholine,1,13
79644,Tm3,18189,LC4,6,acetylcholine,2,13
76380,Tm3,18189,LC4,6,acetylcholine,3,13
74609,Tm4,18189,LC4,6,acetylcholine,19,9
70966,T2,18189,LC4,6,acetylcholine,3,22
70670,Tm4,18189,LC4,6,acetylcholine,19,1
70429,Tm3,18189,LC4,6,acetylcholine,4,13
69882,Tm3,18189,LC4,6,acetylcholine,5,13
69706,Tm3,18189,LC4,6,acetylcholine,6,13
69633,T2,18189,LC4,6,acetylcholine,9,19
69209,T2,18189,LC4,6,acetylcholine,16,12
68851,T2,18189,LC4,6,acetylcholine,8,5
68780,Tm4,18189,LC4,6,acetylcholine,28,17
62699,T2,18189,LC4,6,acetylcholine,25,31
61734,T2,18189,LC4,6,acetylcholine,6,22
60360,T2,18189,LC4,6,acetylcholine,5,31
51934,TmY3,18189,LC4,6,acetylcholine,3,16
51824,Y14,18189,LC4,6,glutamate,7,13
51166,LLPC2,18189,LC4,6,acetylcholine,8,13
50672,Tm2,18189,LC4,6,acetylcholine,9,13
49936,Tm2,18189,LC4,6,acetylcholine,10,13
48920,Tm2,18189,LC4,6,acetylcholine,11,13
47469,Tm2,18189,LC4,6,acetylcholine,12,13
46346,Li29,18189,LC4,6,gaba,2,11
46163,Y12,18189,LC4,6,glutamate,13,13
36398,Tm2,18189,LC4,6,acetylcholine,31,2
30146,Li15,18189,LC4,6,gaba,14,13
28723,LPLC1,18189,LC4,6,acetylcholine,0,18
27671,LO_unclear,18189,LC4,6,gaba,15,13
26245,Li13,18189,LC4,6,gaba,19,16
22945,Li26,18189,LC4,6,gaba,30,19
22447,LPLC1,18189,LC4,6,acetylcholine,8,31
21318,LPLC2,18189,LC4,6,acetylcholine,4,0
21151,LC4,18189,LC4,6,acetylcholine,16,21
19454,PVLP024,18189,LC4,6,gaba,3,11
18127,LC4,18189,LC4,6,acetylcholine,31,30
17860,LC4,18189,LC4,6,acetylcholine,27,0
14106,CB2664,18189,LC4,6,acetylcholine,4,17
13776,MeLo8,18189,LC4,6,gaba,0,5
13376,Li30,18189,LC4,6,gaba,10,0
11394,Li16,18189,LC4,6,glutamate,20,27
11102,PVLP046,18189,LC4,6,gaba,20,4
10949,GNG506,18189,LC4,6,gaba,16,13
559502441,Tm4,20572,LC4,6,acetylcholine,17,13
569242,Tm3,20572,LC4,6,acetylcholine,27,23
546591,Tm3,20572,LC4,6,acetylcholine,18,13
535341,LC4,20572,LC4,6,acetylcholine,18,9
530331,T2,20572,LC4,6,acetylcholine,24,22
519435,Tm2,20572,LC4,6,acetylcholine,19,13
518612,TmY3,20572,LC4,6,acetylcholine,22,12
516876,T2,20572,LC4,6,acetylcholine,7,18
512705,LC4,20572,LC4,6,acetylcholine,30,18
512525,TmY3,20572,LC4,6,acetylcholine,12,25
70826,Tm4,20572,LC4,6,acetylcholine,30,2
67182,Tm4,20572,LC4,6,acetylcholine,22,3
59964,T2,20572,LC4,6,acetylcholine,14,0
54287,Tm3,20572,LC4,6,acetylcholine,20,13
35193,TmY3,20572,LC4,6,acetylcholine,15,22
33124,Tlp12,20572,LC4,6,glutamate,10,19
32915,Tm4,20572,LC4,6,acetylcholine,21,13
32459,Li25,20572,LC4,6,gaba,5,10
31308,LC4,20572,LC4,6,acetylcholine,23,5
29363,T2,20572,LC4,6,acetylcholine,18,9
27410,Tm4,20572,LC4,6,acetylcholine,12,19
26230,Y11,20572,LC4,6,glutamate,22,13
20976,LC4,20572,LC4,6,acetylcholine,7,8
18478,LC4,20572,LC4,6,acetylcholine,11,14
13524,MeLo8,20572,LC4,6,gaba,22,16
12004,MeLo8,20572,LC4,6,gaba,13,12
10345,LT40,20572,LC4,6,gaba,16,3
546712,TmY3,29469,LC4,6,acetylcholine,23,13
543789,T2,29469,LC4,6,acetylcholine,3,15
542443,Tm3,29469,LC4,6,acetylcholine,24,13
541657,Tm37,29469,LC4,6,glutamate,25,13
531210,Y14,29469,LC4,6,glutamate,26,13
529482,Tm4,29469,LC4,6,acetylcholine,24,23
522925,TmY3,29469,LC4,6,acetylcholine,19,14
521503,TmY3,29469,LC4,6,acetylcholine,18,5
517560,T2,29469,LC4,6,acetylcholine,28,11
514062,Tm2,29469,LC4,6,acetylcholine,27,13
129394,Tm4,29469,LC4,6,acetylcholine,28,13
117261,Tm3,29469,LC4,6,acetylcholine,29,13
77614,LC4,29469,LC4,6,acetylcholine,20,31
70065,T2,29469,LC4,6,acetylcholine,24,2
61902,Tm3,29469,LC4,6,acetylcholine,22,9
56095,Li14,29469,LC4,6,glutamate,30,13
41919,Tm3,29469,LC4,6,acetylcholine,31,13
41569,T2,29469,LC4,6,acetylcholine,5,13
41248,Y12,29469,LC4,6,glutamate,27,9
36370,Tm4,29469,LC4,6,acetylcholine,16,28
36151,T2,29469,LC4,6,acetylcholine,3,24
27194,PVLP046,29469,LC4,6,gaba,18,3
25435,LPLC1,29469,LC4,6,acetylcholine,0,14
23472,TmY19b,29469,LC4,6,gaba,20,0
22257,PVLP046,29469,LC4,6,gaba,16,12
18477,LPLC1,29469,LC4,6,acetylcholine,1,14
16917,LC4,29469,LC4,6,acetylcholine,10,27
16377,LPLC1,29469,LC4,6,acetylcholine,25,25
15736,TmY19a,29469,LC4,6,gaba,30,14
11894,MeLo8,29469,LC4,6,gaba,24,15
527690,PVLP022,23929,LC4,6,gaba,22,10
518733,AN17B013,23929,LC4,6,gaba,2,14
100576,Tm4,23929,LC4,6,acetylcholine,3,14
98962,T2,23929,LC4,6,acetylcholine,10,3
94093,Tm4,23929,LC4,6,acetylcholine,2,6
92126,Tm4,23929,LC4,6,acetylcholine,4,14
90377,Tm4,23929,LC4,6,acetylcholine,5,14
87320,Tm4,23929,LC4,6,acetylcholine,14,13
84355,Tm3,23929,LC4,6,acetylcholine,6,14
81942,Tm37,23929,LC4,6,glutamate,7,14
80693,T2,23929,LC4,6,acetylcholine,14,22
73874,T2,23929,LC4,6,acetylcholine,24,4
70079,Tm2,23929,LC4,6,acetylcholine,28,30
68813,Tm2,23929,LC4,6,acetylcholine,8,14
62104,Y14,23929,LC4,6,glutamate,28,16
61431,Y13,23929,LC4,6,glutamate,9,14
56992,Tm2,23929,LC4,6,acetylcholine,15,22
35894,Y11,23929,LC4,6,glutamate,10,14
34276,LC9,23929,LC4,6,acetylcholine,10,3
25588,TmY19b,23929,LC4,6,gaba,0,8
25192,TmY19b,23929,LC4,6,gaba,27,20
17939,PVLP046,23929,LC4,6,gaba,1,19
16459,PVLP024,23929,LC4,6,gaba,5,15
15073,MeLo8,23929,LC4,6,gaba,15,4
168611,TmY18,20399,LC4,6,acetylcholine,11,14
133131,Tm3,20399,LC4,6,acetylcholine,12,14
124702,Tm4,20399,LC4,6,acetylcholine,14,23
94091,Tm3,20399,LC4,6,acetylcholine,13,14
90432,Tm3,20399,LC4,6,acetylcholine,2,10
89652,Tm2,20399,LC4,6,acetylcholine,14,14
87879,Tm2,20399,LC4,6,acetylcholine,15,14
86192,T2,20399,LC4,6,acetylcholine,9,8
85499,Tm4,20399,LC4,6,acetylcholine,7,15
83599,T2,20399,LC4,6,acetylcholine,11,13
77141,Tm4,20399,LC4,6,acetylcholine,14,19
76943,T2,20399,LC4,6,acetylcholine,14,29
76502,T2,20399,LC4,6,acetylcholine,13,1
75554,Tm4,20399,LC4,6,acetylcholine,22,26
73321,T2,20399,LC4,6,acetylcholine,30,19
72015,Tm4,20399,LC4,6,acetylcholine,2,6
57231,Tm2,20399,LC4,6,acetylcholine,16,14
40557,MeLo2,20399,LC4,6,acetylcholine,17,14
33771,Li15,20399,LC4,6,gaba,18,14
29180,Li25,20399,LC4,6,gaba,19,14
28753,LC9,20399,LC4,6,acetylcholine,13,31
25178,LPLC1,20399,LC4,6,acetylcholine,7,11
23116,LPLC1,20399,LC4,6,acetylcholine,9,6
20808,LC4,20399,LC4,6,acetylcholine,29,21
19543,LC4,20399,LC4,6,acetylcholine,18,9
17939,PVLP046,20399,LC4,6,gaba,1,19
16659,PVLP011,20399,LC4,6,gaba,11,20
16549,Li30,20399,LC4,6,gaba,27,9
16128,LC4,20399,LC4,6,acetylcholine,18,2
14106,CB2664,20399,LC4,6,acetylcholine,4,17
542713,Tm4,30087,LC4,6,acetylcholine,20,14
539377,T2,30087,LC4,6,acetylcholine,5,1
534357,Tm2,30087,LC4,6,acetylcholine,21,13
525558,Tm4,30087,LC4,6,acetylcholine,0,10
515822,Tm4,30087,LC4,6,acetylcholine,25,3
515748,Li25,30087,LC4,6,gaba,4,7
512807,Tm2,30087,LC4,6,acetylcholine,21,14
143377,Tm3,30087,LC4,6,acetylcholine,22,14
112975,Tm3,30087,LC4,6,acetylcholine,23,14
111787,LC4,30087,LC4,6,acetylcholine,27,30
111495,Tm4,30087,LC4,6,acetylcholine,18,24
82602,T2,30087,LC4,6,acetylcholine,17,24
56507,Y14,30087,LC4,6,glutamate,26,23
55833,Tm37,30087,LC4,6,glutamate,29,14
53629,Y12,30087,LC4,6,glutamate,24,14
34087,Tm2,30087,LC4,6,acetylcholine,25,14
27152,LC9,30087,LC4,6,acetylcholine,14,14
26552,LC9,30087,LC4,6,acetylcholine,28,2
18477,LPLC1,30087,LC4,6,acetylcholine,1,14
16475,PVLP024,30087,LC4,6,gaba,20,7
13813,MeLo8,30087,LC4,6,gaba,2,20
12196,Li29,30087,LC4,6,gaba,28,22
551773,T2,518439,LC4,6,acetylcholine,26,28
519083,T2,518439,LC4,6,acetylcholine,10,30
514792,LPLC1,518439,LC4,6,acetylcholine,4,28
164339,TmY18,518439,LC4,6,acetylcholine,26,14
142774,Tm4,518439,LC4,6,acetylcholine,22,3
142095,T2,518439,LC4,6,acetylcholine,27,14
134149,T2,518439,LC4,6,acetylcholine,3,15
131834,Li14,518439,LC4,6,glutamate,28,14
120017,T2a,518439,LC4,6,acetylcholine,29,14
109792,Tm3,518439,LC4,6,acetylcholine,30,14
107632,T2,518439,LC4,6,acetylcholine,10,1
107383,T2,518439,LC4,6,acetylcholine,1,1
104833,Tm3,518439,LC4,6,acetylcholine,12,19
103876,Tm4,518439,LC4,6,acetylcholine,3,14
103298,T2,518439,LC4,6,acetylcholine,18,26
100847,Tm2,518439,LC4,6,acetylcholine,31,14
98112,T2,518439,LC4,6,acetylcholine,21,18
88026,Tm3,518439,LC4,6,acetylcholine,0,15
86463,Tm4,518439,LC4,6,acetylcholine,16,9
77162,Tm2,518439,LC4,6,acetylcholine,8,11
77048,TmY3,518439,LC4,6,acetylcholine,29,19
73327,Tm2,518439,LC4,6,acetylcholine,1,15
71431,TmY3,518439,LC4,6,acetylcholine,2,9
61022,T2,518439,LC4,6,acetylcholine,4,14
53336,Tm2,518439,LC4,6,acetylcholine,2,15
49980,Tm4,518439,LC4,6,acetylcholine,3,15
35082,Li25,518439,LC4,6,gaba,10,31
29469,LC4,518439,LC4,6,acetylcholine,6,15
28565,Tlp14,518439,LC4,6,glutamate,23,24
27204,TmY15,518439,LC4,6,gaba,10,11
21926,TmY19a,518439,LC4,6,gaba,27,4
18396,LC4,518439,LC4,6,acetylcholine,20,31
13846,Li29,518439,LC4,6,gaba,23,21
10611,Li39,518439,LC4,6,gaba,15,0
955658695,Li17,17608,LC4,6,gaba,20,15
543461,Tm4,17608,LC4,6,acetylcholine,4,15
536397,Li13,17608,LC4,6,gaba,9,20
529780,Y13,17608,LC4,6,glutamate,5,15
518941,T2,17608,LC4,6,acetylcholine,20,12
518499,Tm2,17608,LC4,6,acetylcholine,24,28
518481,Tm2,17608,LC4,6,acetylcholine,6,15
513335,TmY18,17608,LC4,6,acetylcholine,7,15
513320,T2,17608,LC4,6,acetylcholine,8,0
167402,T2,17608,LC4,6,acetylcholine,2,26
163406,Y13,17608,LC4,6,glutamate,8,15
162762,Y12,17608,LC4,6,glutamate,4,10
156088,Tm3,17608,LC4,6,acetylcholine,9,15
151316,Tm3,17608,LC4,6,acetylcholine,20,18
130632,Tm5Y,17608,LC4,6,acetylcholine,10,15
111156,Tm2,17608,LC4,6,acetylcholine,0,28
88629,Tm2,17608,LC4,6,acetylcholine,15,29
88542,Tm5Y,17608,LC4,6,acetylcholine,11,15
85293,T2,17608,LC4,6,acetylcholine,9,26
78659,Tm4,17608,LC4,6,acetylcholine,6,24
74641,Tm4,17608,LC4,6,acetylcholine,12,15
71157,CB3513,17608,LC4,6,gaba,25,22
38423,CB2940,17608,LC4,6,acetylcholine,28,5
30593,TmY19a,17608,LC4,6,gaba,28,28
23063,Li26,17608,LC4,6,gaba,1,19
21967,LPLC1,17608,LC4,6,acetylcholine,13,15
20524,Li16,17608,LC4,6,glutamate,7,30
20264,Li28,17608,LC4,6,gaba,5,2
13591,LoVC17,17608,LC4,6,gaba,10,24
129758,Tm3,22847,LC4,6,acetylcholine,14,15
119014,T2,22847,LC4,6,unclear,20,8
117146,T2a,22847,LC4,6,acetylcholine,15,15
115917,T2,22847,LC4,6,acetylcholine,13,18
115574,TmY18,22847,LC4,6,acetylcholine,16,15
107108,T2,22847,LC4,6,acetylcholine,21,7
104644,T2,22847,LC4,6,acetylcholine,16,23
92835,T2,22847,LC4,6,acetylcholine,0,13
91033,Tm3,22847,LC4,6,acetylcholine,17,15
89253,Tm3,22847,LC4,6,acetylcholine,8,10
87668,T2,22847,LC4,6,acetylcholine,9,10
84523,Tm4,22847,LC4,6,acetylcholine,19,21
82830,Tm3,22847,LC4,6,acetylcholine,18,15
82509,T2,22847,LC4,6,acetylcholine,29,22
80998,Tm4,22847,LC4,6,acetylcholine,13,7
80893,Tm2,22847,LC4,6,acetylcholine,19,15
79731,Tm4,22847,LC4,6,acetylcholine,20,15
77798,Tm2,22847,LC4,6,acetylcholine,21,15
77823,Tm3,22847,LC4,6,acetylcholine,22,15
77194,Tm4,22847,LC4,6,acetylcholine,10,25
76979,T2,22847,LC4,6,acetylcholine,16,29
74880,Tm4,22847,LC4,6,acetylcholine,23,15
69177,Tm2,22847,LC4,6,acetylcholine,24,15
66411,Tm2,22847,LC4,6,acetylcholine,25,15
65563,LoVP1,22847,LC4,6,glutamate,26,15
51879,Li14,22847,LC4,6,glutamate,19,29
48816,Tm37,22847,LC4,6,glutamate,27,15
47881,Li14,22847,LC4,6,glutamate,28,15
46346,Li29,22847,LC4,6,gaba,2,11
44379,Li14,22847,LC4,6,glutamate,17,14
24802,LPLC1,22847,LC4,6,acetylcholine,14,16
19543,LC4,22847,LC4,6,acetylcholine,18,9
17939,PVLP046,22847,LC4,6,gaba,1,19
16475,PVLP024,22847,LC4,6,gaba,20,7
11394,Li16,22847,LC4,6,glutamate,20,27
148827,Tm3,20673,LC4,6,acetylcholine,29,15
148316,Tm3,20673,LC4,6,acetylcholine,30,15
89939,Tm2,20673,LC4,6,acetylcholine,12,20
86412,Tm4,20673,LC4,6,acetylcholine,7,18
81074,T2,20673,LC4,6,acetylcholine,27,19
80161,Tm2,20673,LC4,6,acetylcholine,31,15
79853,Tm4,20673,LC4,6,acetylcholine,9,14
78832,Tm4,20673,LC4,6,acetylcholine,0,16
78170,Tm4,20673,LC4,6,acetylcholine,1,16
77569,T2,20673,LC4,6,acetylcholine,28,19
77148,T2,20673,LC4,6,acetylcholine,13,29
75973,T2,20673,LC4,6,acetylcholine,1,6
75706,Tm4,20673,LC4,6,acetylcholine,1,23
71929,T2,20673,LC4,6,acetylcholine,5,0
71594,Tm4,20673,LC4,6,acetylcholine,22,20
70655,T2,20673,LC4,6,acetylcholine,8,1
69632,Tm4,20673,LC4,6,acetylcholine,27,26
58430,Tm2,20673,LC4,6,acetylcholine,9,12
57231,Tm2,20673,LC4,6,acetylcholine,16,14
55571,Tm2,20673,LC4,6,acetylcholine,30,24
55217,Tm2,20673,LC4,6,acetylcholine,19,26
52894,Tm2,20673,LC4,6,acetylcholine,30,15
52485,TmY3,20673,LC4,6,acetylcholine,30,3
51770,TmY3,20673,LC4,6,acetylcholine,6,13
35596,Y11,20673,LC4,6,glutamate,2,16
32418,LC9,20673,LC4,6,acetylcholine,27,5
30066,Li15,20673,LC4,6,gaba,2,28
27783,TmY15,20673,LC4,6,gaba,3,16
25607,PVLP046,20673,LC4,6,gaba,12,3
24338,LC4,20673,LC4,6,acetylcholine,27,7
23389,Tlp14,20673,LC4,6,glutamate,1,16
22328,LC4,20673,LC4,6,acetylcholine,26,21
21313,LC4,20673,LC4,6,acetylcholine,17,25
20016,LC4,20673,LC4,6,acetylcholine,12,16
17668,LC4,20673,LC4,6,acetylcholine,3,5
16140,TmY19a,20673,LC4,6,gaba,16,18
15814,TmY19a,20673,LC4,6,gaba,26,26
14886,Li17,20673,LC4,6,gaba,27,3
11378,CB1280,20673,LC4,6,acetylcholine,29,16
11102,PVLP046,20673,LC4,6,gaba,20,4
10730,LoVC21,20673,LC4,6,gaba,31,0
10480,MeVP53,20673,LC4,6,gaba,11,7
939925,Tm2,518016,LC4,6,acetylcholine,25,7
580464,Tm5Y,518016,LC4,6,acetylcholine,4,16
579927,Li15,518016,LC4,6,gaba,12,12
536610,Tm3,518016,LC4,6,acetylcholine,5,16
526286,LC4,518016,LC4,6,acetylcholine,2,21
524899,LC4,518016,LC4,6,acetylcholine,14,2
522997,MeLo2,518016,LC4,6,acetylcholine,6,16
518256,T2,518016,LC4,6,acetylcholine,7,16
516413,Tm2,518016,LC4,6,acetylcholine,8,14
515900,LC4,518016,LC4,6,acetylcholine,0,23
514971,Li13,518016,LC4,6,gaba,14,6
114210,T2,518016,LC4,6,acetylcholine,16,8
101018,T2,518016,LC4,6,acetylcholine,1,2
80687,Tm3,518016,LC4,6,acetylcholine,8,16
59688,Tm5Y,518016,LC4,6,acetylcholine,9,16
48662,TmY3,518016,LC4,6,acetylcholine,2,10
46420,Y12,518016,LC4,6,glutamate,10,16
35262,LC4,518016,LC4,6,acetylcholine,5,22
34640,Tm3,518016,LC4,6,acetylcholine,11,16
23916,Li26,518016,LC4,6,gaba,19,29
23472,TmY19b,518016,LC4,6,gaba,20,0
23226,LC4,518016,LC4,6,acetylcholine,1,2
19454,PVLP024,518016,LC4,6,gaba,3,11
18413,Li17,518016,LC4,6,gaba,9,8
16917,LC4,518016,LC4,6,acetylcholine,10,27
13524,MeLo8,518016,LC4,6,gaba,22,16
10158,LT56,518016,LC4,6,glutamate,31,5
547572,Tm2,20976,LC4,6,acetylcholine,12,16
545668,T2,20976,LC4,6,acetylcholine,13,16
540087,Y14,20976,LC4,6,glutamate,25,28
532911,Tm3,20976,LC4,6,acetylcholine,14,16
532258,Tm2,20976,LC4,6,acetylcholine,5,8
532254,LC4,20976,LC4,6,acetylcholine,8,30
530825,Tm5Y,20976,LC4,6,acetylcholine,15,16
530351,Tm2,20976,LC4,6,acetylcholine,16,16
530057,Tm3,20976,LC4,6,acetylcholine,17,16
525590,TmY3,20976,LC4,6,acetylcholine,2,4
524899,LC4,20976,LC4,6,acetylcholine,14,2
523479,MeLo8,20976,LC4,6,gaba,0,8
522321,Tm3,20976,LC4,6,acetylcholine,18,16
136473,Tm4,20976,LC4,6,acetylcholine,18,20
130430,Tm3,20976,LC4,6,acetylcholine,19,16
94784,Y14,20976,LC4,6,glutamate,20,16
92453,Tm3,20976,LC4,6,acetylcholine,21,16
84155,T2,20976,LC4,6,acetylcholine,8,16
72159,T2,20976,LC4,6,acetylcholine,17,23
59964,T2,20976,LC4,6,acetylcholine,14,0
58010,Tm2,20976,LC4,6,acetylcholine,22,16
56029,T2,20976,LC4,6,acetylcholine,6,11
51263,Tm37,20976,LC4,6,glutamate,23,16
26217,T2,20976,LC4,6,acetylcholine,26,24
17478,LC4,20976,LC4,6,acetylcholine,0,10
16475,PVLP024,20976,LC4,6,gaba,20,7
15969,Tm2,20976,LC4,6,acetylcholine,19,14
15261,CB2664,20976,LC4,6,acetylcholine,5,0
13524,MeLo8,20976,LC4,6,gaba,22,16
580278,Li14,31308,LC4,6,glutamate,24,16
537162,Tm3,31308,LC4,6,acetylcholine,18,25
536950,Tm3,31308,LC4,6,acetylcholine,25,16
518243,MeLo2,31308,LC4,6,acetylcholine,26,16
516533,Tm2,31308,LC4,6,acetylcholine,26,20
157071,TmY18,31308,LC4,6,acetylcholine,27,16
135605,T2,31308,LC4,6,acetylcholine,4,16
85146,T2,31308,LC4,6,acetylcholine,24,17
81112,LC4,31308,LC4,6,acetylcholine,6,2
77086,T2,31308,LC4,6,acetylcholine,18,12
54784,T2,31308,LC4,6,acetylcholine,12,23
49267,Tm4,31308,LC4,6,acetylcholine,16,23
48062,Tlp12,31308,LC4,6,glutamate,24,5
41629,Li13,31308,LC4,6,gaba,29,4
41425,Tlp13,31308,LC4,6,glutamate,4,5
40670,Tm2,31308,LC4,6,acetylcholine,28,16
33308,Y11,31308,LC4,6,glutamate,5,5
20955,Tm37,31308,LC4,6,glutamate,7,16
20859,LC4,31308,LC4,6,acetylcholine,5,26
19454,PVLP024,31308,LC4,6,gaba,3,11
17829,T2,31308,LC4,6,acetylcholine,7,5
15736,TmY19a,31308,LC4,6,gaba,30,14
534578,Tm2,17270,LC4,6,acetylcholine,29,16
531168,T2,17270,LC4,6,acetylcholine,7,13
530145,T2,17270,LC4,6,acetylcholine,13,4
519434,Tm4,17270,LC4,6,acetylcholine,21,14
100485,LC4,17270,LC4,6,acetylcholine,23,20
77954,Li13,17270,LC4,6,gaba,24,2
66109,T2,17270,LC4,6,acetylcholine,23,24
57327,Tm3,17270,LC4,6,acetylcholine,30,16
56654,Tm2,17270,LC4,6,acetylcholine,31,16
55667,Tm2,17270,LC4,6,acetylcholine,0,17
55559,Tm4,17270,LC4,6,acetylcholine,1,17
51806,Tm4,17270,LC4,6,acetylcholine,0,6
50760,Tm2,17270,LC4,6,acetylcholine,2,17
37594,T2,17270,LC4,6,acetylcholine,31,12
27194,PVLP046,17270,LC4,6,gaba,18,3
23472,TmY19b,17270,LC4,6,gaba,20,0
17824,MeLo2,17270,LC4,6,acetylcholine,25,13
17478,LC4,17270,LC4,6,acetylcholine,0,10
10251,MeVP53,17270,LC4,6,gaba,13,27
10147,LHAD1g1,17270,LC4,6,gaba,31,8
559502441,Tm4,516909,LC4,6,acetylcholine,17,13
542710,Tm3,516909,LC4,6,acetylcholine,3,17
533537,Tm5Y,516909,LC4,6,acetylcholine,4,17
533129,LC4,516909,LC4,6,acetylcholine,2,22
517752,LC4,516909,LC4,6,acetylcholine,11,21
515271,Tlp14,516909,LC4,6,glutamate,26,28
512383,T2,516909,LC4,6,acetylcholine,8,18
512121,CB1280,516909,LC4,6,acetylcholine,12,21
241074,,516909,LC4,6,unclear,5,17
158720,Tm3,516909,LC4,6,acetylcholine,13,21
132985,T2,516909,LC4,6,acetylcholine,1,27
120679,T2,516909,LC4,6,acetylcholine,6,17
120480,Tm20,516909,LC4,6,acetylcholine,7,17
90988,Tm3,516909,LC4,6,acetylcholine,8,17
82169,T2,516909,LC4,6,acetylcholine,9,17
77588,Tm4,516909,LC4,6,acetylcholine,30,20
76097,Tm4,516909,LC4,6,acetylcholine,10,17
60639,Tm3,516909,LC4,6,acetylcholine,11,17
56503,Tm2,516909,LC4,6,acetylcholine,12,17
53520,Tm3,516909,LC4,6,acetylcholine,6,1
32732,TmY3,516909,LC4,6,acetylcholine,18,4
32480,TmY3,516909,LC4,6,acetylcholine,16,20
30290,Li14,516909,LC4,6,glutamate,13,17
28490,TmY3,516909,LC4,6,acetylcholine,16,8
28072,Tlp14,516909,LC4,6,glutamate,14,17
22257,PVLP046,516909,LC4,6,gaba,16,12
21721,LC4,516909,LC4,6,acetylcholine,27,21
12824,LC4,516909,LC4,6,acetylcholine,9,24
12331,MeLo8,516909,LC4,6,gaba,8,2
544189,Tm4,515900,LC4,6,acetylcholine,15,17
542629,T2,515900,LC4,6,acetylcholine,16,17
539351,T2,515900,LC4,6,acetylcholine,19,1
535735,Tm2,515900,LC4,6,acetylcholine,2,30
533822,TmY3,515900,LC4,6,acetylcholine,26,2
530774,Tlp13,515900,LC4,6,glutamate,17,17
526198,Tm2,515900,LC4,6,acetylcholine,3,31
525205,Li13,515900,LC4,6,gaba,18,17
524675,Tm4,515900,LC4,6,acetylcholine,28,3
523564,PVLP011,515900,LC4,6,gaba,14,16
521277,TmY3,515900,LC4,6,acetylcholine,21,20
520075,Tm2,515900,LC4,6,acetylcholine,12,5
517731,T2,515900,LC4,6,acetylcholine,16,12
516830,Y14,515900,LC4,6,glutamate,19,17
513571,TmY3,515900,LC4,6,acetylcholine,27,5
512285,T2,515900,LC4,6,acetylcholine,31,24
151216,Tm3,515900,LC4,6,acetylcholine,20,17
82124,Tm4,515900,LC4,6,acetylcholine,13,0
82057,Tm3,515900,LC4,6,acetylcholine,21,17
74736,Tm37,515900,LC4,6,glutamate,22,17
70756,Tm3,515900,LC4,6,acetylcholine,23,17
64706,Tm2,515900,LC4,6,acetylcholine,24,17
61980,Tm37,515900,LC4,6,glutamate,25,17
58370,Tm2,515900,LC4,6,acetylcholine,26,17
54881,Tm2,515900,LC4,6,acetylcholine,20,6
49906,Tm2,515900,LC4,6,acetylcholine,27,17
39683,T2,515900,LC4,6,acetylcholine,23,11
34675,Li15,515900,LC4,6,gaba,28,17
31543,Tlp12,515900,LC4,6,glutamate,29,17
30665,Tm2,515900,LC4,6,acetylcholine,30,17
28749,Tlp13,515900,LC4,6,glutamate,31,17
23832,Li26,515900,LC4,6,gaba,13,19
22715,Li16,515900,LC4,6,glutamate,25,15
17431,Tm2,515900,LC4,6,acetylcholine,0,18
17062,TmY15,515900,LC4,6,gaba,1,18
16475,PVLP024,515900,LC4,6,gaba,20,7
15019,Li28,515900,LC4,6,gaba,12,0
14030,LPLC2,515900,LC4,6,acetylcholine,2,18
13846,Li29,515900,LC4,6,gaba,23,21
13405,CB4179,515900,LC4,6,gaba,11,17
556033,,31429,LC4,6,gaba,22,0
534943,Tm4,31429,LC4,6,acetylcholine,8,5
533129,LC4,31429,LC4,6,acetylcholine,2,22
524951,Tm4,31429,LC4,6,acetylcholine,15,15
127878,Tm3,31429,LC4,6,acetylcholine,3,18
82060,Tm3,31429,LC4,6,acetylcholine,4,18
77287,Tm3,31429,LC4,6,acetylcholine,5,18
73282,T2,31429,LC4,6,acetylcholine,6,18
48179,Tm2,31429,LC4,6,acetylcholine,7,18
47895,T2,31429,LC4,6,acetylcholine,18,27
38547,Tm37,31429,LC4,6,glutamate,8,18
17939,PVLP046,31429,LC4,6,gaba,1,19
17375,SAD064,31429,LC4,6,acetylcholine,21,29
16900,TmY19b,31429,LC4,6,gaba,11,27
15049,LPLC1,31429,LC4,6,acetylcholine,27,11
13308,Li29,31429,LC4,6,gaba,14,19
542002,Li25,19794,LC4,6,gaba,5,24
116321,Tm4,19794,LC4,6,acetylcholine,6,24
108244,Tm4,19794,LC4,6,acetylcholine,24,25
103705,TmY18,19794,LC4,6,acetylcholine,9,18
98372,T2,19794,LC4,6,acetylcholine,0,21
87015,T2,19794,LC4,6,acetylcholine,10,18
81974,Tm3,19794,LC4,6,acetylcholine,11,18
81659,T2,19794,LC4,6,acetylcholine,1,21
81148,Tm3,19794,LC4,6,acetylcholine,12,18
78528,T2,19794,LC4,6,acetylcholine,12,4
77769,Tm4,19794,LC4,6,acetylcholine,26,10
76520,Tm3,19794,LC4,6,acetylcholine,13,18
75229,Tm4,19794,LC4,6,acetylcholine,21,8
75159,T2,19794,LC4,6,acetylcholine,19,4
74450,T2,19794,LC4,6,acetylcholine,20,17
73944,Tm4,19794,LC4,6,acetylcholine,21,30
72370,Tm2,19794,LC4,6,acetylcholine,14,18
71909,T2,19794,LC4,6,acetylcholine,15,18
71264,Tm3,19794,LC4,6,acetylcholine,16,18
68957,TmY3,19794,LC4,6,acetylcholine,24,25
68464,T2,19794,LC4,6,acetylcholine,31,17
67679,Tm3,19794,LC4,6,acetylcholine,20,31
67124,T2,19794,LC4,6,acetylcholine,25,10
66713,TmY3,19794,LC4,6,acetylcholine,5,9
64878,T2,19794,LC4,6,acetylcholine,26,31
64051,T2,19794,LC4,6,acetylcholine,25,4
63878,Li14,19794,LC4,6,glutamate,17,18
63208,T2,19794,LC4,6,acetylcholine,5,22
62549,TmY3,19794,LC4,6,acetylcholine,17,3
60123,Li13,19794,LC4,6,gaba,18,18
59552,T2,19794,LC4,6,acetylcholine,7,22
58467,Tm2,19794,LC4,6,acetylcholine,12,5
46346,Li29,19794,LC4,6,gaba,2,11
38057,Li15,19794,LC4,6,gaba,19,18
25607,PVLP046,19794,LC4,6,gaba,12,3
23543,TmY19a,19794,LC4,6,gaba,23,31
22194,LC4,19794,LC4,6,acetylcholine,20,7
21240,LPLC1,19794,LC4,6,acetylcholine,20,18
21225,LC4,19794,LC4,6,acetylcholine,26,0
21165,LC4,19794,LC4,6,acetylcholine,1,18
20399,LC4,19794,LC4,6,acetylcholine,31,9
13797,Li29,19794,LC4,6,gaba,8,29
12931,LoVC15,19794,LC4,6,gaba,21,18
12475,LoVC15,19794,LC4,6,gaba,17,20
11378,CB1280,19794,LC4,6,acetylcholine,29,16
10297,LHAD1g1,19794,LC4,6,gaba,31,29
144721,Tm3,17266,LC4,6,acetylcholine,22,18
139733,T4_unclear,17266,LC4,6,unclear,23,18
110546,Tm4,17266,LC4,6,acetylcholine,27,15
107830,T2,17266,LC4,6,acetylcholine,12,27
96667,T2,17266,LC4,6,acetylcholine,4,20
92969,T2,17266,LC4,6,acetylcholine,28,30
91915,T2,17266,LC4,6,acetylcholine,3,19
91065,T2,17266,LC4,6,acetylcholine,4,11
90274,Tm3,17266,LC4,6,acetylcholine,24,18
87912,T2,17266,LC4,6,acetylcholine,31,14
86746,T2,17266,LC4,6,acetylcholine,4,19
86307,Tm4,17266,LC4,6,acetylcholine,25,18
84228,Tm4,17266,LC4,6,acetylcholine,28,31
82553,T2a,17266,LC4,6,acetylcholine,26,18
82249,Tm3,17266,LC4,6,acetylcholine,27,18
77147,Tm2,17266,LC4,6,acetylcholine,28,18
71084,Tm2,17266,LC4,6,acetylcholine,29,18
70205,Tm2,17266,LC4,6,acetylcholine,11,9
68373,Tm2,17266,LC4,6,acetylcholine,30,18
68452,Tm2,17266,LC4,6,acetylcholine,31,18
63908,Tm2,17266,LC4,6,acetylcholine,9,28
61106,Tm2,17266,LC4,6,acetylcholine,0,19
59538,Tm2,17266,LC4,6,acetylcholine,1,19
42713,Li15,17266,LC4,6,gaba,2,19
40784,LC9,17266,LC4,6,acetylcholine,1,24
25444,MeLo12,17266,LC4,6,glutamate,3,19
24100,Li15,17266,LC4,6,gaba,29,20
22847,LC4,17266,LC4,6,acetylcholine,10,6
21808,LPLC2,17266,LC4,6,acetylcholine,4,19
20542,LC4,17266,LC4,6,acetylcholine,8,4
17939,PVLP046,17266,LC4,6,gaba,1,19
17926,LC4,17266,LC4,6,acetylcholine,5,11
14106,CB2664,17266,LC4,6,acetylcholine,4,17
90350,Tm4,20588,LC4,6,acetylcholine,5,19
86309,Tm4,20588,LC4,6,acetylcholine,15,26
86067,T2,20588,LC4,6,acetylcholine,13,3
84782,Tm4,20588,LC4,6,acetylcholine,6,19
84133,Tm4,20588,LC4,6,acetylcholine,10,22
84113,Tm3,20588,LC4,6,acetylcholine,25,11
81428,Tm4,20588,LC4,6,acetylcholine,26,11
80989,Tm3,20588,LC4,6,acetylcholine,7,19
78153,Tm37,20588,LC4,6,glutamate,8,19
77654,T2,20588,LC4,6,acetylcholine,12,2
74944,T2,20588,LC4,6,acetylcholine,26,9
72292,Tm3,20588,LC4,6,acetylcholine,17,22
66455,Tm2,20588,LC4,6,acetylcholine,27,8
65150,Y14,20588,LC4,6,glutamate,3,0
64977,T2,20588,LC4,6,acetylcholine,17,2
63080,Tm37,20588,LC4,6,glutamate,9,19
59189,Tm2,20588,LC4,6,acetylcholine,10,19
54452,Tm4,20588,LC4,6,acetylcholine,11,19
38956,Li15,20588,LC4,6,gaba,12,19
38065,LC4,20588,LC4,6,acetylcholine,23,27
32935,MeLo2,20588,LC4,6,acetylcholine,2,31
30034,TmY19a,20588,LC4,6,gaba,13,19
21225,LC4,20588,LC4,6,acetylcholine,26,0
17576,Li17,20588,LC4,6,gaba,16,15
15343,LoVC17,20588,LC4,6,gaba,14,19
547885,T2,22772,LC4,6,acetylcholine,12,28
543265,Tm4,22772,LC4,6,acetylcholine,23,28
537894,TmY3,22772,LC4,6,acetylcholine,3,5
519650,LC4,22772,LC4,6,acetylcholine,4,22
518700,Y11,22772,LC4,6,glutamate,15,19
135975,T2,22772,LC4,6,acetylcholine,22,27
133217,T2,22772,LC4,6,acetylcholine,17,24
128946,T2,22772,LC4,6,acetylcholine,16,19
109874,TmY18,22772,LC4,6,acetylcholine,17,19
100707,Tm3,22772,LC4,6,acetylcholine,21,23
97114,T2,22772,LC4,6,acetylcholine,8,4
90864,Tm3,22772,LC4,6,acetylcholine,12,24
88382,Tm3,22772,LC4,6,acetylcholine,18,19
86843,Tm3,22772,LC4,6,acetylcholine,19,19
86292,Tm4,22772,LC4,6,acetylcholine,29,21
76555,Tm4,22772,LC4,6,acetylcholine,21,24
75206,T2,22772,LC4,6,acetylcholine,7,9
74249,Tm4,22772,LC4,6,acetylcholine,20,16
58095,Tm2,22772,LC4,6,acetylcholine,1,12
55628,Tm3,22772,LC4,6,acetylcholine,20,19
49854,TmY3,22772,LC4,6,acetylcholine,6,2
47844,Y12,22772,LC4,6,glutamate,24,24
47787,Li14,22772,LC4,6,glutamate,21,19
47460,Tm4,22772,LC4,6,acetylcholine,17,1
31308,LC4,22772,LC4,6,acetylcholine,23,5
25785,Y3,22772,LC4,6,acetylcholine,22,19
24663,LC9,22772,LC4,6,acetylcholine,23,18
20434,PVLP046,22772,LC4,6,gaba,0,21
19454,PVLP024,22772,LC4,6,gaba,3,11
15666,Li17,22772,LC4,6,gaba,20,8
12680,TmY19a,22772,LC4,6,gaba,9,9
81528,Tm4,20917,LC4,6,acetylcholine,11,15
79369,T2,20917,LC4,6,acetylcholine,15,1
77295,T2,20917,LC4,6,acetylcholine,25,11
76749,Tm3,20917,LC4,6,acetylcholine,23,19
74681,Tm4,20917,LC4,6,acetylcholine,24,4
71382,Tm3,20917,LC4,6,acetylcholine,24,19
70273,Tm4,20917,LC4,6,acetylcholine,18,22
70127,T2,20917,LC4,6,acetylcholine,3,14
66815,Tm4,20917,LC4,6,acetylcholine,25,19
66801,Tm4,20917,LC4,6,acetylcholine,20,25
66503,T2,20917,LC4,6,acetylcholine,4,21
63462,T2,20917,LC4,6,acetylcholine,5,21
59867,T2,20917,LC4,6,acetylcholine,23,30
59055,Tm2,20917,LC4,6,acetylcholine,26,19
57090,Tm37,20917,LC4,6,glutamate,8,21
56670,TmY3,20917,LC4,6,acetylcholine,8,16
55264,Tm2,20917,LC4,6,acetylcholine,7,0
50549,Tm2,20917,LC4,6,acetylcholine,27,19
41224,Tlp12,20917,LC4,6,glutamate,15,22
40898,Y13,20917,LC4,6,glutamate,28,19
37332,Y12,20917,LC4,6,glutamate,29,19
28030,Li26,20917,LC4,6,gaba,26,30
24618,TmY15,20917,LC4,6,gaba,30,19
23098,LC4,20917,LC4,6,acetylcholine,25,17
19954,LC4,20917,LC4,6,acetylcholine,19,27
19294,TmY19a,20917,LC4,6,gaba,31,19
17548,LC4,20917,LC4,6,acetylcholine,11,15
16475,PVLP024,20917,LC4,6,gaba,20,7
15468,MeLo8,20917,LC4,6,gaba,8,9
11689,Li16,20917,LC4,6,glutamate,19,31
11628,LT40,20917,LC4,6,gaba,27,4
581289,Tm4,77614,LC4,6,acetylcholine,0,20
575414,T2,77614,LC4,6,acetylcholine,7,3
549667,Tm4,77614,LC4,6,acetylcholine,17,26
546283,Tm3,77614,LC4,6,acetylcholine,11,6
535298,Tm4,77614,LC4,6,acetylcholine,1,20
532629,Tm4,77614,LC4,6,acetylcholine,2,20
520330,MeLo8,77614,LC4,6,gaba,20,16
519900,LoVC15,77614,LC4,6,gaba,23,14
513770,MeLo8,77614,LC4,6,gaba,2,11
512870,Y12,77614,LC4,6,glutamate,3,20
512647,T2,77614,LC4,6,acetylcholine,6,7
153563,Tm3,77614,LC4,6,acetylcholine,4,20
136650,T2,77614,LC4,6,acetylcholine,16,10
114569,T2,77614,LC4,6,acetylcholine,25,23
108926,Li17,77614,LC4,6,gaba,31,13
103285,T2,77614,LC4,6,acetylcholine,5,20
85329,Tm4,77614,LC4,6,acetylcholine,6,20
72202,Tm2,77614,LC4,6,acetylcholine,5,22
62531,Tm2,77614,LC4,6,acetylcholine,7,20
47895,T2,77614,LC4,6,acetylcholine,18,27
43423,TmY3,77614,LC4,6,acetylcholine,22,22
26229,TmY3,77614,LC4,6,acetylcholine,5,14
22715,Li16,77614,LC4,6,glutamate,25,15
17653,LC4,77614,LC4,6,acetylcholine,13,6
16459,PVLP024,77614,LC4,6,gaba,5,15
15986,MeLo8,77614,LC4,6,gaba,25,7
517193,LoVC7,24338,LC4,6,gaba,1,1
77846,Tm3,24338,LC4,6,acetylcholine,8,20
77307,Tm3,24338,LC4,6,acetylcholine,9,20
75858,T2,24338,LC4,6,acetylcholine,10,17
72005,Tm3,24338,LC4,6,acetylcholine,10,20
71230,Tm3,24338,LC4,6,acetylcholine,22,9
69266,Tm3,24338,LC4,6,acetylcholine,11,20
67063,T2,24338,LC4,6,acetylcholine,21,18
65512,T2,24338,LC4,6,acetylcholine,14,11
61842,T2,24338,LC4,6,acetylcholine,20,16
61768,T2,24338,LC4,6,acetylcholine,21,16
61009,Tm37,24338,LC4,6,glutamate,12,20
58160,Y14,24338,LC4,6,glutamate,13,20
57177,Tm2,24338,LC4,6,acetylcholine,4,28
55497,Tm2,24338,LC4,6,acetylcholine,7,6
54353,Tm2,24338,LC4,6,acetylcholine,4,20
53079,Tm2,24338,LC4,6,acetylcholine,22,16
52912,Tm37,24338,LC4,6,glutamate,14,20
51897,MeLo2,24338,LC4,6,acetylcholine,15,20
51158,Tm2,24338,LC4,6,acetylcholine,16,20
51196,Tm2,24338,LC4,6,acetylcholine,29,16
50665,Tm2,24338,LC4,6,acetylcholine,26,9
44746,TmY3,24338,LC4,6,acetylcholine,13,4
40353,Y13,24338,LC4,6,glutamate,17,20
28945,LC4,24338,LC4,6,acetylcholine,11,3
28051,LC9,24338,LC4,6,acetylcholine,8,10
26535,Tlp14,24338,LC4,6,glutamate,17,19
25128,TmY19b,24338,LC4,6,gaba,8,25
20917,LC4,24338,LC4,6,acetylcholine,20,26
20808,LC4,24338,LC4,6,acetylcholine,29,21
15281,Li17,24338,LC4,6,gaba,0,15
14106,CB2664,24338,LC4,6,acetylcholine,4,17
13736,LoVC15,24338,LC4,6,gaba,15,13
12468,LoVC13,24338,LC4,6,gaba,14,7
541395,Tm37,18396,LC4,6,glutamate,18,20
514954,TmY19a,18396,LC4,6,gaba,30,31
140694,LPT111,18396,LC4,6,gaba,5,6
133236,T2,18396,LC4,6,acetylcholine,2,14
129121,TmY15,18396,LC4,6,gaba,19,20
121409,T2,18396,LC4,6,acetylcholine,10,9
95829,Tm4,18396,LC4,6,acetylcholine,4,15
92597,Y14,18396,LC4,6,glutamate,20,20
90709,T2,18396,LC4,6,acetylcholine,19,25
81888,Tm2,18396,LC4,6,acetylcholine,21,20
81509,T2,18396,LC4,6,acetylcholine,26,4
77005,Tm37,18396,LC4,6,glutamate,22,20
73353,TmY3,18396,LC4,6,acetylcholine,3,13
67259,TmY3,18396,LC4,6,acetylcholine,13,9
43737,Tm2,18396,LC4,6,acetylcholine,23,20
30877,LPLC1,18396,LC4,6,acetylcholine,24,20
21658,TmY19b,18396,LC4,6,gaba,12,0
18350,PVLP046,18396,LC4,6,gaba,25,3
14108,TmY19a,18396,LC4,6,gaba,25,12
10611,Li39,18396,LC4,6,gaba,15,0
85948,Tm4,22194,LC4,6,acetylcholine,25,20
85009,Tm3,22194,LC4,6,acetylcholine,26,20
83614,T2,22194,LC4,6,acetylcholine,15,8
82456,T2,22194,LC4,6,acetylcholine,20,9
79817,Tm3,22194,LC4,6,acetylcholine,27,20
75769,Tm4,22194,LC4,6,acetylcholine,28,20
73400,Tm4,22194,LC4,6,acetylcholine,26,30
72542,Tm4,22194,LC4,6,acetylcholine,4,0
66723,Tm4,22194,LC4,6,acetylcholine,14,31
65806,T2,22194,LC4,6,acetylcholine,6,17
65353,T2,22194,LC4,6,acetylcholine,20,28
62838,TmY3,22194,LC4,6,acetylcholine,9,0
58985,Tm2,22194,LC4,6,acetylcholine,25,21
56317,Li14,22194,LC4,6,glutamate,29,20
56240,T2,22194,LC4,6,acetylcholine,25,9
52057,Tm2,22194,LC4,6,acetylcholine,30,20
51440,Tm2,22194,LC4,6,acetylcholine,31,20
42860,Li13,22194,LC4,6,gaba,8,0
30041,LPLC2,22194,LC4,6,acetylcholine,0,21
29554,TmY15,22194,LC4,6,gaba,1,21
26535,Tlp14,22194,LC4,6,glutamate,17,19
25128,TmY19b,22194,LC4,6,gaba,8,25
24630,TmY19a,22194,LC4,6,gaba,18,18
19454,PVLP024,22194,LC4,6,gaba,3,11
16128,LC4,22194,LC4,6,acetylcholine,18,2
114850,Tm3,23392,LC4,6,acetylcholine,2,21
109868,Tm3,23392,LC4,6,acetylcholine,21,26
102015,Tm4,23392,LC4,6,acetylcholine,12,7
101241,Tm37,23392,LC4,6,glutamate,3,21
93215,T5c,23392,LC4,6,acetylcholine,4,21
76751,TmY3,23392,LC4,6,acetylcholine,5,13
76391,T2,23392,LC4,6,acetylcholine,11,12
69692,T2,23392,LC4,6,acetylcholine,9,16
69190,T2,23392,LC4,6,acetylcholine,5,21
65106,T2,23392,LC4,6,acetylcholine,29,1
65009,T2,23392,LC4,6,acetylcholine,23,7
61787,T2,23392,LC4,6,acetylcholine,11,16
50571,Tm2,23392,LC4,6,acetylcholine,17,30
47962,TmY3,23392,LC4,6,acetylcholine,12,4
40284,Tlp12,23392,LC4,6,glutamate,24,0
30094,Li25,23392,LC4,6,gaba,13,30
30007,Li15,23392,LC4,6,gaba,15,19
22847,LC4,23392,LC4,6,acetylcholine,10,6
20036,LPLC1,23392,LC4,6,acetylcholine,0,6
18931,TmY19b,23392,LC4,6,gaba,18,27
14528,MeLo8,23392,LC4,6,gaba,0,17
11378,CB1280,23392,LC4,6,acetylcholine,29,16
527699,SAD064,21225,LC4,6,acetylcholine,4,13
146416,Tm2,21225,LC4,6,acetylcholine,29,12
107058,T5c,21225,LC4,6,acetylcholine,6,21
92505,T5c,21225,LC4,6,acetylcholine,7,21
89385,Tm37,21225,LC4,6,glutamate,8,21
77232,T2,21225,LC4,6,acetylcholine,4,20
71452,Tm2,21225,LC4,6,acetylcholine,9,21
68388,Tm4,21225,LC4,6,acetylcholine,10,21
68186,Tm4,21225,LC4,6,acetylcholine,27,10
67963,Tm3,21225,LC4,6,acetylcholine,11,21
67175,T2,21225,LC4,6,acetylcholine,10,4
65515,T2,21225,LC4,6,acetylcholine,5,29
62382,Tm37,21225,LC4,6,glutamate,12,21
60438,T2,21225,LC4,6,acetylcholine,1,13
59878,Li14,21225,LC4,6,glutamate,13,21
58320,TmY3,21225,LC4,6,acetylcholine,26,11
56244,Tm2,21225,LC4,6,acetylcholine,14,21
51557,Tm2,21225,LC4,6,acetylcholine,15,21
49917,Tm2,21225,LC4,6,acetylcholine,16,21
35603,Li25,21225,LC4,6,gaba,30,0
34026,Li25,21225,LC4,6,gaba,5,11
33934,Li13,21225,LC4,6,gaba,18,28
31065,TmY15,21225,LC4,6,gaba,17,21
29986,LPLC2,21225,LC4,6,acetylcholine,18,21
20588,LC4,21225,LC4,6,acetylcholine,30,9
18127,LC4,21225,LC4,6,acetylcholine,31,30
17939,PVLP046,21225,LC4,6,gaba,1,19
17364,LC4,21225,LC4,6,acetylcholine,21,11
16435,TmY19a,21225,LC4,6,gaba,23,31
13849,MeLo8,21225,LC4,6,gaba,29,21
12475,LoVC15,21225,LC4,6,gaba,17,20
10297,LHAD1g1,21225,LC4,6,gaba,31,29
535974,PLP190,533129,LC4,6,acetylcholine,25,17
533989,Y12,533129,LC4,6,glutamate,3,20
530351,Tm2,533129,LC4,6,acetylcholine,16,16
530057,Tm3,533129,LC4,6,acetylcholine,17,16
528967,Tlp13,533129,LC4,6,glutamate,19,21
526286,LC4,533129,LC4,6,acetylcholine,2,21
524930,Tm3,533129,LC4,6,acetylcholine,20,21
524039,Li15,533129,LC4,6,gaba,12,10
516025,Tm4,533129,LC4,6,acetylcholine,5,16
453413,Tm4,533129,LC4,6,acetylcholine,0,5
161816,T2,533129,LC4,6,acetylcholine,1,25
123170,T2,533129,LC4,6,acetylcholine,28,16
120679,T2,533129,LC4,6,acetylcholine,6,17
113440,T2,533129,LC4,6,acetylcholine,14,14
97744,Tm5c,533129,LC4,6,glutamate,21,21
81112,LC4,533129,LC4,6,acetylcholine,6,2
70497,T2,533129,LC4,6,acetylcholine,15,13
52600,Tm2,533129,LC4,6,acetylcholine,22,21
51575,Tlp12,533129,LC4,6,glutamate,7,1
47806,Tlp12,533129,LC4,6,glutamate,23,21
41629,Li13,533129,LC4,6,gaba,29,4
40339,Tlp13,533129,LC4,6,glutamate,24,21
35493,Tm2,533129,LC4,6,acetylcholine,25,21
29012,Li15,533129,LC4,6,gaba,9,8
24707,Tm2,533129,LC4,6,acetylcholine,26,21
23226,LC4,533129,LC4,6,acetylcholine,1,2
20074,LPLC1,533129,LC4,6,acetylcholine,10,1
19454,PVLP024,533129,LC4,6,gaba,3,11
15263,Li28,533129,LC4,6,gaba,3,2
11838,Li17,533129,LC4,6,gaba,0,19
77041,T2,25584,LC4,6,acetylcholine,3,27
76733,Tm3,25584,LC4,6,acetylcholine,27,21
75381,Tm3,25584,LC4,6,acetylcholine,28,21
74277,T2,25584,LC4,6,acetylcholine,29,8
74061,Tm3,25584,LC4,6,acetylcholine,29,21
70795,T2,25584,LC4,6,acetylcholine,19,25
70735,Tm4,25584,LC4,6,acetylcholine,25,2
69263,Y14,25584,LC4,6,glutamate,30,21
65730,T2,25584,LC4,6,acetylcholine,15,24
61622,T2,25584,LC4,6,acetylcholine,12,4
59145,T2,25584,LC4,6,acetylcholine,15,28
48750,Li14,25584,LC4,6,glutamate,31,21
41002,Tlp12,25584,LC4,6,glutamate,3,11
30007,Li15,25584,LC4,6,gaba,15,19
26112,LC4,25584,LC4,6,acetylcholine,31,10
26011,Li26,25584,LC4,6,gaba,26,7
25409,LC9,25584,LC4,6,acetylcholine,31,16
23792,LC4,25584,LC4,6,acetylcholine,20,7
22194,LC4,25584,LC4,6,acetylcholine,20,7
544461,T2,28980,LC4,6,acetylcholine,0,22
519451,T2,28980,LC4,6,acetylcholine,0,14
518730,LC4,28980,LC4,6,acetylcholine,22,23
517829,Li15,28980,LC4,6,gaba,25,18
132963,T2,28980,LC4,6,acetylcholine,19,21
125927,LPLC1,28980,LC4,6,acetylcholine,23,23
84936,T2,28980,LC4,6,acetylcholine,1,7
77037,Tm4,28980,LC4,6,acetylcholine,1,22
76049,Tm4,28980,LC4,6,acetylcholine,6,5
64847,Tm3,28980,LC4,6,acetylcholine,2,22
61469,T2,28980,LC4,6,acetylcholine,1,11
60074,TmY3,28980,LC4,6,acetylcholine,3,29
47266,Tlp13,28980,LC4,6,glutamate,5,2
37183,Li25,28980,LC4,6,gaba,23,25
30167,Tm3,28980,LC4,6,acetylcholine,3,22
29876,TmY3,28980,LC4,6,acetylcholine,7,15
21721,LC4,28980,LC4,6,acetylcholine,27,21
18756,Li26,28980,LC4,6,gaba,27,20
17939,PVLP046,28980,LC4,6,gaba,1,19
13408,MeLo8,28980,LC4,6,gaba,15,5
115133,Tm4,22328,LC4,6,acetylcholine,4,22
88246,Tm3,22328,LC4,6,acetylcholine,5,22
85440,Tm3,22328,LC4,6,acetylcholine,22,31
79162,T2,22328,LC4,6,acetylcholine,22,7
78170,Tm4,22328,LC4,6,acetylcholine,1,16
77569,T2,22328,LC4,6,acetylcholine,28,19
70645,T2,22328,LC4,6,acetylcholine,8,24
66528,T2,22328,LC4,6,acetylcholine,1,6
64778,TmY3,22328,LC4,6,acetylcholine,19,20
62331,Tm2,22328,LC4,6,acetylcholine,8,8
61842,T2,22328,LC4,6,acetylcholine,20,16
55085,Tm2,22328,LC4,6,acetylcholine,14,18
52894,Tm2,22328,LC4,6,acetylcholine,30,15
51770,TmY3,22328,LC4,6,acetylcholine,6,13
49885,Tm2,22328,LC4,6,acetylcholine,14,13
46807,Tm2,22328,LC4,6,acetylcholine,6,22
34799,Li25,22328,LC4,6,gaba,28,27
29937,LPLC1,22328,LC4,6,acetylcholine,28,29
24490,TmY15,22328,LC4,6,gaba,7,22
21804,LC4,22328,LC4,6,acetylcholine,8,22
11102,PVLP046,22328,LC4,6,gaba,20,4
10480,MeVP53,22328,LC4,6,gaba,11,7
530135,Li14,514956,LC4,6,glutamate,9,22
529990,Tm3,514956,LC4,6,acetylcholine,10,22
526039,Tm4,514956,LC4,6,acetylcholine,11,22
524105,MeLo2,514956,LC4,6,acetylcholine,14,30
522441,TmY3,514956,LC4,6,acetylcholine,24,23
521516,Li30,514956,LC4,6,gaba,27,15
518895,T2,514956,LC4,6,acetylcholine,20,2
133236,T2,514956,LC4,6,acetylcholine,2,14
111787,LC4,514956,LC4,6,acetylcholine,27,30
91416,Tm4,514956,LC4,6,acetylcholine,14,30
88026,Tm3,514956,LC4,6,acetylcholine,0,15
85825,Tm4,514956,LC4,6,acetylcholine,12,22
81524,T2,514956,LC4,6,acetylcholine,29,22
75290,TmY3,514956,LC4,6,acetylcholine,29,14
69877,T2,514956,LC4,6,acetylcholine,13,22
66671,T2,514956,LC4,6,acetylcholine,23,30
65799,Tlp12,514956,LC4,6,glutamate,7,1
63409,T5c,514956,LC4,6,acetylcholine,14,22
61022,T2,514956,LC4,6,acetylcholine,4,14
32934,MeLo2,514956,LC4,6,acetylcholine,24,10
32597,LC4,514956,LC4,6,acetylcholine,23,4
32152,LC14a-1,514956,LC4,6,acetylcholine,22,14
29469,LC4,514956,LC4,6,acetylcholine,6,15
29417,LC4,514956,LC4,6,acetylcholine,15,22
28565,Tlp14,514956,LC4,6,glutamate,23,24
27624,LC4,514956,LC4,6,acetylcholine,24,25
16475,PVLP024,514956,LC4,6,gaba,20,7
11102,PVLP046,514956,LC4,6,gaba,20,4
559263,Li25,29514,LC4,6,gaba,17,15
546550,TmY3,29514,LC4,6,acetylcholine,24,18
537502,Tm3,29514,LC4,6,acetylcholine,16,22
535726,Tlp13,29514,LC4,6,glutamate,17,22
533987,Tm4,29514,LC4,6,acetylcholine,26,31
532782,T2,29514,LC4,6,acetylcholine,21,18
529583,Tm2,29514,LC4,6,acetylcholine,18,22
522875,Tm4,29514,LC4,6,acetylcholine,5,0
515697,Tm4,29514,LC4,6,acetylcholine,18,11
514870,Li25,29514,LC4,6,gaba,2,10
512371,Tm3,29514,LC4,6,acetylcholine,19,22
163641,T2,29514,LC4,6,acetylcholine,22,2
124929,T2,29514,LC4,6,acetylcholine,12,14
116540,T2,29514,LC4,6,acetylcholine,10,24
87510,Tm3,29514,LC4,6,acetylcholine,4,16
85190,TmY3,29514,LC4,6,acetylcholine,0,11
63378,Y14,29514,LC4,6,glutamate,2,10
56257,Tm2,29514,LC4,6,acetylcholine,20,22
45345,TmY3,29514,LC4,6,acetylcholine,24,7
37337,T2,29514,LC4,6,acetylcholine,5,16
34845,LC4,29514,LC4,6,acetylcholine,10,27
34791,Li25,29514,LC4,6,gaba,6,27
32597,LC4,29514,LC4,6,acetylcholine,23,4
31960,Tm2,29514,LC4,6,acetylcholine,16,10
31429,LC4,29514,LC4,6,acetylcholine,11,7
20434,PVLP046,29514,LC4,6,gaba,0,21
17608,LC4,29514,LC4,6,acetylcholine,8,20
17596,Li28,29514,LC4,6,gaba,9,2
16475,PVLP024,29514,LC4,6,gaba,20,7
12680,TmY19a,29514,LC4,6,gaba,9,9
537992,Tm3,22922,LC4,6,acetylcholine,21,22
536655,Tm4,22922,LC4,6,acetylcholine,19,28
534321,T2,22922,LC4,6,acetylcholine,6,28
525989,Tm3,22922,LC4,6,acetylcholine,22,22
524899,LC4,22922,LC4,6,acetylcholine,14,2
514407,Li29,22922,LC4,6,gaba,1,23
514060,TmY3,22922,LC4,6,acetylcholine,3,6
513182,Tm2,22922,LC4,6,acetylcholine,23,22
512705,LC4,22922,LC4,6,acetylcholine,30,18
168950,T2,22922,LC4,6,acetylcholine,28,13
138342,T2,22922,LC4,6,acetylcholine,27,13
118620,Y14,22922,LC4,6,glutamate,24,22
87859,Tm3,22922,LC4,6,acetylcholine,25,22
85146,T2,22922,LC4,6,acetylcholine,24,17
81667,Tm4,22922,LC4,6,acetylcholine,27,22
80757,TmY3,22922,LC4,6,acetylcholine,14,18
80502,Tm4,22922,LC4,6,acetylcholine,9,16
73957,T2,22922,LC4,6,acetylcholine,2,1
67248,Tm4,22922,LC4,6,acetylcholine,26,22
63174,Tm4,22922,LC4,6,acetylcholine,16,19
51263,Tm37,22922,LC4,6,glutamate,23,16
50674,TmY3,22922,LC4,6,acetylcholine,7,24
44243,Tm4,22922,LC4,6,acetylcholine,10,16
40861,Y14,22922,LC4,6,glutamate,27,22
37840,TmY3,22922,LC4,6,acetylcholine,4,8
37183,Li25,22922,LC4,6,gaba,23,25
31766,TmY3,22922,LC4,6,acetylcholine,5,17
28647,T2,22922,LC4,6,acetylcholine,27,6
27829,LC4,22922,LC4,6,acetylcholine,0,21
22257,PVLP046,22922,LC4,6,gaba,16,12
19454,PVLP024,22922,LC4,6,gaba,3,11
10345,LT40,22922,LC4,6,gaba,16,3
543127,T2,517752,LC4,6,acetylcholine,20,3
539710,T2,517752,LC4,6,acetylcholine,4,13
532782,T2,517752,LC4,6,acetylcholine,21,18
530200,Tm4,517752,LC4,6,acetylcholine,22,18
527514,TmY18,517752,LC4,6,acetylcholine,28,22
526992,TmY3,517752,LC4,6,acetylcholine,14,0
522925,TmY3,517752,LC4,6,acetylcholine,19,14
520497,Tm2,517752,LC4,6,acetylcholine,29,22
516909,LC4,517752,LC4,6,acetylcholine,14,3
514916,Tm2,517752,LC4,6,acetylcholine,9,29
132457,T2,517752,LC4,6,acetylcholine,22,28
129419,Tm3,517752,LC4,6,acetylcholine,30,22
121212,Tm4,517752,LC4,6,acetylcholine,0,7
94597,Tm3,517752,LC4,6,acetylcholine,31,22
85396,T2,517752,LC4,6,acetylcholine,9,30
82602,T2,517752,LC4,6,acetylcholine,17,24
81367,TmY3,517752,LC4,6,acetylcholine,4,5
76798,T2,517752,LC4,6,acetylcholine,7,0
73933,Tm3,517752,LC4,6,acetylcholine,0,23
72907,T2,517752,LC4,6,acetylcholine,26,26
54214,Li14,517752,LC4,6,glutamate,1,23
49861,Tm2,517752,LC4,6,acetylcholine,2,23
30675,TmY3,517752,LC4,6,acetylcholine,13,25
29469,LC4,517752,LC4,6,acetylcholine,6,15
22772,LC4,517752,LC4,6,acetylcholine,3,28
17478,LC4,517752,LC4,6,acetylcholine,0,10
15253,LPLC1,517752,LC4,6,acetylcholine,6,7
13015,Li11a,517752,LC4,6,gaba,3,23
10158,LT56,517752,LC4,6,glutamate,31,5
541667,TmY3,21165,LC4,6,acetylcholine,17,23
139625,Tm3,21165,LC4,6,acetylcholine,4,23
122045,TmY18,21165,LC4,6,acetylcholine,5,23
92465,Tm3,21165,LC4,6,acetylcholine,6,23
88599,T2,21165,LC4,6,acetylcholine,11,17
87879,Tm2,21165,LC4,6,acetylcholine,15,14
85489,T2,21165,LC4,6,acetylcholine,6,12
84977,Tm3,21165,LC4,6,acetylcholine,7,23
84438,Tm3,21165,LC4,6,acetylcholine,8,23
81926,T2,21165,LC4,6,acetylcholine,24,30
81496,T2,21165,LC4,6,acetylcholine,8,5
81074,T2,21165,LC4,6,acetylcholine,27,19
79162,T2,21165,LC4,6,acetylcholine,22,7
79014,Tm4,21165,LC4,6,acetylcholine,9,23
73116,T2,21165,LC4,6,acetylcholine,1,8
72861,T2,21165,LC4,6,acetylcholine,9,15
71145,T2,21165,LC4,6,acetylcholine,29,19
69071,Tm37,21165,LC4,6,glutamate,10,23
66697,Tm2,21165,LC4,6,acetylcholine,11,23
62425,Tm2,21165,LC4,6,acetylcholine,14,10
61282,Tm2,21165,LC4,6,acetylcholine,12,23
58965,Tm2,21165,LC4,6,acetylcholine,13,23
53612,Tm2,21165,LC4,6,acetylcholine,14,23
38978,Y12,21165,LC4,6,glutamate,25,10
34772,MeLo2,21165,LC4,6,acetylcholine,15,23
30066,Li15,21165,LC4,6,gaba,2,28
27194,PVLP046,21165,LC4,6,gaba,18,3
25528,LC9,21165,LC4,6,acetylcholine,30,3
25178,LPLC1,21165,LC4,6,acetylcholine,7,11
22034,LC4,21165,LC4,6,acetylcholine,14,15
16475,PVLP024,21165,LC4,6,gaba,20,7
16128,LC4,21165,LC4,6,acetylcholine,18,2
14462,MeLo8,21165,LC4,6,gaba,17,2
12237,SAD055,21165,LC4,6,acetylcholine,24,31
131870,Tm4,16628,LC4,6,acetylcholine,16,23
130861,Tm3,16628,LC4,6,acetylcholine,17,23
118173,Tm3,16628,LC4,6,acetylcholine,1,29
109732,Tm3,16628,LC4,6,acetylcholine,18,23
97780,T5c,16628,LC4,6,acetylcholine,19,23
77344,Tm3,16628,LC4,6,acetylcholine,20,23
75873,T2,16628,LC4,6,acetylcholine,8,19
74956,T2,16628,LC4,6,acetylcholine,15,7
70868,TmY3,16628,LC4,6,acetylcholine,31,8
70250,Tm4,16628,LC4,6,acetylcholine,21,23
69656,Tm4,16628,LC4,6,acetylcholine,9,11
66267,Tm3,16628,LC4,6,acetylcholine,22,23
65366,Tm4,16628,LC4,6,acetylcholine,28,29
64485,T2,16628,LC4,6,acetylcholine,26,12
64340,T2,16628,LC4,6,acetylcholine,1,25
61391,Tm4,16628,LC4,6,acetylcholine,23,23
61164,Tlp12,16628,LC4,6,glutamate,24,23
49555,Tm2,16628,LC4,6,acetylcholine,17,25
36867,LC9,16628,LC4,6,acetylcholine,25,23
30146,Li15,16628,LC4,6,gaba,14,13
29629,Li25,16628,LC4,6,gaba,26,23
22194,LC4,16628,LC4,6,acetylcholine,20,7
19420,LC4,16628,LC4,6,acetylcholine,28,27
18189,LC4,16628,LC4,6,acetylcholine,4,11
16475,PVLP024,16628,LC4,6,gaba,20,7
561561,Tm4,519931,LC4,6,acetylcholine,13,2
552496,TmY18,519931,LC4,6,acetylcholine,27,23
539949,TmY3,519931,LC4,6,acetylcholine,1,28
527208,Tlp13,519931,LC4,6,glutamate,31,6
523413,Tm4,519931,LC4,6,acetylcholine,28,23
519451,T2,519931,LC4,6,acetylcholine,0,14
512705,LC4,519931,LC4,6,acetylcholine,30,18
148013,T2,519931,LC4,6,acetylcholine,15,30
130246,T2,519931,LC4,6,acetylcholine,20,3
128946,T2,519931,LC4,6,acetylcholine,16,19
100485,LC4,519931,LC4,6,acetylcholine,23,20
91005,T2,519931,LC4,6,acetylcholine,25,9
76555,Tm4,519931,LC4,6,acetylcholine,21,24
75691,Tm4,519931,LC4,6,acetylcholine,27,17
47266,Tlp13,519931,LC4,6,glutamate,5,2
42686,Tlp13,519931,LC4,6,glutamate,14,20
29070,TmY3,519931,LC4,6,acetylcholine,28,5
17478,LC4,519931,LC4,6,acetylcholine,0,10
15261,CB2664,519931,LC4,6,acetylcholine,5,0
13600,CB2664,519931,LC4,6,acetylcholine,10,21
543805,T2,18478,LC4,6,acetylcholine,25,16
529914,T2,18478,LC4,6,acetylcholine,14,13
529801,Y11,18478,LC4,6,glutamate,30,29
523564,PVLP011,18478,LC4,6,gaba,14,16
516929,T2,18478,LC4,6,acetylcholine,20,28
186133,TmY18,18478,LC4,6,acetylcholine,29,23
170660,Tm5Y,18478,LC4,6,acetylcholine,30,23
160672,LO_unclear,18478,LC4,6,glutamate,31,23
131135,T2,18478,LC4,6,acetylcholine,22,18
127079,Tm4,18478,LC4,6,acetylcholine,2,5
117201,Tm37,18478,LC4,6,glutamate,0,24
109588,Tm3,18478,LC4,6,acetylcholine,1,24
107928,T2,18478,LC4,6,acetylcholine,8,10
101846,T2,18478,LC4,6,acetylcholine,7,9
97697,Tm3,18478,LC4,6,acetylcholine,2,24
84897,Tm37,18478,LC4,6,glutamate,3,24
83305,Tm2,18478,LC4,6,acetylcholine,4,24
73746,Tm4,18478,LC4,6,acetylcholine,5,24
67315,Tm2,18478,LC4,6,acetylcholine,4,1
64935,Tm2,18478,LC4,6,acetylcholine,6,24
64530,Tm2,18478,LC4,6,acetylcholine,19,24
62780,Tm2,18478,LC4,6,acetylcholine,9,9
52673,Y11,18478,LC4,6,glutamate,7,24
42944,Y3,18478,LC4,6,acetylcholine,8,24
33772,Tm2,18478,LC4,6,acetylcholine,9,24
23226,LC4,18478,LC4,6,acetylcholine,1,2
22772,LC4,18478,LC4,6,acetylcholine,3,28
21009,TmY15,18478,LC4,6,gaba,10,24
18350,PVLP046,18478,LC4,6,gaba,25,3
18225,Li11b,18478,LC4,6,gaba,11,24
16475,PVLP024,18478,LC4,6,gaba,20,7
16040,Pm7_Li28,18478,LC4,6,gaba,7,0
15018,LC4,18478,LC4,6,acetylcholine,8,4
13408,MeLo8,18478,LC4,6,gaba,15,5
532519,Tm4,27624,LC4,6,acetylcholine,12,24
530656,TmY19a,27624,LC4,6,gaba,16,4
530085,PVLP022,27624,LC4,6,gaba,13,24
530029,LC4,27624,LC4,6,acetylcholine,17,25
516829,Li25,27624,LC4,6,gaba,14,24
514956,LC4,27624,LC4,6,acetylcholine,9,11
479566,T2,27624,LC4,6,acetylcholine,15,24
165671,Tm3,27624,LC4,6,acetylcholine,16,24
132420,T2,27624,LC4,6,acetylcholine,24,3
119148,Tm4,27624,LC4,6,acetylcholine,17,24
111709,Tm2,27624,LC4,6,acetylcholine,18,24
88927,Tm4,27624,LC4,6,acetylcholine,24,15
86960,T2,27624,LC4,6,acetylcholine,18,2
84534,Tm2,27624,LC4,6,acetylcholine,29,8
82722,Tm2,27624,LC4,6,acetylcholine,19,24
75082,T2,27624,LC4,6,acetylcholine,18,10
73456,T2,27624,LC4,6,acetylcholine,1,28
65364,TmY3,27624,LC4,6,acetylcholine,20,24
34845,LC4,27624,LC4,6,acetylcholine,10,27
30893,LPLC2,27624,LC4,6,acetylcholine,21,24
30680,LC9,27624,LC4,6,acetylcholine,6,16
27838,Li14,27624,LC4,6,glutamate,20,28
15791,SAD064,27624,LC4,6,acetylcholine,24,14
518733,AN17B013,20282,LC4,6,gaba,2,14
86890,Tm4,20282,LC4,6,acetylcholine,22,24
84130,Tm4,20282,LC4,6,acetylcholine,23,24
83614,T2,20282,LC4,6,acetylcholine,15,8
83485,Tm3,20282,LC4,6,acetylcholine,24,24
74679,Tm3,20282,LC4,6,acetylcholine,25,24
74136,Tm4,20282,LC4,6,acetylcholine,2,22
72070,Tm3,20282,LC4,6,acetylcholine,26,24
72012,T2,20282,LC4,6,acetylcholine,27,24
70127,T2,20282,LC4,6,acetylcholine,3,14
63912,T2,20282,LC4,6,acetylcholine,9,8
62822,TmY3,20282,LC4,6,acetylcholine,3,10
60123,Li13,20282,LC4,6,gaba,18,18
57405,Tm2,20282,LC4,6,acetylcholine,28,24
47065,Tm2,20282,LC4,6,acetylcholine,31,11
46346,Li29,20282,LC4,6,gaba,2,11
45389,Li15,20282,LC4,6,gaba,29,24
42050,TmY3,20282,LC4,6,acetylcholine,16,16
38065,LC4,20282,LC4,6,acetylcholine,23,27
37484,Li26,20282,LC4,6,gaba,2,11
30803,LC4,20282,LC4,6,acetylcholine,2,24
29563,LC4,20282,LC4,6,acetylcholine,28,5
25267,LPLC2,20282,LC4,6,acetylcholine,30,24
24338,LC4,20282,LC4,6,acetylcholine,27,7
23526,LC9,20282,LC4,6,acetylcholine,7,12
22305,TmY19b,20282,LC4,6,gaba,22,30
22194,LC4,20282,LC4,6,acetylcholine,20,7
21444,Tlp14,20282,LC4,6,glutamate,8,9
20808,LC4,20282,LC4,6,acetylcholine,29,21
20062,Li17,20282,LC4,6,gaba,13,26
19543,LC4,20282,LC4,6,acetylcholine,18,9
13736,LoVC15,20282,LC4,6,gaba,15,13
11254,LT41,20282,LC4,6,gaba,31,10
580446,Tm4,81112,LC4,6,acetylcholine,5,8
546007,Tm4,81112,LC4,6,acetylcholine,31,24
542629,T2,81112,LC4,6,acetylcholine,16,17
533129,LC4,81112,LC4,6,acetylcholine,2,22
531486,Tm2,81112,LC4,6,acetylcholine,23,12
526286,LC4,81112,LC4,6,acetylcholine,2,21
520569,TmY3,81112,LC4,6,acetylcholine,1,22
513571,TmY3,81112,LC4,6,acetylcholine,27,5
100485,LC4,81112,LC4,6,acetylcholine,23,20
98264,Tm4,81112,LC4,6,acetylcholine,30,5
88718,Tm37,81112,LC4,6,glutamate,0,25
72917,Tm2,81112,LC4,6,acetylcholine,1,25
72250,Tm3,81112,LC4,6,acetylcholine,2,25
64706,Tm2,81112,LC4,6,acetylcholine,24,17
58977,Tm4,81112,LC4,6,acetylcholine,18,4
58256,Li34a,81112,LC4,6,gaba,3,25
46737,Tm3,81112,LC4,6,acetylcholine,4,25
30172,LC9,81112,LC4,6,acetylcholine,5,25
29432,TmY19a,81112,LC4,6,gaba,20,4
23583,Tlp12,81112,LC4,6,glutamate,22,4
23346,Tm2,81112,LC4,6,acetylcholine,6,25
18478,LC4,81112,LC4,6,acetylcholine,11,14
17939,PVLP046,81112,LC4,6,gaba,1,19
16809,LC4,81112,LC4,6,acetylcholine,7,20
16475,PVLP024,81112,LC4,6,gaba,20,7
13600,CB2664,81112,LC4,6,acetylcholine,10,21
12966,LoVC13,81112,LC4,6,gaba,0,1
11102,PVLP046,81112,LC4,6,gaba,20,4
10251,MeVP53,81112,LC4,6,gaba,13,27
105095,Tm3,26112,LC4,6,acetylcholine,7,25
95606,T2,26112,LC4,6,acetylcholine,8,25
92835,T2,26112,LC4,6,acetylcholine,0,13
92632,Tm4,26112,LC4,6,acetylcholine,25,10
91058,T2,26112,LC4,6,acetylcholine,8,3
84633,T2,26112,LC4,6,acetylcholine,19,23
83389,T2,26112,LC4,6,acetylcholine,6,5
83391,Tm4,26112,LC4,6,acetylcholine,5,18
78996,Tm4,26112,LC4,6,acetylcholine,3,4
76424,T2,26112,LC4,6,acetylcholine,15,0
74506,Tm2,26112,LC4,6,acetylcholine,9,25
64757,TmY3,26112,LC4,6,acetylcholine,29,2
64343,Tm2,26112,LC4,6,acetylcholine,10,25
64004,Tm2,26112,LC4,6,acetylcholine,0,3
62853,Tm2,26112,LC4,6,acetylcholine,8,13
61081,Tlp13,26112,LC4,6,glutamate,18,29
59636,Tm2,26112,LC4,6,acetylcholine,1,15
59012,Tm2,26112,LC4,6,acetylcholine,11,25
51714,TmY21,26112,LC4,6,acetylcholine,13,12
40414,Y11,26112,LC4,6,glutamate,8,31
38161,Y12,26112,LC4,6,glutamate,12,25
23965,TmY15,26112,LC4,6,gaba,13,25
13114,SAD064,26112,LC4,6,acetylcholine,6,20
523921,PVLP122,21336,LC4,6,acetylcholine,14,25
97974,Tm4,21336,LC4,6,acetylcholine,8,16
77189,Tm4,21336,LC4,6,acetylcholine,19,29
68982,Tm3,21336,LC4,6,acetylcholine,13,30
66723,Tm4,21336,LC4,6,acetylcholine,14,31
64361,Tm4,21336,LC4,6,acetylcholine,14,30
59145,T2,21336,LC4,6,acetylcholine,15,28
50562,Tm2,21336,LC4,6,acetylcholine,29,2
50345,TmY3,21336,LC4,6,acetylcholine,22,24
49446,Tm2,21336,LC4,6,acetylcholine,25,7
41604,Y12,21336,LC4,6,glutamate,15,25
33744,Li25,21336,LC4,6,gaba,10,0
33388,Li13,21336,LC4,6,gaba,16,7
32507,LPLC2,21336,LC4,6,acetylcholine,16,25
25518,Tlp14,21336,LC4,6,glutamate,17,25
22034,LC4,21336,LC4,6,acetylcholine,14,15
20016,LC4,21336,LC4,6,acetylcholine,12,16
19924,CB2664,21336,LC4,6,acetylcholine,30,26
19653,LPLC1,21336,LC4,6,acetylcholine,18,25
19543,LC4,21336,LC4,6,acetylcholine,18,9
17987,LC4,21336,LC4,6,acetylcholine,8,18
17548,LC4,21336,LC4,6,acetylcholine,11,15
16545,Li28,21336,LC4,6,gaba,30,0
14106,CB2664,21336,LC4,6,acetylcholine,4,17
13736,LoVC15,21336,LC4,6,gaba,15,13
12237,SAD055,21336,LC4,6,acetylcholine,24,31
11102,PVLP046,21336,LC4,6,gaba,20,4
108040,TmY18,23792,LC4,6,acetylcholine,19,25
98524,Tm4,23792,LC4,6,acetylcholine,10,20
97530,T2,23792,LC4,6,acetylcholine,31,12
96507,Tm3,23792,LC4,6,acetylcholine,22,10
86574,Tm4,23792,LC4,6,acetylcholine,20,0
84124,T2,23792,LC4,6,acetylcholine,21,0
83184,T2,23792,LC4,6,acetylcholine,9,9
81311,Tm4,23792,LC4,6,acetylcholine,18,28
81012,Tm4,23792,LC4,6,acetylcholine,5,24
80413,Tm4,23792,LC4,6,acetylcholine,12,8
80161,Tm2,23792,LC4,6,acetylcholine,31,15
79014,Tm4,23792,LC4,6,acetylcholine,9,23
77756,T2,23792,LC4,6,acetylcholine,8,15
76424,T2,23792,LC4,6,acetylcholine,15,0
75529,T2,23792,LC4,6,acetylcholine,23,26
70706,T2,23792,LC4,6,acetylcholine,6,24
68974,T2,23792,LC4,6,acetylcholine,20,6
66421,Tm2,23792,LC4,6,acetylcholine,20,25
65801,Tm2,23792,LC4,6,acetylcholine,21,25
63579,Tm2,23792,LC4,6,acetylcholine,28,15
59737,TmY3,23792,LC4,6,acetylcholine,11,23
49471,TmY3,23792,LC4,6,acetylcholine,10,6
49029,Li14,23792,LC4,6,glutamate,22,25
45084,Tlp13,23792,LC4,6,glutamate,7,10
35759,Y11,23792,LC4,6,glutamate,23,25
33066,Li25,23792,LC4,6,gaba,24,25
30814,LPLC1,23792,LC4,6,acetylcholine,21,20
30480,LC4,23792,LC4,6,acetylcholine,9,24
30356,LC9,23792,LC4,6,acetylcholine,12,9
25138,Li26,23792,LC4,6,gaba,20,27
24425,Tlp14,23792,LC4,6,glutamate,11,8
24338,LC4,23792,LC4,6,acetylcholine,27,7
22774,Li26,23792,LC4,6,gaba,31,15
16325,TmY19b,23792,LC4,6,gaba,17,0
16140,TmY19a,23792,LC4,6,gaba,16,18
14528,MeLo8,23792,LC4,6,gaba,0,17
14245,MeLo8,23792,LC4,6,gaba,9,10
558339,T2,14888,LC4,6,acetylcholine,8,5
539356,Tm3,14888,LC4,6,acetylcholine,24,28
536966,T2,14888,LC4,6,acetylcholine,3,8
536976,TmY3,14888,LC4,6,acetylcholine,3,8
533792,Tm2,14888,LC4,6,acetylcholine,25,25
531074,Tm3,14888,LC4,6,acetylcholine,26,25
530315,TmY3,14888,LC4,6,acetylcholine,4,5
526428,Li25,14888,LC4,6,gaba,19,8
522889,MeLo8,14888,LC4,6,gaba,15,2
518350,Tm3,14888,LC4,6,acetylcholine,20,8
517600,LPLC1,14888,LC4,6,acetylcholine,1,16
514929,LLPC2,14888,LC4,6,acetylcholine,27,25
512087,LPLC1,14888,LC4,6,acetylcholine,11,23
111836,T2,14888,LC4,6,acetylcholine,23,22
70537,T2,14888,LC4,6,acetylcholine,6,8
66140,Y14,14888,LC4,6,glutamate,7,17
61953,Tm3,14888,LC4,6,acetylcholine,28,25
50264,Tm2,14888,LC4,6,acetylcholine,28,28
43471,Tm3,14888,LC4,6,acetylcholine,29,25
41133,Tlp12,14888,LC4,6,glutamate,15,6
39683,T2,14888,LC4,6,acetylcholine,23,11
39323,TmY3,14888,LC4,6,acetylcholine,31,20
32973,Li25,14888,LC4,6,gaba,16,6
25889,Y14,14888,LC4,6,glutamate,30,25
25752,Tlp14,14888,LC4,6,glutamate,23,16
20967,LC4,14888,LC4,6,acetylcholine,23,8
20434,PVLP046,14888,LC4,6,gaba,0,21
16485,CB4179,14888,LC4,6,gaba,27,12
15263,Li28,14888,LC4,6,gaba,3,2
14030,LPLC2,14888,LC4,6,acetylcholine,2,18
12836,T2,14888,LC4,6,acetylcholine,30,30
12196,Li29,14888,LC4,6,gaba,28,22
11102,PVLP046,14888,LC4,6,gaba,20,4
579927,Li15,519650,LC4,6,gaba,12,12
543178,Tm4,519650,LC4,6,acetylcholine,26,20
535868,T2,519650,LC4,6,acetylcholine,28,6
534321,T2,519650,LC4,6,acetylcholine,6,28
532224,T2,519650,LC4,6,acetylcholine,31,25
519524,T2,519650,LC4,6,acetylcholine,31,9
516520,Tlp12,519650,LC4,6,glutamate,24,17
513182,Tm2,519650,LC4,6,acetylcholine,23,22
136473,Tm4,519650,LC4,6,acetylcholine,18,20
128946,T2,519650,LC4,6,acetylcholine,16,19
122568,T2,519650,LC4,6,acetylcholine,10,27
101283,Tlp12,519650,LC4,6,glutamate,16,21
100244,Tm37,519650,LC4,6,glutamate,0,26
98996,Tm3,519650,LC4,6,acetylcholine,0,1
83055,Tm2,519650,LC4,6,acetylcholine,24,3
64222,Tm2,519650,LC4,6,acetylcholine,1,26
51042,Tm4,519650,LC4,6,acetylcholine,28,2
38553,Y12,519650,LC4,6,glutamate,11,10
24523,LC4,519650,LC4,6,acetylcholine,30,17
21721,LC4,519650,LC4,6,acetylcholine,27,21
20859,LC4,519650,LC4,6,acetylcholine,5,26
16475,PVLP024,519650,LC4,6,gaba,20,7
15182,Li17,519650,LC4,6,gaba,17,1
13600,CB2664,519650,LC4,6,acetylcholine,10,21
12722,LoVC21,519650,LC4,6,gaba,3,1
11927,PVLP122,519650,LC4,6,acetylcholine,18,1
11838,Li17,519650,LC4,6,gaba,0,19
581164,Tm3,518730,LC4,6,acetylcholine,2,26
540402,Tm4,518730,LC4,6,acetylcholine,16,11
540073,MeLo2,518730,LC4,6,acetylcholine,3,26
535524,Tm4,518730,LC4,6,acetylcholine,4,26
533911,T2,518730,LC4,6,acetylcholine,0,30
529357,Y11,518730,LC4,6,glutamate,2,4
518654,T2,518730,LC4,6,acetylcholine,12,17
515900,LC4,518730,LC4,6,acetylcholine,0,23
139395,Tm3,518730,LC4,6,acetylcholine,5,26
82349,Tm4,518730,LC4,6,acetylcholine,6,26
77773,T2,518730,LC4,6,acetylcholine,1,17
63321,Tm2,518730,LC4,6,acetylcholine,7,26
61658,TmY3,518730,LC4,6,acetylcholine,4,15
54704,Tm2,518730,LC4,6,acetylcholine,8,26
41068,T2,518730,LC4,6,acetylcholine,17,12
40093,T2,518730,LC4,6,acetylcholine,21,16
35066,TmY3,518730,LC4,6,acetylcholine,17,7
30194,SAD013,518730,LC4,6,gaba,9,26
28369,Tm2,518730,LC4,6,acetylcholine,23,13
26931,TmY15,518730,LC4,6,gaba,10,26
26229,TmY3,518730,LC4,6,acetylcholine,5,14
24279,Tlp13,518730,LC4,6,glutamate,28,2
22257,PVLP046,518730,LC4,6,gaba,16,12
21299,LPLC2,518730,LC4,6,acetylcholine,2,24
20477,TmY3,518730,LC4,6,acetylcholine,23,16
20363,Tm2,518730,LC4,6,acetylcholine,11,26
12225,LoVC15,518730,LC4,6,gaba,28,19
253390708,TmY3,29417,LC4,6,acetylcholine,19,31
560559,Tm4,29417,LC4,6,acetylcholine,3,24
555923,Tm2,29417,LC4,6,acetylcholine,12,26
534634,TmY3,29417,LC4,6,acetylcholine,27,27
529627,Tm4,29417,LC4,6,acetylcholine,13,26
526102,Tm4,29417,LC4,6,acetylcholine,22,13
522925,TmY3,29417,LC4,6,acetylcholine,19,14
517987,Tm2,29417,LC4,6,acetylcholine,14,26
515900,LC4,29417,LC4,6,acetylcholine,0,23
514119,Tm37,29417,LC4,6,glutamate,15,26
514113,TmY18,29417,LC4,6,acetylcholine,16,26
513904,SAD049,29417,LC4,6,acetylcholine,8,14
143377,Tm3,29417,LC4,6,acetylcholine,22,14
130249,Tm3,29417,LC4,6,acetylcholine,26,3
125583,Tm4,29417,LC4,6,acetylcholine,16,26
109668,Tm3,29417,LC4,6,acetylcholine,17,26
84744,Y14,29417,LC4,6,glutamate,27,28
49550,TmY3,29417,LC4,6,acetylcholine,24,7
42073,T2,29417,LC4,6,acetylcholine,29,0
33599,LPLC1,29417,LC4,6,acetylcholine,18,26
23063,Li26,29417,LC4,6,gaba,1,19
16809,LC4,29417,LC4,6,acetylcholine,7,20
13900,MeLo8,29417,LC4,6,gaba,18,2
13875,MeLo8,29417,LC4,6,gaba,25,4
11894,MeLo8,29417,LC4,6,gaba,24,15
10251,MeVP53,29417,LC4,6,gaba,13,27
10182,T2,29417,LC4,6,acetylcholine,26,18
543160,Tm4,12824,LC4,6,acetylcholine,26,16
537154,T2,12824,LC4,6,acetylcholine,20,1
530768,Tm4,12824,LC4,6,acetylcholine,30,9
526128,Tm3,12824,LC4,6,acetylcholine,19,26
522889,MeLo8,12824,LC4,6,gaba,15,2
520676,T2,12824,LC4,6,acetylcholine,0,28
519154,Tlp13,12824,LC4,6,glutamate,18,3
518886,Tm4,12824,LC4,6,acetylcholine,19,9
517970,MeLo2,12824,LC4,6,acetylcholine,20,26
515616,Tm37,12824,LC4,6,glutamate,21,26
109422,T2,12824,LC4,6,acetylcholine,8,13
60756,Tm4,12824,LC4,6,acetylcholine,17,4
47679,Tm4,12824,LC4,6,acetylcholine,23,9
47658,Tm2,12824,LC4,6,acetylcholine,20,23
46005,Tm2,12824,LC4,6,acetylcholine,0,17
37256,TmY3,12824,LC4,6,acetylcholine,20,1
30090,T2,12824,LC4,6,acetylcholine,27,17
25925,Li14,12824,LC4,6,glutamate,22,26
21684,LPLC1,12824,LC4,6,acetylcholine,26,6
20572,LC4,12824,LC4,6,acetylcholine,25,13
81773,Tm4,527408,LC4,6,acetylcholine,1,22
81607,T2,527408,LC4,6,acetylcholine,3,7
81305,Tm3,527408,LC4,6,acetylcholine,23,26
78605,Tm3,527408,LC4,6,acetylcholine,24,26
75992,Tm4,527408,LC4,6,acetylcholine,25,26
74297,T2,527408,LC4,6,acetylcholine,26,16
72928,Tm2,527408,LC4,6,acetylcholine,4,30
70632,Tm3,527408,LC4,6,acetylcholine,23,9
70426,Tm3,527408,LC4,6,acetylcholine,1,28
70402,Tm3,527408,LC4,6,acetylcholine,14,18
70114,T2,527408,LC4,6,acetylcholine,14,6
69630,Tm4,527408,LC4,6,acetylcholine,27,16
68649,Tm3,527408,LC4,6,acetylcholine,26,26
67911,TmY3,527408,LC4,6,acetylcholine,19,5
65520,Tm4,527408,LC4,6,acetylcholine,15,18
60863,T2,527408,LC4,6,acetylcholine,20,20
50950,Tm2,527408,LC4,6,acetylcholine,27,26
48490,TmY3,527408,LC4,6,acetylcholine,13,7
47229,Tm2,527408,LC4,6,acetylcholine,10,22
42533,TmY3,527408,LC4,6,acetylcholine,29,1
39836,Y13,527408,LC4,6,glutamate,28,26
32343,LPLC1,527408,LC4,6,acetylcholine,29,30
31262,LC4,527408,LC4,6,acetylcholine,20,18
30480,LC4,527408,LC4,6,acetylcholine,9,24
30176,TmY15,527408,LC4,6,gaba,29,26
18383,LC14a-1,527408,LC4,6,acetylcholine,17,0
16659,PVLP011,527408,LC4,6,gaba,11,20
13850,Li29,527408,LC4,6,gaba,28,11
13114,SAD064,527408,LC4,6,acetylcholine,6,20
11394,Li16,527408,LC4,6,glutamate,20,27
543456,Tm4,12032,LC4,6,acetylcholine,23,21
542284,Tm4,12032,LC4,6,acetylcholine,18,9
532292,Tm4,12032,LC4,6,acetylcholine,5,11
532254,LC4,12032,LC4,6,acetylcholine,8,30
523564,PVLP011,12032,LC4,6,gaba,14,16
520680,T2,12032,LC4,6,acetylcholine,4,1
169771,T2,12032,LC4,6,acetylcholine,25,18
154700,T2,12032,LC4,6,acetylcholine,24,9
152423,T2,12032,LC4,6,acetylcholine,24,21
148502,Tm3,12032,LC4,6,acetylcholine,30,26
142564,Tm4,12032,LC4,6,acetylcholine,11,0
132095,Tm4,12032,LC4,6,acetylcholine,31,26
117201,Tm37,12032,LC4,6,glutamate,0,24
105604,T2,12032,LC4,6,acetylcholine,24,14
103709,T2,12032,LC4,6,acetylcholine,11,1
101846,T2,12032,LC4,6,acetylcholine,7,9
99657,T2,12032,LC4,6,acetylcholine,12,1
88872,Tm4,12032,LC4,6,acetylcholine,18,24
83305,Tm2,12032,LC4,6,acetylcholine,4,24
75733,LPi_unclear,12032,LC4,6,glutamate,0,27
63512,Tm2,12032,LC4,6,acetylcholine,18,0
29892,LC9,12032,LC4,6,acetylcholine,2,15
22257,PVLP046,12032,LC4,6,gaba,16,12
20264,Li28,12032,LC4,6,gaba,5,2
12710,LoVC14,12032,LC4,6,gaba,27,22
579927,Li15,111787,LC4,6,gaba,12,12
543789,T2,111787,LC4,6,acetylcholine,3,15
535530,T2,111787,LC4,6,acetylcholine,10,8
534524,LLPC2,111787,LC4,6,acetylcholine,1,27
530590,Tm2,111787,LC4,6,acetylcholine,17,9
519931,LC4,111787,LC4,6,acetylcholine,15,14
514956,LC4,111787,LC4,6,acetylcholine,9,11
514797,Tm4,111787,LC4,6,acetylcholine,2,27
132056,Tm3,111787,LC4,6,acetylcholine,3,27
114210,T2,111787,LC4,6,acetylcholine,16,8
76016,Tm4,111787,LC4,6,acetylcholine,11,4
72271,Tm3,111787,LC4,6,acetylcholine,4,27
41820,Tm4,111787,LC4,6,acetylcholine,23,13
30087,LC4,111787,LC4,6,acetylcholine,1,26
29796,Tm4,111787,LC4,6,acetylcholine,5,2
24244,TmY15,111787,LC4,6,gaba,5,27
19208,Y11,111787,LC4,6,glutamate,6,27
18413,Li17,111787,LC4,6,gaba,9,8
17340,LC4,111787,LC4,6,acetylcholine,30,27
16680,TmY19a,111787,LC4,6,gaba,27,23
535530,T2,35262,LC4,6,acetylcholine,10,8
533873,Tm3,35262,LC4,6,acetylcholine,7,27
529899,Tm4,35262,LC4,6,acetylcholine,18,18
526911,Tm4,35262,LC4,6,acetylcholine,31,4
525118,Tm4,35262,LC4,6,acetylcholine,11,24
524179,Tm2,35262,LC4,6,acetylcholine,27,11
523564,PVLP011,35262,LC4,6,gaba,14,16
519743,Tm2,35262,LC4,6,acetylcholine,8,27
515748,Li25,35262,LC4,6,gaba,4,7
514062,Tm2,35262,LC4,6,acetylcholine,27,13
512494,TmY19b,35262,LC4,6,gaba,9,27
512366,LC4,35262,LC4,6,acetylcholine,6,7
124220,T2,35262,LC4,6,acetylcholine,16,0
84812,Tm3,35262,LC4,6,acetylcholine,9,27
73140,T2,35262,LC4,6,acetylcholine,30,23
73076,T2,35262,LC4,6,acetylcholine,18,24
58934,Tm2,35262,LC4,6,acetylcholine,4,20
39615,Tm3,35262,LC4,6,acetylcholine,10,27
34845,LC4,35262,LC4,6,acetylcholine,10,27
29417,LC4,35262,LC4,6,acetylcholine,15,22
20434,PVLP046,35262,LC4,6,gaba,0,21
16596,Li28,35262,LC4,6,gaba,1,4
15346,T2,35262,LC4,6,acetylcholine,31,27
15055,Li26,35262,LC4,6,gaba,25,6
11102,PVLP046,35262,LC4,6,gaba,20,4
10611,Li39,35262,LC4,6,gaba,15,0
10345,LT40,35262,LC4,6,gaba,16,3
551340,TmY3,23202,LC4,6,acetylcholine,30,9
533129,LC4,23202,LC4,6,acetylcholine,2,22
522318,Tm2,23202,LC4,6,acetylcholine,7,14
518983,LC4,23202,LC4,6,acetylcholine,5,9
518885,TmY3,23202,LC4,6,acetylcholine,25,14
515812,T2,23202,LC4,6,acetylcholine,31,9
515633,TmY3,23202,LC4,6,acetylcholine,31,2
515638,Tm4,23202,LC4,6,acetylcholine,8,11
513770,MeLo8,23202,LC4,6,gaba,2,11
511914,LC4,23202,LC4,6,acetylcholine,18,22
101282,T2,23202,LC4,6,acetylcholine,29,2
73563,Tm4,23202,LC4,6,acetylcholine,11,11
70197,Tm4,23202,LC4,6,acetylcholine,26,9
66828,T2,23202,LC4,6,acetylcholine,28,22
66751,Tm4,23202,LC4,6,acetylcholine,3,6
43855,TmY3,23202,LC4,6,acetylcholine,3,17
37256,TmY3,23202,LC4,6,acetylcholine,20,1
23724,Li26,23202,LC4,6,gaba,17,28
17653,LC4,23202,LC4,6,acetylcholine,13,6
13308,Li29,23202,LC4,6,gaba,14,19
13086,LPLC1,23202,LC4,6,acetylcholine,2,20
12375,MeVC26,23202,LC4,6,acetylcholine,23,22
10466,Li31,23202,LC4,6,glutamate,11,27
554489,Tm4,17054,LC4,6,acetylcholine,12,27
111151,Tm3,17054,LC4,6,acetylcholine,13,27
108514,T5c,17054,LC4,6,acetylcholine,14,27
94364,Tm4,17054,LC4,6,acetylcholine,15,27
87283,Tm4,17054,LC4,6,acetylcholine,16,27
78351,T2,17054,LC4,6,acetylcholine,7,19
77376,Tm4,17054,LC4,6,acetylcholine,12,25
76991,Tm4,17054,LC4,6,acetylcholine,17,27
75911,Tm3,17054,LC4,6,acetylcholine,18,27
75387,Tm4,17054,LC4,6,acetylcholine,18,31
69577,T2,17054,LC4,6,acetylcholine,4,31
68326,Tm4,17054,LC4,6,acetylcholine,30,4
68218,Tm3,17054,LC4,6,acetylcholine,19,27
66724,Tm3,17054,LC4,6,acetylcholine,20,27
66005,Tm3,17054,LC4,6,acetylcholine,21,27
65361,Tm4,17054,LC4,6,acetylcholine,22,27
64834,Tm4,17054,LC4,6,acetylcholine,23,27
64294,T2,17054,LC4,6,acetylcholine,29,13
62883,Tm3,17054,LC4,6,acetylcholine,24,27
61637,T2,17054,LC4,6,acetylcholine,18,13
61567,Tm3,17054,LC4,6,acetylcholine,25,27
61197,T2,17054,LC4,6,acetylcholine,31,29
58928,Tm3,17054,LC4,6,acetylcholine,16,25
56931,TmY3,17054,LC4,6,acetylcholine,26,3
56098,Tm2,17054,LC4,6,acetylcholine,26,27
53617,Tm2,17054,LC4,6,acetylcholine,27,27
53293,Tm2,17054,LC4,6,acetylcholine,28,27
52214,Tm37,17054,LC4,6,glutamate,29,27
50458,Tm37,17054,LC4,6,glutamate,30,27
45453,Tlp12,17054,LC4,6,glutamate,31,27
39975,Y14,17054,LC4,6,glutamate,16,3
39122,MeLo2,17054,LC4,6,acetylcholine,0,28
38639,LC9,17054,LC4,6,acetylcholine,27,11
37766,LLPC2,17054,LC4,6,acetylcholine,1,28
35973,Y11,17054,LC4,6,glutamate,2,28
35106,Tlp12,17054,LC4,6,glutamate,3,28
33331,LC9,17054,LC4,6,acetylcholine,6,4
32470,Li13,17054,LC4,6,gaba,4,28
31931,LLPC2,17054,LC4,6,acetylcholine,5,28
21318,LPLC2,17054,LC4,6,acetylcholine,4,0
20016,LC4,17054,LC4,6,acetylcholine,12,16
19924,CB2664,17054,LC4,6,acetylcholine,30,26
19454,PVLP024,17054,LC4,6,gaba,3,11
18077,TmY19a,17054,LC4,6,gaba,14,26
17926,LC4,17054,LC4,6,acetylcholine,5,11
17364,LC4,17054,LC4,6,acetylcholine,21,11
17065,CB3513,17054,LC4,6,gaba,24,31
16628,LC4,17054,LC4,6,acetylcholine,30,29
16459,PVLP024,17054,LC4,6,gaba,5,15
11394,Li16,17054,LC4,6,glutamate,20,27
544499,Tlp13,16128,LC4,6,glutamate,15,12
539413,LT56,16128,LC4,6,glutamate,4,14
97888,Tm3,16128,LC4,6,acetylcholine,6,28
78936,Tm37,16128,LC4,6,glutamate,7,28
74509,Tm5Y,16128,LC4,6,acetylcholine,8,28
69841,T2,16128,LC4,6,acetylcholine,17,25
65498,T2,16128,LC4,6,acetylcholine,2,26
63341,Tm37,16128,LC4,6,glutamate,9,28
62112,Tm3,16128,LC4,6,acetylcholine,10,28
61391,Tm4,16128,LC4,6,acetylcholine,23,23
59019,Li14,16128,LC4,6,glutamate,11,28
57283,TmY3,16128,LC4,6,acetylcholine,12,28
54245,Tm2,16128,LC4,6,acetylcholine,17,2
51402,Tm2,16128,LC4,6,acetylcholine,13,28
47092,Tm2,16128,LC4,6,acetylcholine,14,28
45571,Tm39,16128,LC4,6,acetylcholine,15,28
37211,Y14,16128,LC4,6,glutamate,16,28
32471,MeLo2,16128,LC4,6,acetylcholine,17,28
29629,Li25,16128,LC4,6,gaba,26,23
28026,MeLo2,16128,LC4,6,acetylcholine,18,28
27881,Li13,16128,LC4,6,gaba,19,28
20917,LC4,16128,LC4,6,acetylcholine,20,26
19954,LC4,16128,LC4,6,acetylcholine,19,27
19634,LC4,16128,LC4,6,acetylcholine,14,4
17668,LC4,16128,LC4,6,acetylcholine,3,5
17551,LPLC2,16128,LC4,6,acetylcholine,11,21
17548,LC4,16128,LC4,6,acetylcholine,11,15
16475,PVLP024,16128,LC4,6,gaba,20,7
12237,SAD055,16128,LC4,6,acetylcholine,24,31
539413,LT56,21804,LC4,6,glutamate,4,14
118957,Tm2,21804,LC4,6,acetylcholine,20,28
111606,Tm3,21804,LC4,6,acetylcholine,21,28
108103,Tm4,21804,LC4,6,acetylcholine,22,28
104856,Tm4,21804,LC4,6,acetylcholine,6,29
104608,Tm4,21804,LC4,6,acetylcholine,23,28
103981,Tm4,21804,LC4,6,acetylcholine,24,28
102030,Tm4,21804,LC4,6,acetylcholine,25,28
101432,Tm4,21804,LC4,6,acetylcholine,30,16
100675,Tm4,21804,LC4,6,acetylcholine,9,2
93873,T2,21804,LC4,6,acetylcholine,20,6
93218,Tm3,21804,LC4,6,acetylcholine,26,28
92409,T2,21804,LC4,6,acetylcholine,18,7
88744,Tm2,21804,LC4,6,acetylcholine,27,28
88078,Tm3,21804,LC4,6,acetylcholine,14,26
87398,Tm3,21804,LC4,6,acetylcholine,28,28
86966,T2,21804,LC4,6,acetylcholine,14,22
79422,Tm2,21804,LC4,6,acetylcholine,29,28
79302,Tm4,21804,LC4,6,acetylcholine,1,21
76464,Tm4,21804,LC4,6,acetylcholine,16,22
66434,TmY3,21804,LC4,6,acetylcholine,12,22
63784,Tm2,21804,LC4,6,acetylcholine,30,28
54509,Tm2,21804,LC4,6,acetylcholine,31,28
47303,Y12,21804,LC4,6,glutamate,0,29
33715,Li25,21804,LC4,6,gaba,25,8
33580,Li34a,21804,LC4,6,gaba,1,29
29269,LC9,21804,LC4,6,acetylcholine,11,21
28338,TmY19a,21804,LC4,6,gaba,2,29
18428,TmY19b,21804,LC4,6,gaba,13,14
14079,MeLo8,21804,LC4,6,gaba,30,26
146876,Tm3,20016,LC4,6,acetylcholine,3,29
130874,Tm4,20016,LC4,6,acetylcholine,21,10
127302,Tm4,20016,LC4,6,acetylcholine,4,29
119122,TmY18,20016,LC4,6,acetylcholine,5,29
117351,T2,20016,LC4,6,acetylcholine,28,25
89224,Tm2,20016,LC4,6,acetylcholine,6,29
87879,Tm2,20016,LC4,6,acetylcholine,15,14
86643,Tm4,20016,LC4,6,acetylcholine,14,25
86362,T2,20016,LC4,6,acetylcholine,21,29
86056,T2,20016,LC4,6,acetylcholine,14,20
85489,T2,20016,LC4,6,acetylcholine,6,12
81833,T2,20016,LC4,6,acetylcholine,26,5
81094,T2,20016,LC4,6,acetylcholine,24,26
77788,T2,20016,LC4,6,acetylcholine,29,5
76206,Tm4,20016,LC4,6,acetylcholine,9,3
73802,Tm4,20016,LC4,6,acetylcholine,30,27
62354,Tm2,20016,LC4,6,acetylcholine,18,20
61435,TmY3,20016,LC4,6,acetylcholine,4,15
59466,TmY3,20016,LC4,6,acetylcholine,24,4
38978,Y12,20016,LC4,6,glutamate,25,10
30066,Li15,20016,LC4,6,gaba,2,28
19924,CB2664,20016,LC4,6,acetylcholine,30,26
19794,LC4,20016,LC4,6,acetylcholine,31,18
16628,LC4,20016,LC4,6,acetylcholine,30,29
16475,PVLP024,20016,LC4,6,gaba,20,7
13850,Li29,20016,LC4,6,gaba,28,11
12931,LoVC15,20016,LC4,6,gaba,21,18
550442,TmY18,15018,LC4,6,acetylcholine,7,29
528982,Tm3,15018,LC4,6,acetylcholine,8,29
523458,LC9,15018,LC4,6,acetylcholine,4,27
514715,T2,15018,LC4,6,acetylcholine,10,20
151637,Tm2,15018,LC4,6,acetylcholine,9,29
146713,Tm3,15018,LC4,6,acetylcholine,10,29
143726,Tm3,15018,LC4,6,acetylcholine,11,29
137159,Tm5Y,15018,LC4,6,acetylcholine,12,29
132511,Li14,15018,LC4,6,glutamate,13,29
130632,Tm5Y,15018,LC4,6,acetylcholine,10,15
118987,T2a,15018,LC4,6,acetylcholine,14,29
109600,Tm4,15018,LC4,6,acetylcholine,6,6
107513,LC4,15018,LC4,6,acetylcholine,30,17
106871,T2,15018,LC4,6,acetylcholine,21,12
102972,Tm4,15018,LC4,6,acetylcholine,21,14
94112,Tm3,15018,LC4,6,acetylcholine,15,29
91685,Tm4,15018,LC4,6,acetylcholine,28,22
84887,Tm3,15018,LC4,6,acetylcholine,16,29
84846,Tm2,15018,LC4,6,acetylcholine,17,29
45351,Tm2,15018,LC4,6,acetylcholine,8,24
29514,LC4,15018,LC4,6,acetylcholine,15,27
17939,PVLP046,15018,LC4,6,gaba,1,19
17608,LC4,15018,LC4,6,acetylcholine,8,20
16475,PVLP024,15018,LC4,6,gaba,20,7
10776,LoVC7,15018,LC4,6,gaba,2,1
526448,MeLo2,19260,LC4,6,acetylcholine,18,29
135112,Tm3,19260,LC4,6,acetylcholine,19,29
133349,Tm3,19260,LC4,6,acetylcholine,20,29
113621,Tm4,19260,LC4,6,acetylcholine,6,3
112563,Tm3,19260,LC4,6,acetylcholine,21,29
112049,Tm4,19260,LC4,6,acetylcholine,24,1
98592,Tm37,19260,LC4,6,glutamate,22,29
97374,Tm4,19260,LC4,6,acetylcholine,6,28
91226,Tm2,19260,LC4,6,acetylcholine,23,29
82593,Tm3,19260,LC4,6,acetylcholine,24,29
80981,T2,19260,LC4,6,acetylcholine,0,6
79342,T2,19260,LC4,6,acetylcholine,15,14
77812,T2,19260,LC4,6,acetylcholine,25,29
76391,T2,19260,LC4,6,acetylcholine,11,12
74137,Tm2,19260,LC4,6,acetylcholine,26,29
74272,T2,19260,LC4,6,acetylcholine,19,17
72803,Tm4,19260,LC4,6,acetylcholine,28,3
72238,T2,19260,LC4,6,acetylcholine,17,27
71518,T2,19260,LC4,6,acetylcholine,6,5
70806,T2,19260,LC4,6,acetylcholine,11,18
70504,Tm4,19260,LC4,6,acetylcholine,18,27
69387,T2,19260,LC4,6,acetylcholine,27,22
68831,TmY3,19260,LC4,6,acetylcholine,2,9
67129,Tm4,19260,LC4,6,acetylcholine,27,29
53468,Li14,19260,LC4,6,glutamate,28,29
48896,LLPC2,19260,LC4,6,acetylcholine,29,29
24100,Li15,19260,LC4,6,gaba,29,20
21165,LC4,19260,LC4,6,acetylcholine,1,18
19454,PVLP024,19260,LC4,6,gaba,3,11
17054,LC4,19260,LC4,6,acetylcholine,9,4
12638,MeLo8,19260,LC4,6,gaba,11,1
10297,LHAD1g1,19260,LC4,6,gaba,31,29
545796,T2,514508,LC4,6,acetylcholine,0,28
543781,T2,514508,LC4,6,acetylcholine,20,24
537140,Tm4,514508,LC4,6,acetylcholine,4,30
530588,Tm4,514508,LC4,6,acetylcholine,7,24
153961,TmY18,514508,LC4,6,acetylcholine,14,9
121661,T2,514508,LC4,6,acetylcholine,16,8
92189,Tm3,514508,LC4,6,acetylcholine,30,29
91855,Tm4,514508,LC4,6,acetylcholine,12,4
90511,Tm5Y,514508,LC4,6,acetylcholine,31,29
89394,TmY18,514508,LC4,6,acetylcholine,0,30
81112,LC4,514508,LC4,6,acetylcholine,6,2
65817,Tm3,514508,LC4,6,acetylcholine,28,3
65580,Y12,514508,LC4,6,glutamate,1,30
64193,TmY3,514508,LC4,6,acetylcholine,27,7
63432,TmY3,514508,LC4,6,acetylcholine,11,25
60074,TmY3,514508,LC4,6,acetylcholine,3,29
56863,Tm2,514508,LC4,6,acetylcholine,16,7
52278,Tm4,514508,LC4,6,acetylcholine,2,30
47296,Li14,514508,LC4,6,glutamate,11,1
79866,Tm4,19550,LC4,6,acetylcholine,20,10
77155,Tm4,19550,LC4,6,acetylcholine,29,29
76032,Tm3,19550,LC4,6,acetylcholine,3,30
74737,Tm4,19550,LC4,6,acetylcholine,4,30
71909,T2,19550,LC4,6,acetylcholine,15,18
71382,Tm3,19550,LC4,6,acetylcholine,24,19
70725,Tm3,19550,LC4,6,acetylcholine,5,30
68637,T2,19550,LC4,6,acetylcholine,9,13
67915,Tm4,19550,LC4,6,acetylcholine,28,29
67913,Tm4,19550,LC4,6,acetylcholine,0,18
67700,Tm3,19550,LC4,6,acetylcholine,6,30
67458,T2,19550,LC4,6,acetylcholine,15,7
64933,T2,19550,LC4,6,acetylcholine,25,10
63580,TmY3,19550,LC4,6,acetylcholine,12,24
63373,Tm4,19550,LC4,6,acetylcholine,29,31
62497,T2,19550,LC4,6,acetylcholine,21,17
57767,Tm37,19550,LC4,6,glutamate,7,30
53179,Tm2,19550,LC4,6,acetylcholine,9,21
51837,TmY3,19550,LC4,6,acetylcholine,1,1
51628,Tm2,19550,LC4,6,acetylcholine,8,22
47654,Tm2,19550,LC4,6,acetylcholine,8,30
46914,Tm2,19550,LC4,6,acetylcholine,12,25
42705,Tm2,19550,LC4,6,acetylcholine,9,30
32447,Li34a,19550,LC4,6,gaba,10,30
30682,LC9,19550,LC4,6,acetylcholine,2,1
23543,TmY19a,19550,LC4,6,gaba,23,31
21074,LPLC1,19550,LC4,6,acetylcholine,11,30
19549,LPLC2,19550,LC4,6,acetylcholine,9,16
18189,LC4,19550,LC4,6,acetylcholine,4,11
18127,LC4,19550,LC4,6,acetylcholine,31,30
16128,LC4,19550,LC4,6,acetylcholine,18,2
15829,Li17,19550,LC4,6,gaba,7,4
14198,MeLo8,19550,LC4,6,gaba,23,7
12475,LoVC15,19550,LC4,6,gaba,17,20
110665,Tm2,21151,LC4,6,acetylcholine,12,30
94077,T2,21151,LC4,6,acetylcholine,17,21
89027,T2,21151,LC4,6,acetylcholine,10,17
86326,Tm3,21151,LC4,6,acetylcholine,13,30
84270,T2,21151,LC4,6,acetylcholine,7,25
83433,T2,21151,LC4,6,acetylcholine,23,29
81288,T2,21151,LC4,6,acetylcholine,14,30
80561,Tm4,21151,LC4,6,acetylcholine,18,21
78866,Tm4,21151,LC4,6,acetylcholine,15,30
77578,Tm4,21151,LC4,6,acetylcholine,9,12
77111,Tm4,21151,LC4,6,acetylcholine,2,5
75508,Tm3,21151,LC4,6,acetylcholine,16,30
65605,Tm2,21151,LC4,6,acetylcholine,17,30
59274,Tm2,21151,LC4,6,acetylcholine,18,30
58551,Tm2,21151,LC4,6,acetylcholine,19,30
57525,Tm37,21151,LC4,6,glutamate,20,30
24612,Li26,21151,LC4,6,gaba,3,17
19454,PVLP024,21151,LC4,6,gaba,3,11
17939,PVLP046,21151,LC4,6,gaba,1,19
17548,LC4,21151,LC4,6,acetylcholine,11,15
16475,PVLP024,21151,LC4,6,gaba,20,7
16007,TmY19a,21151,LC4,6,gaba,19,2
14106,CB2664,21151,LC4,6,acetylcholine,4,17
12415,MeLo8,21151,LC4,6,gaba,22,0
11689,Li16,21151,LC4,6,glutamate,19,31
11394,Li16,21151,LC4,6,glutamate,20,27
533129,LC4,518544,LC4,6,acetylcholine,2,22
519524,T2,518544,LC4,6,acetylcholine,31,9
518983,LC4,518544,LC4,6,acetylcholine,5,9
516761,Tm4,518544,LC4,6,acetylcholine,14,8
143192,Tm3,518544,LC4,6,acetylcholine,21,30
124556,T2,518544,LC4,6,acetylcholine,15,21
124220,T2,518544,LC4,6,acetylcholine,16,0
115848,T5c,518544,LC4,6,acetylcholine,22,30
81112,LC4,518544,LC4,6,acetylcholine,6,2
79123,TmY3,518544,LC4,6,acetylcholine,10,23
74167,Tm4,518544,LC4,6,acetylcholine,22,24
67536,T2,518544,LC4,6,acetylcholine,20,15
52993,Tm2,518544,LC4,6,acetylcholine,3,1
44982,TmY3,518544,LC4,6,acetylcholine,4,25
39560,Tm5Y,518544,LC4,6,acetylcholine,23,30
37373,Tm4,518544,LC4,6,acetylcholine,16,10
31114,Y11,518544,LC4,6,glutamate,27,6
20967,LC4,518544,LC4,6,acetylcholine,23,8
20214,TmY3,518544,LC4,6,acetylcholine,19,8
18478,LC4,518544,LC4,6,acetylcholine,11,14
18310,T2,518544,LC4,6,acetylcholine,1,8
12196,Li29,518544,LC4,6,gaba,28,22
11838,Li17,518544,LC4,6,gaba,0,19
179473,TmY18,19420,LC4,6,acetylcholine,24,30
167811,TmY18,19420,LC4,6,acetylcholine,25,30
144124,Tm3,19420,LC4,6,acetylcholine,26,30
122500,Tm4,19420,LC4,6,acetylcholine,10,14
119010,Tm5Y,19420,LC4,6,acetylcholine,27,30
111078,Tm3,19420,LC4,6,acetylcholine,28,30
95208,Tm37,19420,LC4,6,glutamate,29,30
89431,Tm3,19420,LC4,6,acetylcholine,14,31
85478,Tm2,19420,LC4,6,acetylcholine,30,30
82891,Tm2,19420,LC4,6,acetylcholine,31,30
82257,T2,19420,LC4,6,acetylcholine,18,5
80957,T2,19420,LC4,6,acetylcholine,15,9
78116,T2,19420,LC4,6,acetylcholine,0,31
76015,T2,19420,LC4,6,acetylcholine,2,16
75972,Tm4,19420,LC4,6,acetylcholine,31,11
74325,Tm4,19420,LC4,6,acetylcholine,14,15
74291,Tm2,19420,LC4,6,acetylcholine,1,31
74164,Tm4,19420,LC4,6,acetylcholine,16,31
72358,Tm2,19420,LC4,6,acetylcholine,2,29
72000,Tm4,19420,LC4,6,acetylcholine,2,31
68898,Tm4,19420,LC4,6,acetylcholine,0,5
61256,Tm2,19420,LC4,6,acetylcholine,17,27
32956,Tlp14,19420,LC4,6,glutamate,30,26
27194,PVLP046,19420,LC4,6,gaba,18,3
26491,Tlp14,19420,LC4,6,glutamate,25,29
26010,Li15,19420,LC4,6,gaba,2,11
24612,Li26,19420,LC4,6,gaba,3,17
21225,LC4,19420,LC4,6,acetylcholine,26,0
20703,Li26,19420,LC4,6,gaba,7,19
19454,PVLP024,19420,LC4,6,gaba,3,11
16549,Li30,19420,LC4,6,gaba,27,9
10052,LoVC14,19420,LC4,6,gaba,8,2
529196,Li15,107513,LC4,6,gaba,6,10
516784,Tm37,107513,LC4,6,glutamate,3,31
513904,SAD049,107513,LC4,6,acetylcholine,8,14
101136,Tm37,107513,LC4,6,glutamate,4,31
95344,Tm2,107513,LC4,6,acetylcholine,5,31
93780,Tm4,107513,LC4,6,acetylcholine,6,31
87838,T2,107513,LC4,6,acetylcholine,7,31
85328,Tm4,107513,LC4,6,acetylcholine,25,16
81112,LC4,107513,LC4,6,acetylcholine,6,2
63809,Tlp13,107513,LC4,6,glutamate,23,18
36917,TmY3,107513,LC4,6,acetylcholine,23,27
18396,LC4,107513,LC4,6,acetylcholine,20,31
137939,Tm3,20542,LC4,6,acetylcholine,18,0
115873,Tm4,20542,LC4,6,acetylcholine,3,12
92568,Tm2,20542,LC4,6,acetylcholine,8,31
89248,T2,20542,LC4,6,acetylcholine,15,26
83615,T2,20542,LC4,6,acetylcholine,22,29
83529,T2,20542,LC4,6,acetylcholine,3,12
79824,Tm3,20542,LC4,6,acetylcholine,9,31
77600,Tm4,20542,LC4,6,acetylcholine,30,5
76020,Tm2,20542,LC4,6,acetylcholine,24,4
74940,T2,20542,LC4,6,acetylcholine,14,0
73802,Tm4,20542,LC4,6,acetylcholine,30,27
73795,TmY3,20542,LC4,6,acetylcholine,23,2
71514,Tm4,20542,LC4,6,acetylcholine,17,7
70516,T2,20542,LC4,6,acetylcholine,3,9
69190,T2,20542,LC4,6,acetylcholine,5,21
68713,T2,20542,LC4,6,acetylcholine,19,27
58026,Tm2,20542,LC4,6,acetylcholine,10,31
47253,Tlp12,20542,LC4,6,glutamate,15,18
47106,Tm2,20542,LC4,6,acetylcholine,22,17
44265,Y11,20542,LC4,6,glutamate,11,31
32996,Li25,20542,LC4,6,gaba,0,29
30146,Li15,20542,LC4,6,gaba,14,13
26491,Tlp14,20542,LC4,6,glutamate,25,29
25995,Tm2,20542,LC4,6,acetylcholine,12,31
22139,LC9,20542,LC4,6,acetylcholine,21,27
21151,LC4,20542,LC4,6,acetylcholine,16,21
21165,LC4,20542,LC4,6,acetylcholine,1,18
17926,LC4,20542,LC4,6,acetylcholine,5,11
14581,TmY19a,20542,LC4,6,gaba,1,22
13736,LoVC15,20542,LC4,6,gaba,15,13
121977,Tm4,29563,LC4,6,acetylcholine,17,11
92242,Tm3,29563,LC4,6,acetylcholine,13,31
86915,Tm4,29563,LC4,6,acetylcholine,14,31
83184,T2,29563,LC4,6,acetylcholine,9,9
76042,TmY3,29563,LC4,6,acetylcholine,18,10
75263,Tm4,29563,LC4,6,acetylcholine,30,12
73476,T2,29563,LC4,6,acetylcholine,3,24
71985,Tm4,29563,LC4,6,acetylcholine,0,9
71629,Tm4,29563,LC4,6,acetylcholine,15,31
70944,Tm4,29563,LC4,6,acetylcholine,16,31
64686,Tm2,29563,LC4,6,acetylcholine,25,3
61455,Tm2,29563,LC4,6,acetylcholine,13,13
53288,TmY3,29563,LC4,6,acetylcholine,5,14
52051,TmY3,29563,LC4,6,acetylcholine,29,17
51266,Tm2,29563,LC4,6,acetylcholine,17,31
50950,Tm2,29563,LC4,6,acetylcholine,27,26
49444,Tlp13,29563,LC4,6,glutamate,8,30
35680,LPLC2,29563,LC4,6,acetylcholine,18,31
34799,Li25,29563,LC4,6,gaba,28,27
31262,LC4,29563,LC4,6,acetylcholine,20,18
25398,TmY15,29563,LC4,6,gaba,30,3
24338,LC4,29563,LC4,6,acetylcholine,27,7
18689,TmY19a,29563,LC4,6,gaba,19,2
17576,Li17,29563,LC4,6,gaba,16,15
17266,LC4,29563,LC4,6,acetylcholine,7,29
16861,TmY19b,29563,LC4,6,gaba,9,21
15440,Li17,29563,LC4,6,gaba,0,3
153314,TmY18,17364,LC4,6,acetylcholine,19,31
136156,T2a,17364,LC4,6,acetylcholine,20,31
111130,Tm5Y,17364,LC4,6,acetylcholine,21,31
108928,Tm2,17364,LC4,6,acetylcholine,22,31
100659,T2,17364,LC4,6,acetylcholine,23,31
99277,Tm5Y,17364,LC4,6,acetylcholine,24,31
92239,Tm2,17364,LC4,6,acetylcholine,25,31
90696,T2,17364,LC4,6,acetylcholine,18,17
90084,T2,17364,LC4,6,acetylcholine,20,1
85453,Tm3,17364,LC4,6,acetylcholine,26,31
82808,Tm4,17364,LC4,6,acetylcholine,30,30
82423,T2,17364,LC4,6,acetylcholine,15,5
78469,Tm4,17364,LC4,6,acetylcholine,27,1
78059,T2,17364,LC4,6,acetylcholine,31,20
72027,Tm4,17364,LC4,6,acetylcholine,21,13
70890,Tm37,17364,LC4,6,glutamate,27,31
70173,Tm37,17364,LC4,6,glutamate,28,31
64001,Tm2,17364,LC4,6,acetylcholine,29,31
61281,LoVP1,17364,LC4,6,glutamate,30,31
60767,Tm2,17364,LC4,6,acetylcholine,3,27
60459,Tm2,17364,LC4,6,acetylcholine,31,31
60081,Tm2,17364,LC4,6,acetylcholine,0,0
59743,Tm2,17364,LC4,6,acetylcholine,7,3
58919,Tm2,17364,LC4,6,acetylcholine,1,0
51681,LLPC2,17364,LC4,6,acetylcholine,2,0
37176,MeLo2,17364,LC4,6,acetylcholine,3,0
35131,LC9,17364,LC4,6,acetylcholine,26,15
31680,Y11,17364,LC4,6,glutamate,10,5
21225,LC4,17364,LC4,6,acetylcholine,26,0
21151,LC4,17364,LC4,6,acetylcholine,16,21
20434,PVLP046,17364,LC4,6,gaba,0,21
19543,LC4,17364,LC4,6,acetylcholine,18,9
17668,LC4,17364,LC4,6,acetylcholine,3,5
16549,Li30,17364,LC4,6,gaba,27,9
14709,MeLo8,17364,LC4,6,gaba,17,13
14106,CB2664,17364,LC4,6,acetylcholine,4,17
12237,SAD055,17364,LC4,6,acetylcholine,24,31
543010,TmY3,37587,LC4,6,acetylcholine,8,20
518941,T2,37587,LC4,6,acetylcholine,20,12
516469,TmY3,37587,LC4,6,acetylcholine,24,22
515051,Tm4,37587,LC4,6,acetylcholine,4,0
513320,T2,37587,LC4,6,acetylcholine,8,0
512494,TmY19b,37587,LC4,6,gaba,9,27
512366,LC4,37587,LC4,6,acetylcholine,6,7
512136,Tm2,37587,LC4,6,acetylcholine,21,29
119071,T2,37587,LC4,6,acetylcholine,18,5
106172,TmY3,37587,LC4,6,acetylcholine,8,26
102087,TmY3,37587,LC4,6,acetylcholine,16,11
98685,Tm37,37587,LC4,6,glutamate,5,0
89823,Tm4,37587,LC4,6,acetylcholine,6,0
83188,T2,37587,LC4,6,acetylcholine,22,25
71856,TmY3,37587,LC4,6,acetylcholine,30,24
62961,Tm2,37587,LC4,6,acetylcholine,20,5
59936,T2,37587,LC4,6,acetylcholine,1,17
53306,T2,37587,LC4,6,acetylcholine,23,9
44208,Tlp12,37587,LC4,6,glutamate,10,26
40828,T2,37587,LC4,6,acetylcholine,8,27
31570,LC9,37587,LC4,6,acetylcholine,15,19
31050,Tm2,37587,LC4,6,acetylcholine,2,17
30593,TmY19a,37587,LC4,6,gaba,28,28
27194,PVLP046,37587,LC4,6,gaba,18,3
16917,LC4,37587,LC4,6,acetylcholine,10,27
541781,Tm3,530029,LC4,6,acetylcholine,7,0
530701,Li14,530029,LC4,6,glutamate,8,0
529778,Tlp14,530029,LC4,6,glutamate,8,11
527081,Tm2,530029,LC4,6,acetylcholine,22,4
525559,T2,530029,LC4,6,acetylcholine,27,31
524825,Tm2,530029,LC4,6,acetylcholine,9,0
524582,T2,530029,LC4,6,acetylcholine,14,18
521516,Li30,530029,LC4,6,gaba,27,15
515429,Tm3,530029,LC4,6,acetylcholine,10,0
513279,Y14,530029,LC4,6,glutamate,11,0
158425,T2,530029,LC4,6,acetylcholine,0,18
140915,Tm4,530029,LC4,6,acetylcholine,24,4
113795,T2,530029,LC4,6,acetylcholine,6,27
89238,LLPC2,530029,LC4,6,acetylcholine,12,0
74641,Tm4,530029,LC4,6,acetylcholine,12,15
64363,Tm3,530029,LC4,6,acetylcholine,13,0
56286,Tm4,530029,LC4,6,acetylcholine,30,11
43160,Li_unclear,530029,LC4,6,gaba,26,15
41772,Y12,530029,LC4,6,glutamate,20,26
34467,T2,530029,LC4,6,acetylcholine,11,27
26400,Tlp13,530029,LC4,6,glutamate,10,7
24275,Li15,530029,LC4,6,gaba,14,0
21967,LPLC1,530029,LC4,6,acetylcholine,13,15
527408,LC4,16138,LC4,6,acetylcholine,29,9
113243,Tm4,16138,LC4,6,acetylcholine,13,16
85412,T2,16138,LC4,6,acetylcholine,26,9
82282,Tm3,16138,LC4,6,acetylcholine,15,0
76823,Tm4,16138,LC4,6,acetylcholine,29,19
74867,T2,16138,LC4,6,acetylcholine,18,26
72893,T2,16138,LC4,6,acetylcholine,9,13
71019,T2,16138,LC4,6,acetylcholine,3,23
70997,Tm4,16138,LC4,6,acetylcholine,19,22
70956,Tm4,16138,LC4,6,acetylcholine,15,16
69190,T2,16138,LC4,6,acetylcholine,5,21
66729,T2,16138,LC4,6,acetylcholine,17,16
66528,T2,16138,LC4,6,acetylcholine,1,6
48986,TmY3,16138,LC4,6,acetylcholine,17,7
45005,TmY3,16138,LC4,6,acetylcholine,7,7
43924,TmY3,16138,LC4,6,acetylcholine,30,6
35134,MeLo2,16138,LC4,6,acetylcholine,16,0
25995,Tm2,16138,LC4,6,acetylcholine,12,31
22194,LC4,16138,LC4,6,acetylcholine,20,7
19454,PVLP024,16138,LC4,6,gaba,3,11
17010,TmY19b,16138,LC4,6,gaba,28,4
12475,LoVC15,16138,LC4,6,gaba,17,20
526832,TmY3,18127,LC4,6,acetylcholine,8,4
117748,Tm3,18127,LC4,6,acetylcholine,17,0
117262,Tm3,18127,LC4,6,acetylcholine,18,0
100671,Tm4,18127,LC4,6,acetylcholine,30,2
72580,T2,18127,LC4,6,acetylcholine,3,30
72238,T2,18127,LC4,6,acetylcholine,17,27
70504,Tm4,18127,LC4,6,acetylcholine,18,27
70250,Tm4,18127,LC4,6,acetylcholine,21,23
66584,Tm4,18127,LC4,6,acetylcholine,11,22
66604,TmY3,18127,LC4,6,acetylcholine,1,17
66334,T2,18127,LC4,6,acetylcholine,17,13
65009,T2,18127,LC4,6,acetylcholine,23,7
62856,T2,18127,LC4,6,acetylcholine,8,9
59944,Tm4,18127,LC4,6,acetylcholine,30,5
59599,T2,18127,LC4,6,acetylcholine,26,31
48916,Tm2,18127,LC4,6,acetylcholine,20,26
48566,LLPC2,18127,LC4,6,acetylcholine,19,0
47427,Tm2,18127,LC4,6,acetylcholine,24,16
47398,Tm2,18127,LC4,6,acetylcholine,20,0
46694,Tm2,18127,LC4,6,acetylcholine,7,21
44470,Tlp12,18127,LC4,6,glutamate,15,6
23098,LC4,18127,LC4,6,acetylcholine,25,17
22264,TmY3,18127,LC4,6,acetylcholine,6,15
20703,Li26,18127,LC4,6,gaba,7,19
20542,LC4,18127,LC4,6,acetylcholine,8,4
17054,LC4,18127,LC4,6,acetylcholine,9,4
16659,PVLP011,18127,LC4,6,gaba,11,20
16138,LC4,18127,LC4,6,acetylcholine,3,23
14106,CB2664,18127,LC4,6,acetylcholine,4,17
10297,LHAD1g1,18127,LC4,6,gaba,31,29
545816,Tm4,100485,LC4,6,acetylcholine,30,4
541829,Tm3,100485,LC4,6,acetylcholine,21,0
534883,T2,100485,LC4,6,acetylcholine,18,31
525908,Tm4,100485,LC4,6,acetylcholine,26,19
524899,LC4,100485,LC4,6,acetylcholine,14,2
520421,Tm3,100485,LC4,6,acetylcholine,22,0
516536,Tm37,100485,LC4,6,glutamate,23,0
514407,Li29,100485,LC4,6,gaba,1,23
513904,SAD049,100485,LC4,6,acetylcholine,8,14
513894,TmY15,100485,LC4,6,gaba,24,0
512812,TmY3,100485,LC4,6,acetylcholine,27,24
135283,Tm3,100485,LC4,6,acetylcholine,25,0
132681,Tm4,100485,LC4,6,acetylcholine,14,10
125191,Tm4,100485,LC4,6,acetylcholine,6,12
90827,Tm4,100485,LC4,6,acetylcholine,12,18
90366,T2,100485,LC4,6,acetylcholine,10,24
90199,Tm3,100485,LC4,6,acetylcholine,26,0
89232,T2,100485,LC4,6,acetylcholine,3,27
77863,Tm3,100485,LC4,6,acetylcholine,27,0
76049,Tm4,100485,LC4,6,acetylcholine,6,5
65507,Tm2,100485,LC4,6,acetylcholine,2,5
59048,TmY3,100485,LC4,6,acetylcholine,22,17
49274,Tm37,100485,LC4,6,glutamate,24,19
45582,T2,100485,LC4,6,acetylcholine,8,1
43519,Tm3,100485,LC4,6,acetylcholine,28,0
27194,PVLP046,100485,LC4,6,gaba,18,3
21571,Tlp14,100485,LC4,6,glutamate,6,5
20434,PVLP046,100485,LC4,6,gaba,0,21
18756,Li26,100485,LC4,6,gaba,27,20
17270,LC4,100485,LC4,6,acetylcholine,20,31
12032,LC4,100485,LC4,6,acetylcholine,27,2
11940,MeLo8,100485,LC4,6,gaba,14,9
81471,Tm3,21313,LC4,6,acetylcholine,29,0
71489,T2,21313,LC4,6,acetylcholine,26,7
71019,T2,21313,LC4,6,acetylcholine,3,23
70413,T2,21313,LC4,6,acetylcholine,0,31
67129,Tm4,21313,LC4,6,acetylcholine,27,29
66723,Tm4,21313,LC4,6,acetylcholine,14,31
66349,Tm4,21313,LC4,6,acetylcholine,18,24
66325,Tm3,21313,LC4,6,acetylcholine,5,6
65106,T2,21313,LC4,6,acetylcholine,29,1
64897,T2,21313,LC4,6,acetylcholine,15,31
54216,TmY3,21313,LC4,6,acetylcholine,7,2
49150,Tm2,21313,LC4,6,acetylcholine,7,31
47420,Y14,21313,LC4,6,glutamate,30,0
46623,Tm2,21313,LC4,6,acetylcholine,31,0
45977,Tm2,21313,LC4,6,acetylcholine,30,2
42068,Y12,21313,LC4,6,glutamate,23,17
41604,Y12,21313,LC4,6,glutamate,15,25
36089,Y11,21313,LC4,6,glutamate,0,1
34648,MeLo2,21313,LC4,6,acetylcholine,1,1
24381,LC9,21313,LC4,6,acetylcholine,10,9
23098,LC4,21313,LC4,6,acetylcholine,25,17
22945,Li26,21313,LC4,6,gaba,30,19
22218,LPLC2,21313,LC4,6,acetylcholine,31,5
21287,LC4,21313,LC4,6,acetylcholine,5,5
20673,LC4,21313,LC4,6,acetylcholine,30,30
19006,TmY19a,21313,LC4,6,gaba,0,19
17266,LC4,21313,LC4,6,acetylcholine,7,29
17289,Li29,21313,LC4,6,gaba,13,1
16435,TmY19a,21313,LC4,6,gaba,23,31
12931,LoVC15,21313,LC4,6,gaba,21,18
11378,CB1280,21313,LC4,6,acetylcholine,29,16
11254,LT41,21313,LC4,6,gaba,31,10
117627,Tm3,20808,LC4,5,acetylcholine,2,1
95068,Tm37,20808,LC4,5,glutamate,3,1
88435,Tm3,20808,LC4,5,acetylcholine,4,1
88012,T2,20808,LC4,5,acetylcholine,13,0
79754,LLPC2,20808,LC4,5,acetylcholine,5,1
78398,Tm4,20808,LC4,5,acetylcholine,5,23
73321,T2,20808,LC4,5,acetylcholine,30,19
72244,T2,20808,LC4,5,acetylcholine,2,25
71725,Tm39,20808,LC4,5,acetylcholine,6,1
69305,Tm2,20808,LC4,5,acetylcholine,0,20
66538,T2,20808,LC4,5,acetylcholine,24,16
64540,T2,20808,LC4,5,acetylcholine,20,30
63863,Tm5Y,20808,LC4,5,acetylcholine,7,1
63673,Tm3,20808,LC4,5,acetylcholine,22,8
54353,Tm2,20808,LC4,5,acetylcholine,4,20
51685,Tm2,20808,LC4,5,acetylcholine,8,1
50177,Tm2,20808,LC4,5,acetylcholine,1,23
49557,Tm2,20808,LC4,5,acetylcholine,25,22
49474,Tm2,20808,LC4,5,acetylcholine,7,30
49248,Tm2,20808,LC4,5,acetylcholine,12,29
49227,Tm2,20808,LC4,5,acetylcholine,16,18
49253,Tm2,20808,LC4,5,acetylcholine,9,1
47352,Tm2,20808,LC4,5,acetylcholine,12,17
39499,Li25,20808,LC4,5,gaba,2,24
38065,LC4,20808,LC4,5,acetylcholine,23,27
33477,Y12,20808,LC4,5,glutamate,7,23
33474,SAD049,20808,LC4,5,acetylcholine,24,18
29937,LPLC1,20808,LC4,5,acetylcholine,28,29
26779,TmY15,20808,LC4,5,gaba,10,1
24235,TmY19a,20808,LC4,5,gaba,12,3
16549,Li30,20808,LC4,5,gaba,27,9
13849,MeLo8,20808,LC4,5,gaba,29,21
13114,SAD064,20808,LC4,5,acetylcholine,6,20
11394,Li16,20808,LC4,5,glutamate,20,27
11102,PVLP046,20808,LC4,5,gaba,20,4
128047,T3,22966,LC4,5,acetylcholine,11,1
112122,T2a,22966,LC4,5,acetylcholine,12,1
108648,Tm2,22966,LC4,5,acetylcholine,13,1
104994,T3,22966,LC4,5,acetylcholine,14,1
101730,Tm3,22966,LC4,5,acetylcholine,15,1
86627,T2a,22966,LC4,5,acetylcholine,16,1
86039,Tm4,22966,LC4,5,acetylcholine,26,8
81305,Tm3,22966,LC4,5,acetylcholine,23,26
80234,Tm3,22966,LC4,5,acetylcholine,17,1
78360,T2,22966,LC4,5,acetylcholine,13,15
78075,Li14,22966,LC4,5,glutamate,18,1
77689,Tm3,22966,LC4,5,acetylcholine,19,1
77058,Tm2,22966,LC4,5,acetylcholine,18,22
76456,Tm2,22966,LC4,5,acetylcholine,29,11
75408,Tm3,22966,LC4,5,acetylcholine,20,1
74536,Tm4,22966,LC4,5,acetylcholine,7,22
70460,T2,22966,LC4,5,acetylcholine,24,21
68649,Tm3,22966,LC4,5,acetylcholine,26,26
67802,T2,22966,LC4,5,acetylcholine,7,3
65727,T2,22966,LC4,5,acetylcholine,0,28
61380,TmY3,22966,LC4,5,acetylcholine,17,14
58576,T2,22966,LC4,5,acetylcholine,4,10
56918,TmY3,22966,LC4,5,acetylcholine,4,10
56240,T2,22966,LC4,5,acetylcholine,25,9
53682,MeLo2,22966,LC4,5,acetylcholine,12,24
51919,Tm2,22966,LC4,5,acetylcholine,21,28
50950,Tm2,22966,LC4,5,acetylcholine,27,26
48681,Li14,22966,LC4,5,glutamate,11,14
46895,TmY15,22966,LC4,5,gaba,21,1
45928,TmY15,22966,LC4,5,gaba,22,1
43292,TmY15,22966,LC4,5,gaba,23,1
32613,Li25,22966,LC4,5,gaba,28,19
32440,Li15,22966,LC4,5,gaba,24,1
24322,Li26,22966,LC4,5,gaba,15,15
22560,Li26,22966,LC4,5,gaba,18,2
13926,MeLo8,22966,LC4,5,gaba,11,31
10512,ANXXX109,22966,LC4,5,gaba,25,1
10297,LHAD1g1,22966,LC4,5,gaba,31,29
556660,Li13,520449,LC4,5,gaba,17,23
548394,T5c,520449,LC4,5,acetylcholine,26,1
539967,T2,520449,LC4,5,acetylcholine,10,16
539118,T2,520449,LC4,5,acetylcholine,8,2
523564,PVLP011,520449,LC4,5,gaba,14,16
519931,LC4,520449,LC4,5,acetylcholine,15,14
518983,LC4,520449,LC4,5,acetylcholine,5,9
517251,TmY3,520449,LC4,5,acetylcholine,3,21
515522,Tlp12,520449,LC4,5,glutamate,8,0
184576,TmY18,520449,LC4,5,acetylcholine,27,1
140246,Tm3,520449,LC4,5,acetylcholine,28,1
123431,Tm3,520449,LC4,5,acetylcholine,11,5
108755,Tm3,520449,LC4,5,acetylcholine,9,2
100485,LC4,520449,LC4,5,acetylcholine,23,20
99676,T3,520449,LC4,5,acetylcholine,29,1
98415,T2,520449,LC4,5,acetylcholine,11,26
81068,T2a,520449,LC4,5,acetylcholine,30,1
79457,Tm3,520449,LC4,5,acetylcholine,31,1
75855,Tm3,520449,LC4,5,acetylcholine,0,2
74854,T2,520449,LC4,5,acetylcholine,23,2
66320,Tm37,520449,LC4,5,glutamate,19,22
58856,Tm3,520449,LC4,5,acetylcholine,1,2
57711,Li14,520449,LC4,5,glutamate,2,2
54891,Tm2,520449,LC4,5,acetylcholine,27,14
52752,Tm2,520449,LC4,5,acetylcholine,3,2
20967,LC4,520449,LC4,5,acetylcholine,23,8
20921,T2,520449,LC4,5,acetylcholine,12,2
20048,TmY3,520449,LC4,5,acetylcholine,7,22
19891,MeLo13,520449,LC4,5,glutamate,4,2
18350,PVLP046,520449,LC4,5,gaba,25,3
18225,Li11b,520449,LC4,5,gaba,11,24
17478,LC4,520449,LC4,5,acetylcholine,0,10
12349,LC4,520449,LC4,5,acetylcholine,2,20
12242,SAD055,520449,LC4,5,acetylcholine,22,8
12114,LPLC1,520449,LC4,5,acetylcholine,5,2
10933,MeLo8,520449,LC4,5,gaba,25,6
10251,MeVP53,520449,LC4,5,gaba,13,27
10158,LT56,520449,LC4,5,glutamate,31,5
10147,LHAD1g1,520449,LC4,5,gaba,31,8
544274,Tm4,511914,LC4,5,acetylcholine,14,10
534131,Tm4,511914,LC4,5,acetylcholine,31,22
527337,Tm4,511914,LC4,5,acetylcholine,17,11
526133,Tm37,511914,LC4,5,glutamate,6,2
518917,Tm4,511914,LC4,5,acetylcholine,9,22
518572,Tm37,511914,LC4,5,glutamate,7,2
514508,LC4,511914,LC4,5,acetylcholine,30,19
171952,TmY18,511914,LC4,5,acetylcholine,8,2
99616,T2,511914,LC4,5,acetylcholine,25,31
81156,Tm3,511914,LC4,5,acetylcholine,9,2
68833,T2,511914,LC4,5,acetylcholine,22,11
61745,Tm37,511914,LC4,5,glutamate,10,2
61438,Tm3,511914,LC4,5,acetylcholine,11,2
60756,Tm4,511914,LC4,5,acetylcholine,17,4
58806,Tm2,511914,LC4,5,acetylcholine,21,11
58036,Y12,511914,LC4,5,glutamate,12,2
54221,T2,511914,LC4,5,acetylcholine,13,2
52340,Tm2,511914,LC4,5,acetylcholine,13,11
44943,Tlp12,511914,LC4,5,glutamate,14,2
41068,T2,511914,LC4,5,acetylcholine,17,12
40090,TmY3,511914,LC4,5,acetylcholine,30,12
32992,Tm2,511914,LC4,5,acetylcholine,11,2
31301,LC4,511914,LC4,5,acetylcholine,12,9
28802,Li26,511914,LC4,5,gaba,0,20
23724,Li26,511914,LC4,5,gaba,17,28
22740,T2,511914,LC4,5,acetylcholine,14,16
18478,LC4,511914,LC4,5,acetylcholine,11,14
17939,PVLP046,511914,LC4,5,gaba,1,19
17592,Tlp14,511914,LC4,5,glutamate,18,28
17478,LC4,511914,LC4,5,acetylcholine,0,10
17315,Li30,511914,LC4,5,gaba,27,1
16040,Pm7_Li28,511914,LC4,5,gaba,7,0
13308,Li29,511914,LC4,5,gaba,14,19
12349,LC4,511914,LC4,5,acetylcholine,2,20
10147,LHAD1g1,511914,LC4,5,gaba,31,8
156261,Tm4,17987,LC4,5,acetylcholine,15,2
118175,Tm2,17987,LC4,5,acetylcholine,16,2
113569,T5c,17987,LC4,5,acetylcholine,17,2
103575,T2,17987,LC4,5,acetylcholine,14,26
98328,Tm3,17987,LC4,5,acetylcholine,18,2
93788,T2,17987,LC4,5,acetylcholine,31,16
90583,T2,17987,LC4,5,acetylcholine,29,20
85018,Tm3,17987,LC4,5,acetylcholine,8,29
81573,T2,17987,LC4,5,acetylcholine,24,3
79866,Tm4,17987,LC4,5,acetylcholine,20,10
79003,T2,17987,LC4,5,acetylcholine,8,10
78707,Tm3,17987,LC4,5,acetylcholine,1,17
77295,T2,17987,LC4,5,acetylcholine,25,11
74850,Tm4,17987,LC4,5,acetylcholine,6,30
73558,Tm3,17987,LC4,5,acetylcholine,19,2
72986,Tm3,17987,LC4,5,acetylcholine,20,2
71442,Tm4,17987,LC4,5,acetylcholine,23,10
69364,Tm3,17987,LC4,5,acetylcholine,21,2
64514,TmY3,17987,LC4,5,acetylcholine,19,6
64138,Tm3,17987,LC4,5,acetylcholine,22,2
63161,Tm4,17987,LC4,5,acetylcholine,6,21
62715,T2,17987,LC4,5,acetylcholine,15,4
62711,T2,17987,LC4,5,acetylcholine,4,26
62515,Tm3,17987,LC4,5,acetylcholine,2,29
61984,T2,17987,LC4,5,acetylcholine,16,21
60750,Tm5b,17987,LC4,5,acetylcholine,4,25
59208,Tm2,17987,LC4,5,acetylcholine,23,2
56098,Tm2,17987,LC4,5,acetylcholine,26,27
54349,Tm2,17987,LC4,5,acetylcholine,24,2
50844,Tm2,17987,LC4,5,acetylcholine,9,25
45389,Li15,17987,LC4,5,gaba,29,24
45274,Tlp12,17987,LC4,5,glutamate,25,2
44833,Y14,17987,LC4,5,glutamate,26,2
35338,Li25,17987,LC4,5,gaba,27,2
30802,LC9,17987,LC4,5,acetylcholine,16,4
30542,LC14a-1,17987,LC4,5,acetylcholine,20,10
29269,LC9,17987,LC4,5,acetylcholine,11,21
28642,Li26,17987,LC4,5,gaba,12,21
25753,TmY19a,17987,LC4,5,gaba,17,4
21318,LPLC2,17987,LC4,5,acetylcholine,4,0
21151,LC4,17987,LC4,5,acetylcholine,16,21
19549,LPLC2,17987,LC4,5,acetylcholine,9,16
19249,LPLC2,17987,LC4,5,acetylcholine,5,19
13850,Li29,17987,LC4,5,gaba,28,11
539413,LT56,19543,LC4,5,glutamate,4,14
168896,TmY18,19543,LC4,5,acetylcholine,28,2
134374,T5c,19543,LC4,5,acetylcholine,29,2
133855,Tm4,19543,LC4,5,acetylcholine,29,8
105441,TmY18,19543,LC4,5,acetylcholine,30,2
99038,Tm3,19543,LC4,5,acetylcholine,31,2
97068,Tm3,19543,LC4,5,acetylcholine,0,3
90350,Tm4,19543,LC4,5,acetylcholine,5,19
86536,Tm3,19543,LC4,5,acetylcholine,0,23
83718,Tm3,19543,LC4,5,acetylcholine,28,15
83614,T2,19543,LC4,5,acetylcholine,15,8
82699,Tm3,19543,LC4,5,acetylcholine,9,17
81313,Tm3,19543,LC4,5,acetylcholine,14,19
79767,Tm4,19543,LC4,5,acetylcholine,1,3
77582,T2,19543,LC4,5,acetylcholine,30,21
76162,T2,19543,LC4,5,acetylcholine,1,23
75858,T2,19543,LC4,5,acetylcholine,10,17
74476,Tm5Y,19543,LC4,5,acetylcholine,2,3
67728,T2,19543,LC4,5,acetylcholine,15,22
67089,Tm4,19543,LC4,5,acetylcholine,3,3
66188,T2,19543,LC4,5,acetylcholine,1,0
66034,Tm37,19543,LC4,5,glutamate,4,3
65810,Tm3,19543,LC4,5,acetylcholine,5,3
63112,Li14,19543,LC4,5,glutamate,6,3
61734,T2,19543,LC4,5,acetylcholine,6,22
61292,T2,19543,LC4,5,acetylcholine,19,24
59189,Tm2,19543,LC4,5,acetylcholine,10,19
58221,T2,19543,LC4,5,acetylcholine,0,22
57745,Tm2,19543,LC4,5,acetylcholine,16,16
56127,Tm2,19543,LC4,5,acetylcholine,7,3
53900,Tm2,19543,LC4,5,acetylcholine,8,3
51440,Tm2,19543,LC4,5,acetylcholine,31,20
45389,Li15,19543,LC4,5,gaba,29,24
44663,Y12,19543,LC4,5,glutamate,9,3
44330,Tlp12,19543,LC4,5,glutamate,2,8
40771,Li13,19543,LC4,5,gaba,10,3
29563,LC4,19543,LC4,5,acetylcholine,28,5
25066,TmY19a,19543,LC4,5,gaba,26,29
22034,LC4,19543,LC4,5,acetylcholine,14,15
20542,LC4,19543,LC4,5,acetylcholine,8,4
17926,LC4,19543,LC4,5,acetylcholine,5,11
16435,TmY19a,19543,LC4,5,gaba,23,31
114812,TmY18,28945,LC4,5,acetylcholine,11,3
107791,Tm12,28945,LC4,5,acetylcholine,12,3
101724,Tm3,28945,LC4,5,acetylcholine,13,3
95381,Tm3,28945,LC4,5,acetylcholine,14,3
95089,Tm3,28945,LC4,5,acetylcholine,1,10
92404,Tm3,28945,LC4,5,acetylcholine,9,9
89493,T2,28945,LC4,5,acetylcholine,2,7
84966,Tm3,28945,LC4,5,acetylcholine,15,3
83937,T2,28945,LC4,5,acetylcholine,10,12
81462,T2,28945,LC4,5,acetylcholine,6,8
80831,T2,28945,LC4,5,acetylcholine,30,10
79499,T2,28945,LC4,5,acetylcholine,27,2
77536,T2,28945,LC4,5,acetylcholine,24,3
76503,Tm4,28945,LC4,5,acetylcholine,20,7
74676,T2,28945,LC4,5,acetylcholine,17,9
74440,T2,28945,LC4,5,acetylcholine,30,5
69334,Y14,28945,LC4,5,glutamate,16,3
67031,Tm37,28945,LC4,5,glutamate,17,3
66871,T2,28945,LC4,5,acetylcholine,26,19
65363,Tm2,28945,LC4,5,acetylcholine,5,27
65036,Tm2,28945,LC4,5,acetylcholine,11,15
64976,Tm2,28945,LC4,5,acetylcholine,30,22
62579,Tm2,28945,LC4,5,acetylcholine,26,3
61453,Tm2,28945,LC4,5,acetylcholine,18,3
59935,Tm2,28945,LC4,5,acetylcholine,13,9
54718,Tlp13,28945,LC4,5,glutamate,21,10
54132,Tm2,28945,LC4,5,acetylcholine,27,19
53684,Li14,28945,LC4,5,glutamate,19,3
49559,Y12,28945,LC4,5,glutamate,23,10
42713,Li15,28945,LC4,5,gaba,2,19
34308,Li25,28945,LC4,5,gaba,11,28
25870,LPLC1,28945,LC4,5,acetylcholine,31,3
24338,LC4,28945,LC4,5,acetylcholine,27,7
23792,LC4,28945,LC4,5,acetylcholine,20,7
22328,LC4,28945,LC4,5,acetylcholine,26,21
18689,TmY19a,28945,LC4,5,gaba,19,2
17289,Li29,28945,LC4,5,gaba,13,1
14155,CB2940,28945,LC4,5,acetylcholine,17,17
135510,Tm12,19634,LC4,5,acetylcholine,20,3
134179,Tm3,19634,LC4,5,acetylcholine,13,26
123723,TmY18,19634,LC4,5,acetylcholine,21,3
115573,Tm4,19634,LC4,5,acetylcholine,3,25
114204,Tm4,19634,LC4,5,acetylcholine,31,13
113255,Tm4,19634,LC4,5,acetylcholine,16,6
104840,Tm37,19634,LC4,5,glutamate,22,3
93333,T2,19634,LC4,5,acetylcholine,23,7
84800,Tm3,19634,LC4,5,acetylcholine,23,3
84270,T2,19634,LC4,5,acetylcholine,7,25
83148,T2,19634,LC4,5,acetylcholine,30,26
81668,Tm2,19634,LC4,5,acetylcholine,24,3
81094,T2,19634,LC4,5,acetylcholine,24,26
80376,TmY3,19634,LC4,5,acetylcholine,23,21
80084,T2,19634,LC4,5,acetylcholine,20,3
79492,Tm2,19634,LC4,5,acetylcholine,25,3
77928,Tm4,19634,LC4,5,acetylcholine,26,3
77910,Tm3,19634,LC4,5,acetylcholine,10,14
76041,T2,19634,LC4,5,acetylcholine,30,19
73069,T2,19634,LC4,5,acetylcholine,7,15
71134,T2,19634,LC4,5,acetylcholine,5,12
60178,Tm2,19634,LC4,5,acetylcholine,15,10
54791,Tm2,19634,LC4,5,acetylcholine,27,3
54338,Tm2,19634,LC4,5,acetylcholine,5,31
53172,Tm2,19634,LC4,5,acetylcholine,28,3
52163,TmY3,19634,LC4,5,acetylcholine,10,16
46268,Tlp13,19634,LC4,5,glutamate,1,28
38704,Y11,19634,LC4,5,glutamate,5,30
24612,Li26,19634,LC4,5,gaba,3,17
23751,LPLC1,19634,LC4,5,acetylcholine,28,25
21336,LC4,19634,LC4,5,acetylcholine,14,15
20535,LPLC2,19634,LC4,5,acetylcholine,29,3
15497,TmY19a,19634,LC4,5,gaba,10,7
14106,CB2664,19634,LC4,5,acetylcholine,4,17
12475,LoVC15,19634,LC4,5,gaba,17,20
75416,Tm3,17548,LC4,5,acetylcholine,30,3
72300,Tm3,17548,LC4,5,acetylcholine,7,2
68637,T2,17548,LC4,5,acetylcholine,9,13
68293,T2,17548,LC4,5,acetylcholine,23,27
67801,Tm4,17548,LC4,5,acetylcholine,10,6
65690,Tm4,17548,LC4,5,acetylcholine,31,3
65052,T2,17548,LC4,5,acetylcholine,28,31
64960,T2,17548,LC4,5,acetylcholine,14,15
64460,T2,17548,LC4,5,acetylcholine,14,30
63400,Tm4,17548,LC4,5,acetylcholine,26,10
62980,Tm4,17548,LC4,5,acetylcholine,10,5
61885,T2,17548,LC4,5,acetylcholine,6,18
61683,Tm4,17548,LC4,5,acetylcholine,0,4
61370,T2,17548,LC4,5,acetylcholine,9,9
60660,T2,17548,LC4,5,acetylcholine,22,0
59358,Tm4,17548,LC4,5,acetylcholine,5,25
59323,T2,17548,LC4,5,acetylcholine,16,7
58744,T2,17548,LC4,5,acetylcholine,16,22
52761,Tm2,17548,LC4,5,acetylcholine,10,26
51366,Tm2,17548,LC4,5,acetylcholine,12,5
50113,Tm37,17548,LC4,5,glutamate,1,4
49364,Tm2,17548,LC4,5,acetylcholine,1,3
49245,Tm39,17548,LC4,5,acetylcholine,2,4
48857,LLPC2,17548,LC4,5,acetylcholine,3,4
48747,Tm2,17548,LC4,5,acetylcholine,14,2
47797,Tm37,17548,LC4,5,glutamate,4,4
47469,Tm2,17548,LC4,5,acetylcholine,12,13
45683,Tlp12,17548,LC4,5,glutamate,5,4
42961,Y11,17548,LC4,5,glutamate,6,4
42876,Tm2,17548,LC4,5,acetylcholine,13,19
39149,Tm16,17548,LC4,5,acetylcholine,7,4
37484,Li26,17548,LC4,5,gaba,2,11
35072,LC9,17548,LC4,5,acetylcholine,14,25
33052,LC9,17548,LC4,5,acetylcholine,21,13
30370,Li15,17548,LC4,5,gaba,0,14
25584,LC4,17548,LC4,5,acetylcholine,17,12
23906,LPLC1,17548,LC4,5,acetylcholine,11,9
22110,TmY14,17548,LC4,5,acetylcholine,8,4
22034,LC4,17548,LC4,5,acetylcholine,14,15
20399,LC4,17548,LC4,5,acetylcholine,31,9
18189,LC4,17548,LC4,5,acetylcholine,4,11
17054,LC4,17548,LC4,5,acetylcholine,9,4
16545,Li28,17548,LC4,5,gaba,30,0
15194,TmY19a,17548,LC4,5,gaba,23,10
12475,LoVC15,17548,LC4,5,gaba,17,20
10302,Li38,17548,LC4,5,gaba,16,9
10297,LHAD1g1,17548,LC4,5,gaba,31,29
544461,T2,21721,LC4,5,acetylcholine,0,22
543171,Tm5c,21721,LC4,5,glutamate,9,4
537432,T2,21721,LC4,5,acetylcholine,22,21
536884,Tm4,21721,LC4,5,acetylcholine,5,7
536438,Tm4,21721,LC4,5,acetylcholine,0,9
531862,LT41,21721,LC4,5,gaba,31,3
521610,Li25,21721,LC4,5,gaba,1,27
518729,TmY3,21721,LC4,5,acetylcholine,5,16
515570,T2,21721,LC4,5,acetylcholine,0,23
513183,Tm4,21721,LC4,5,acetylcholine,31,30
512121,CB1280,21721,LC4,5,acetylcholine,12,21
139674,Tm4,21721,LC4,5,acetylcholine,5,5
132278,T2,21721,LC4,5,acetylcholine,4,9
94162,Tm3,21721,LC4,5,acetylcholine,23,19
88186,Tm3,21721,LC4,5,acetylcholine,10,4
86677,Tm2,21721,LC4,5,acetylcholine,10,10
84077,T2,21721,LC4,5,acetylcholine,19,25
84000,Tm4,21721,LC4,5,acetylcholine,11,10
82367,Tm4,21721,LC4,5,acetylcholine,21,28
81519,Tm4,21721,LC4,5,acetylcholine,17,9
73496,Tm2,21721,LC4,5,acetylcholine,11,4
72882,Tm4,21721,LC4,5,acetylcholine,6,7
71553,LO_unclear,21721,LC4,5,glutamate,12,4
66974,Tm37,21721,LC4,5,glutamate,2,4
66757,Tm2,21721,LC4,5,acetylcholine,13,4
61733,Tm2,21721,LC4,5,acetylcholine,14,4
61209,Tm4,21721,LC4,5,acetylcholine,7,5
57728,Tlp12,21721,LC4,5,glutamate,18,21
53814,LoVP1,21721,LC4,5,glutamate,15,4
38423,CB2940,21721,LC4,5,acetylcholine,28,5
28252,Li25,21721,LC4,5,gaba,13,10
27998,LC9,21721,LC4,5,acetylcholine,29,22
27750,LC4,21721,LC4,5,acetylcholine,19,19
19772,Tm4,21721,LC4,5,acetylcholine,16,4
18478,LC4,21721,LC4,5,acetylcholine,11,14
13600,CB2664,21721,LC4,5,acetylcholine,10,21
12710,LoVC14,21721,LC4,5,gaba,27,22
12680,TmY19a,21721,LC4,5,gaba,9,9
543264,Li21,16917,LC4,5,acetylcholine,17,4
533254,TmY3,16917,LC4,5,acetylcholine,10,10
532254,LC4,16917,LC4,5,acetylcholine,8,30
530135,Li14,16917,LC4,5,glutamate,9,22
524914,Tm4,16917,LC4,5,acetylcholine,10,19
519736,Tm2,16917,LC4,5,acetylcholine,9,10
519639,T2,16917,LC4,5,acetylcholine,28,31
516034,Tm3,16917,LC4,5,acetylcholine,18,4
515476,LC4,16917,LC4,5,acetylcholine,2,20
514956,LC4,16917,LC4,5,acetylcholine,9,11
514382,Tm3,16917,LC4,5,acetylcholine,0,1
514281,Tm3,16917,LC4,5,acetylcholine,26,23
514216,Tm4,16917,LC4,5,acetylcholine,0,20
133168,Tm4,16917,LC4,5,acetylcholine,7,28
132457,T2,16917,LC4,5,acetylcholine,22,28
113077,Tm5Y,16917,LC4,5,acetylcholine,19,4
98666,Y14,16917,LC4,5,glutamate,20,4
80214,TmY18,16917,LC4,5,acetylcholine,21,4
74322,TmY19b,16917,LC4,5,gaba,13,12
68888,T2,16917,LC4,5,acetylcholine,12,22
35262,LC4,16917,LC4,5,acetylcholine,5,22
31429,LC4,16917,LC4,5,acetylcholine,11,7
27750,LC4,16917,LC4,5,acetylcholine,19,19
18396,LC4,16917,LC4,5,acetylcholine,20,31
16475,PVLP024,16917,LC4,5,gaba,20,7
12255,PVLP019,16917,LC4,5,gaba,4,11
11085,Li38,16917,LC4,5,gaba,22,4
10251,MeVP53,16917,LC4,5,gaba,13,27
531862,LT41,532254,LC4,5,gaba,31,3
529234,T2,532254,LC4,5,acetylcholine,9,0
526286,LC4,532254,LC4,5,acetylcholine,2,21
520667,Li25,532254,LC4,5,gaba,2,29
518544,LC4,532254,LC4,5,acetylcholine,13,20
174951,Tm3,532254,LC4,5,acetylcholine,23,4
156646,T2,532254,LC4,5,acetylcholine,21,26
148972,Tm3,532254,LC4,5,acetylcholine,24,4
142564,Tm4,532254,LC4,5,acetylcholine,11,0
137667,Tm2,532254,LC4,5,acetylcholine,25,4
135873,Tm2,532254,LC4,5,acetylcholine,15,14
131834,Li14,532254,LC4,5,glutamate,28,14
107817,Tm5Y,532254,LC4,5,acetylcholine,26,4
105089,T2,532254,LC4,5,acetylcholine,27,4
92496,T2,532254,LC4,5,acetylcholine,29,13
91855,Tm4,532254,LC4,5,acetylcholine,12,4
87739,Tlp13,532254,LC4,5,glutamate,8,24
87700,Tm2,532254,LC4,5,acetylcholine,28,4
82930,Tm2,532254,LC4,5,acetylcholine,29,4
67272,Tm37,532254,LC4,5,glutamate,30,4
32222,TmY15,532254,LC4,5,gaba,31,4
30769,Tm4,532254,LC4,5,acetylcholine,22,21
29702,LPLC2,532254,LC4,5,acetylcholine,0,5
29417,LC4,532254,LC4,5,acetylcholine,15,22
22715,Li16,532254,LC4,5,glutamate,25,15
16917,LC4,532254,LC4,5,acetylcholine,10,27
16475,PVLP024,532254,LC4,5,gaba,20,7
12349,LC4,532254,LC4,5,acetylcholine,2,20
12032,LC4,532254,LC4,5,acetylcholine,27,2
549466,Tm4,18432,LC4,5,acetylcholine,12,28
535218,Tm4,18432,LC4,5,acetylcholine,28,7
533129,LC4,18432,LC4,5,acetylcholine,2,22
525847,Tm3,18432,LC4,5,acetylcholine,1,5
524556,Tm2,18432,LC4,5,acetylcholine,2,5
517373,Li25,18432,LC4,5,gaba,3,5
517155,TmY15,18432,LC4,5,gaba,4,5
516160,Y14,18432,LC4,5,glutamate,17,15
514971,Li13,18432,LC4,5,gaba,14,6
512494,TmY19b,18432,LC4,5,gaba,9,27
110246,Tm4,18432,LC4,5,acetylcholine,31,5
100485,LC4,18432,LC4,5,acetylcholine,23,20
82547,Tm3,18432,LC4,5,acetylcholine,23,29
82087,Tm3,18432,LC4,5,acetylcholine,5,5
62996,Li14,18432,LC4,5,glutamate,6,5
47152,Tm4,18432,LC4,5,acetylcholine,25,9
45327,Y11,18432,LC4,5,glutamate,7,5
33137,LC4,18432,LC4,5,acetylcholine,22,15
32367,Li26,18432,LC4,5,gaba,8,5
29514,LC4,18432,LC4,5,acetylcholine,15,27
23275,T2,18432,LC4,5,acetylcholine,1,20
17785,TmY19a,18432,LC4,5,gaba,26,20
15261,CB2664,18432,LC4,5,acetylcholine,5,0
13405,CB4179,18432,LC4,5,gaba,11,17
11524,TmY19a,18432,LC4,5,gaba,11,15
10251,MeVP53,18432,LC4,5,gaba,13,27
10158,LT56,18432,LC4,5,glutamate,31,5
10074,PVLP010,18432,LC4,5,glutamate,6,4
546283,Tm3,16809,LC4,5,acetylcholine,11,6
543471,Tm3,16809,LC4,5,acetylcholine,9,5
533980,TmY3,16809,LC4,5,acetylcholine,16,27
533911,T2,16809,LC4,5,acetylcholine,0,30
529908,Tm4,16809,LC4,5,acetylcholine,10,5
524563,T2,16809,LC4,5,acetylcholine,4,26
518814,Tm2,16809,LC4,5,acetylcholine,11,5
518327,Tm2,16809,LC4,5,acetylcholine,12,5
516470,Y14,16809,LC4,5,glutamate,13,5
515656,Li25,16809,LC4,5,gaba,13,6
107465,Tm4,16809,LC4,5,acetylcholine,7,26
101189,Tm3,16809,LC4,5,acetylcholine,6,22
89823,Tm4,16809,LC4,5,acetylcholine,6,0
86164,Tm4,16809,LC4,5,acetylcholine,14,5
76629,TmY3,16809,LC4,5,acetylcholine,14,7
75059,T2,16809,LC4,5,acetylcholine,3,6
69825,Tm2,16809,LC4,5,acetylcholine,2,28
67326,Tm2,16809,LC4,5,acetylcholine,19,10
65910,Tm2,16809,LC4,5,acetylcholine,15,5
65731,T2,16809,LC4,5,acetylcholine,6,18
57651,Li14,16809,LC4,5,glutamate,26,6
52157,Tm3,16809,LC4,5,acetylcholine,16,5
47805,Tlp12,16809,LC4,5,glutamate,7,23
42988,TmY3,16809,LC4,5,acetylcholine,19,16
41656,Y11,16809,LC4,5,glutamate,17,5
41252,Tlp13,16809,LC4,5,glutamate,18,5
39597,TmY19a,16809,LC4,5,gaba,5,15
32597,LC4,16809,LC4,5,acetylcholine,23,4
29514,LC4,16809,LC4,5,acetylcholine,15,27
29417,LC4,16809,LC4,5,acetylcholine,15,22
23728,T2,16809,LC4,5,acetylcholine,19,11
19365,Li17,16809,LC4,5,gaba,10,11
18350,PVLP046,16809,LC4,5,gaba,25,3
13485,MeLo8,16809,LC4,5,gaba,29,11
133965,Tm3,19954,LC4,5,acetylcholine,19,5
109556,T5c,19954,LC4,5,acetylcholine,20,5
100831,Tm4,19954,LC4,5,acetylcholine,21,7
74528,Tm4,19954,LC4,5,acetylcholine,21,5
72426,Tm3,19954,LC4,5,acetylcholine,22,5
71390,Tm4,19954,LC4,5,acetylcholine,23,5
71131,Tm3,19954,LC4,5,acetylcholine,24,5
70015,T2,19954,LC4,5,acetylcholine,30,29
68449,Tm5Y,19954,LC4,5,acetylcholine,25,5
68240,T2,19954,LC4,5,acetylcholine,4,22
63362,Tm4,19954,LC4,5,acetylcholine,1,31
62911,Tm4,19954,LC4,5,acetylcholine,20,24
62382,Tm37,19954,LC4,5,glutamate,12,21
51824,Y14,19954,LC4,5,glutamate,7,13
50331,Tm2,19954,LC4,5,acetylcholine,2,27
40527,Y12,19954,LC4,5,glutamate,26,5
39381,Tlp12,19954,LC4,5,glutamate,26,27
37614,MeLo2,19954,LC4,5,acetylcholine,27,5
27780,Tlp14,19954,LC4,5,glutamate,25,25
27671,LO_unclear,19954,LC4,5,gaba,15,13
27471,LPLC2,19954,LC4,5,acetylcholine,4,11
22218,LPLC2,19954,LC4,5,acetylcholine,31,5
21804,LC4,19954,LC4,5,acetylcholine,8,22
20588,LC4,19954,LC4,5,acetylcholine,30,9
20542,LC4,19954,LC4,5,acetylcholine,8,4
19794,LC4,19954,LC4,5,acetylcholine,31,18
19470,TmY19a,19954,LC4,5,gaba,15,23
18189,LC4,19954,LC4,5,acetylcholine,4,11
16628,LC4,19954,LC4,5,acetylcholine,30,29
16260,Li17,19954,LC4,5,gaba,4,26
13850,Li29,19954,LC4,5,gaba,28,11
11378,CB1280,19954,LC4,5,acetylcholine,29,16
10480,MeVP53,19954,LC4,5,gaba,11,7
547645,Tm4,17668,LC4,5,acetylcholine,14,8
167564,Tm3,17668,LC4,5,acetylcholine,28,5
166122,TmY18,17668,LC4,5,acetylcholine,29,5
156472,TmY18,17668,LC4,5,acetylcholine,30,5
146731,TmY18,17668,LC4,5,acetylcholine,31,5
134624,Tm3,17668,LC4,5,acetylcholine,0,6
117844,TmY18,17668,LC4,5,acetylcholine,1,6
117544,Tm5c,17668,LC4,5,glutamate,2,6
116273,Tm4,17668,LC4,5,acetylcholine,14,12
112588,Tm4,17668,LC4,5,acetylcholine,3,6
105205,Tm4,17668,LC4,5,acetylcholine,4,6
104209,Tm4,17668,LC4,5,acetylcholine,5,6
102261,Tm5Y,17668,LC4,5,acetylcholine,6,6
96058,Tm3,17668,LC4,5,acetylcholine,7,6
95504,T5c,17668,LC4,5,acetylcholine,8,6
93526,Tm37,17668,LC4,5,glutamate,23,26
87495,T2,17668,LC4,5,acetylcholine,13,9
82257,T2,17668,LC4,5,acetylcholine,18,5
82279,TmY3,17668,LC4,5,acetylcholine,16,28
81341,Tm4,17668,LC4,5,acetylcholine,21,14
81288,T2,17668,LC4,5,acetylcholine,14,30
78116,T2,17668,LC4,5,acetylcholine,0,31
76359,Tm4,17668,LC4,5,acetylcholine,6,4
75283,T2,17668,LC4,5,acetylcholine,9,6
74853,Tm3,17668,LC4,5,acetylcholine,10,6
74527,Tm3,17668,LC4,5,acetylcholine,11,6
74137,Tm2,17668,LC4,5,acetylcholine,26,29
71134,T2,17668,LC4,5,acetylcholine,5,12
70250,Tm4,17668,LC4,5,acetylcholine,21,23
65266,Tm4,17668,LC4,5,acetylcholine,11,4
64442,Tm3,17668,LC4,5,acetylcholine,18,28
64019,Y14,17668,LC4,5,glutamate,12,6
63422,Tm37,17668,LC4,5,glutamate,16,27
60643,Tm3,17668,LC4,5,acetylcholine,13,6
57870,Tm2,17668,LC4,5,acetylcholine,14,6
56791,Tm2,17668,LC4,5,acetylcholine,28,0
51988,TmY3,17668,LC4,5,acetylcholine,18,15
50769,Tm2,17668,LC4,5,acetylcholine,15,6
50702,Tm2,17668,LC4,5,acetylcholine,29,10
50668,Y14,17668,LC4,5,glutamate,16,6
47230,Tm2,17668,LC4,5,acetylcholine,17,6
46268,Tlp13,17668,LC4,5,glutamate,1,28
45374,Tlp12,17668,LC4,5,glutamate,18,6
35048,Li34a,17668,LC4,5,gaba,19,6
32802,MeLo2,17668,LC4,5,acetylcholine,20,6
31487,Li25,17668,LC4,5,gaba,21,6
31262,LC4,17668,LC4,5,acetylcholine,20,18
31029,Li15,17668,LC4,5,gaba,4,3
26524,LC9,17668,LC4,5,acetylcholine,24,3
19954,LC4,17668,LC4,5,acetylcholine,19,27
19454,PVLP024,17668,LC4,5,gaba,3,11
17364,LC4,17668,LC4,5,acetylcholine,21,11
16459,PVLP024,17668,LC4,5,gaba,5,15
10297,LHAD1g1,17668,LC4,5,gaba,31,29
580402,LC9,20859,LC4,5,acetylcholine,3,17
557955,Tlp12,20859,LC4,5,glutamate,28,4
537985,T2,20859,LC4,5,acetylcholine,27,2
534604,Tm2,20859,LC4,5,acetylcholine,22,6
532254,LC4,20859,LC4,5,acetylcholine,8,30
531900,CB4179,20859,LC4,5,gaba,23,6
530331,T2,20859,LC4,5,acetylcholine,24,22
530315,TmY3,20859,LC4,5,acetylcholine,4,5
528967,Tlp13,20859,LC4,5,glutamate,19,21
524623,Tm3,20859,LC4,5,acetylcholine,24,6
522890,T2,20859,LC4,5,acetylcholine,2,0
519180,Tm5c,20859,LC4,5,glutamate,25,6
518767,Tm3,20859,LC4,5,acetylcholine,26,6
518562,Tm3,20859,LC4,5,acetylcholine,27,6
517292,MeLo13,20859,LC4,5,glutamate,28,6
516037,Tm37,20859,LC4,5,glutamate,29,6
515852,Tm4,20859,LC4,5,acetylcholine,21,1
515853,Tm4,20859,LC4,5,acetylcholine,30,6
515639,MeLo2,20859,LC4,5,acetylcholine,31,6
515622,T2,20859,LC4,5,acetylcholine,2,8
515662,T2,20859,LC4,5,acetylcholine,18,9
515125,Tm4,20859,LC4,5,acetylcholine,15,19
514648,Li25,20859,LC4,5,gaba,25,22
514407,Li29,20859,LC4,5,gaba,1,23
512383,T2,20859,LC4,5,acetylcholine,8,18
511964,Tm2,20859,LC4,5,acetylcholine,0,7
123011,Tm37,20859,LC4,5,glutamate,1,7
104609,T2,20859,LC4,5,acetylcholine,30,0
84257,T2,20859,LC4,5,acetylcholine,26,22
72235,Tm37,20859,LC4,5,glutamate,2,7
70140,Tm3,20859,LC4,5,acetylcholine,3,7
56707,Tm3,20859,LC4,5,acetylcholine,4,7
49414,Tlp14,20859,LC4,5,glutamate,15,21
48917,Tm2,20859,LC4,5,acetylcholine,5,7
45174,LLPC2,20859,LC4,5,acetylcholine,17,5
44353,Tm5Y,20859,LC4,5,acetylcholine,6,7
36001,Tm3,20859,LC4,5,acetylcholine,7,7
35929,LC9,20859,LC4,5,acetylcholine,7,8
34331,Tlp14,20859,LC4,5,glutamate,8,7
32888,Tlp14,20859,LC4,5,glutamate,9,7
32446,Tm2,20859,LC4,5,acetylcholine,26,23
28451,LC9,20859,LC4,5,acetylcholine,10,2
27194,PVLP046,20859,LC4,5,gaba,18,3
27136,MeLo2,20859,LC4,5,acetylcholine,16,18
25680,Tlp13,20859,LC4,5,glutamate,10,7
24523,LC4,20859,LC4,5,acetylcholine,30,17
23832,Li26,20859,LC4,5,gaba,13,19
21684,LPLC1,20859,LC4,5,acetylcholine,26,6
21361,LPLC2,20859,LC4,5,acetylcholine,11,7
20967,LC4,20859,LC4,5,acetylcholine,23,8
20013,Li26,20859,LC4,5,gaba,4,0
19506,Tm4,20859,LC4,5,acetylcholine,3,24
18250,Y12,20859,LC4,5,glutamate,12,7
17939,PVLP046,20859,LC4,5,gaba,1,19
14690,TmY19a,20859,LC4,5,gaba,10,17
11927,PVLP122,20859,LC4,5,acetylcholine,18,1
10220,LoVC16,20859,LC4,5,glutamate,13,7
518733,AN17B013,38065,LC4,5,gaba,2,14
103424,TmY18,38065,LC4,5,acetylcholine,14,7
97913,T2,38065,LC4,5,acetylcholine,13,23
94843,Y14,38065,LC4,5,glutamate,15,7
88727,Tm4,38065,LC4,5,acetylcholine,16,7
86323,Tm4,38065,LC4,5,acetylcholine,21,31
85194,Tm3,38065,LC4,5,acetylcholine,29,7
84741,Tm3,38065,LC4,5,acetylcholine,27,2
82915,Tm4,38065,LC4,5,acetylcholine,28,6
75536,T2,38065,LC4,5,acetylcholine,10,4
75263,Tm4,38065,LC4,5,acetylcholine,30,12
73334,Tm37,38065,LC4,5,glutamate,16,7
72612,T2,38065,LC4,5,acetylcholine,3,18
70668,Tm4,38065,LC4,5,acetylcholine,17,18
65774,T2,38065,LC4,5,acetylcholine,24,28
63933,Tm2,38065,LC4,5,acetylcholine,17,7
57250,Tm2,38065,LC4,5,acetylcholine,2,28
56846,Tm2,38065,LC4,5,acetylcholine,22,10
35759,Y11,38065,LC4,5,glutamate,23,25
31287,LC9,38065,LC4,5,acetylcholine,18,7
30804,Li15,38065,LC4,5,gaba,23,28
22966,LC4,38065,LC4,5,acetylcholine,24,27
22034,LC4,38065,LC4,5,acetylcholine,14,15
20808,LC4,38065,LC4,5,acetylcholine,29,21
20282,LC4,38065,LC4,5,acetylcholine,27,21
20016,LC4,38065,LC4,5,acetylcholine,12,16
16659,PVLP011,38065,LC4,5,gaba,11,20
15073,MeLo8,38065,LC4,5,gaba,15,4
13850,Li29,38065,LC4,5,gaba,28,11
545170,Tm4,27829,LC4,5,acetylcholine,15,15
532254,LC4,27829,LC4,5,acetylcholine,8,30
523564,PVLP011,27829,LC4,5,gaba,14,16
518574,Tm4,27829,LC4,5,acetylcholine,19,7
518205,Tm4,27829,LC4,5,acetylcholine,17,1
517966,Tm4,27829,LC4,5,acetylcholine,13,28
511914,LC4,27829,LC4,5,acetylcholine,18,22
123848,Tm4,27829,LC4,5,acetylcholine,7,31
101849,T2,27829,LC4,5,acetylcholine,2,7
65902,Tm37,27829,LC4,5,glutamate,20,7
51502,Tm2,27829,LC4,5,acetylcholine,0,8
51319,Tm37,27829,LC4,5,glutamate,21,7
43848,Y12,27829,LC4,5,glutamate,22,7
42892,Y14,27829,LC4,5,glutamate,23,7
38128,Li25,27829,LC4,5,gaba,0,2
34581,T2,27829,LC4,5,acetylcholine,13,8
33137,LC4,27829,LC4,5,acetylcholine,22,15
29147,Tm3,27829,LC4,5,acetylcholine,24,7
24661,T2,27829,LC4,5,acetylcholine,20,27
23226,LC4,27829,LC4,5,acetylcholine,1,2
20434,PVLP046,27829,LC4,5,gaba,0,21
17478,LC4,27829,LC4,5,acetylcholine,0,10
10345,LT40,27829,LC4,5,gaba,16,3
117551,Tm3,17926,LC4,5,acetylcholine,26,20
112646,Tm4,17926,LC4,5,acetylcholine,28,31
98862,Tm3,17926,LC4,5,acetylcholine,25,7
71029,T2,17926,LC4,5,acetylcholine,13,11
70461,Tm4,17926,LC4,5,acetylcholine,26,17
69799,Tm4,17926,LC4,5,acetylcholine,1,1
69587,T2,17926,LC4,5,acetylcholine,17,28
68293,T2,17926,LC4,5,acetylcholine,23,27
65352,Tm4,17926,LC4,5,acetylcholine,5,16
63623,T2,17926,LC4,5,acetylcholine,29,29
62333,Tm4,17926,LC4,5,acetylcholine,26,7
61946,Tm3,17926,LC4,5,acetylcholine,27,7
52239,Tm2,17926,LC4,5,acetylcholine,28,7
51092,Tm2,17926,LC4,5,acetylcholine,29,7
49555,Tm2,17926,LC4,5,acetylcholine,17,25
48609,TmY3,17926,LC4,5,acetylcholine,1,6
48551,Tm5Y,17926,LC4,5,acetylcholine,30,7
47457,Tm2,17926,LC4,5,acetylcholine,31,7
45207,TmY4,17926,LC4,5,acetylcholine,0,8
42137,Tlp12,17926,LC4,5,glutamate,20,29
37412,Tm4,17926,LC4,5,acetylcholine,20,25
35559,LLPC2,17926,LC4,5,acetylcholine,1,8
34449,Y11,17926,LC4,5,glutamate,2,8
21703,LPLC2,17926,LC4,5,acetylcholine,3,30
20694,LPLC2,17926,LC4,5,acetylcholine,3,8
19924,CB2664,17926,LC4,5,acetylcholine,30,26
19543,LC4,17926,LC4,5,acetylcholine,18,9
15194,TmY19a,17926,LC4,5,gaba,23,10
547237,Tm2,31262,LC4,5,acetylcholine,20,11
527408,LC4,31262,LC4,5,acetylcholine,29,9
151356,Tm3,31262,LC4,5,acetylcholine,4,8
143671,T5a,31262,LC4,5,acetylcholine,5,8
132156,T2,31262,LC4,5,acetylcholine,6,8
129521,T5b,31262,LC4,5,acetylcholine,7,8
115910,Tm4,31262,LC4,5,acetylcholine,8,8
113802,T2,31262,LC4,5,acetylcholine,23,13
104477,T2,31262,LC4,5,acetylcholine,9,8
99110,Tm4,31262,LC4,5,acetylcholine,10,8
98500,T2,31262,LC4,5,acetylcholine,28,27
96490,Tm4,31262,LC4,5,acetylcholine,11,8
93146,Tm4,31262,LC4,5,acetylcholine,12,8
92651,Tm2,31262,LC4,5,acetylcholine,13,8
91064,Tm4,31262,LC4,5,acetylcholine,14,8
89849,Tm3,31262,LC4,5,acetylcholine,26,25
87015,T2,31262,LC4,5,acetylcholine,10,18
85082,T2,31262,LC4,5,acetylcholine,17,26
84750,T2,31262,LC4,5,acetylcholine,0,14
77084,T2,31262,LC4,5,acetylcholine,2,1
73780,Tm2,31262,LC4,5,acetylcholine,29,25
72629,Li27,31262,LC4,5,gaba,31,11
72532,Tm2,31262,LC4,5,acetylcholine,15,8
70918,Tm2,31262,LC4,5,acetylcholine,16,8
70460,T2,31262,LC4,5,acetylcholine,24,21
69672,T2,31262,LC4,5,acetylcholine,28,23
67879,Tm5Y,31262,LC4,5,acetylcholine,17,8
64679,Tm37,31262,LC4,5,glutamate,18,8
61552,Tm2,31262,LC4,5,acetylcholine,19,8
60537,Tm2,31262,LC4,5,acetylcholine,30,15
59163,Y14,31262,LC4,5,glutamate,20,8
59151,Tm37,31262,LC4,5,glutamate,21,8
58148,Y13,31262,LC4,5,glutamate,22,8
47303,Y12,31262,LC4,5,glutamate,0,29
47197,Li13,31262,LC4,5,gaba,27,25
45769,Tlp12,31262,LC4,5,glutamate,28,21
39306,Tlp13,31262,LC4,5,glutamate,23,8
33474,SAD049,31262,LC4,5,acetylcholine,24,18
33309,LC9,31262,LC4,5,acetylcholine,30,23
30034,TmY19a,31262,LC4,5,gaba,13,19
24973,TmY19a,31262,LC4,5,gaba,3,8
22975,LC4,31262,LC4,5,acetylcholine,30,0
22034,LC4,31262,LC4,5,acetylcholine,14,15
17266,LC4,31262,LC4,5,acetylcholine,7,29
13797,Li29,31262,LC4,5,gaba,8,29
13736,LoVC15,31262,LC4,5,gaba,15,13
540362,Tm4,23226,LC4,5,acetylcholine,4,28
539828,Y14,23226,LC4,5,glutamate,24,8
539141,TmY18,23226,LC4,5,acetylcholine,24,18
534883,T2,23226,LC4,5,acetylcholine,18,31
533255,T2,23226,LC4,5,acetylcholine,23,0
532771,T2,23226,LC4,5,acetylcholine,27,19
523410,T2,23226,LC4,5,acetylcholine,21,9
518016,LC4,23226,LC4,5,acetylcholine,11,9
513904,SAD049,23226,LC4,5,acetylcholine,8,14
133537,Tm4,23226,LC4,5,acetylcholine,21,25
125927,LPLC1,23226,LC4,5,acetylcholine,23,23
82026,T2,23226,LC4,5,acetylcholine,7,8
81081,Tm2,23226,LC4,5,acetylcholine,8,28
39967,Y12,23226,LC4,5,glutamate,17,0
39470,MeLo2,23226,LC4,5,acetylcholine,25,8
37183,Li25,23226,LC4,5,gaba,23,25
35843,Y3,23226,LC4,5,acetylcholine,26,8
33590,LC9,23226,LC4,5,acetylcholine,13,23
33373,Tlp11,23226,LC4,5,glutamate,27,8
32717,Tm4,23226,LC4,5,acetylcholine,17,20
31308,LC4,23226,LC4,5,acetylcholine,23,5
28734,Y12,23226,LC4,5,glutamate,28,8
28188,LPLC2,23226,LC4,5,acetylcholine,29,8
25438,SAD064,23226,LC4,5,acetylcholine,5,5
17653,LC4,23226,LC4,5,acetylcholine,13,6
17608,LC4,23226,LC4,5,acetylcholine,8,20
13875,MeLo8,23226,LC4,5,gaba,25,4
11766,Tm5Y,23226,LC4,5,acetylcholine,30,8
10345,LT40,23226,LC4,5,gaba,16,3
545918,Tm3,518983,LC4,5,acetylcholine,19,1
539372,TmY3,518983,LC4,5,acetylcholine,21,16
532515,Tm4,518983,LC4,5,acetylcholine,1,21
524778,Li26,518983,LC4,5,gaba,16,16
520291,T2,518983,LC4,5,acetylcholine,31,8
518730,LC4,518983,LC4,5,acetylcholine,22,23
517251,TmY3,518983,LC4,5,acetylcholine,3,21
90455,Tm4,518983,LC4,5,acetylcholine,0,9
79336,Tm4,518983,LC4,5,acetylcholine,1,9
78078,Tm3,518983,LC4,5,acetylcholine,19,11
71157,CB3513,518983,LC4,5,gaba,25,22
58089,Tm2,518983,LC4,5,acetylcholine,9,31
54221,T2,518983,LC4,5,acetylcholine,13,2
53925,Tm2,518983,LC4,5,acetylcholine,10,8
46868,Tlp12,518983,LC4,5,glutamate,21,22
44473,Tm4,518983,LC4,5,acetylcholine,4,14
44144,Tm4,518983,LC4,5,acetylcholine,2,9
41698,Y11,518983,LC4,5,glutamate,3,9
39913,LLPC2,518983,LC4,5,acetylcholine,4,9
36462,LLPC2,518983,LC4,5,acetylcholine,5,9
29898,LC9,518983,LC4,5,acetylcholine,6,21
27194,PVLP046,518983,LC4,5,gaba,18,3
25752,Tlp14,518983,LC4,5,glutamate,23,16
25739,Li26,518983,LC4,5,gaba,22,23
23724,Li26,518983,LC4,5,gaba,17,28
23202,LC4,518983,LC4,5,acetylcholine,10,14
21689,T2,518983,LC4,5,acetylcholine,24,22
19969,TmY19a,518983,LC4,5,gaba,5,29
18789,TmY19a,518983,LC4,5,gaba,12,2
17340,LC4,518983,LC4,5,acetylcholine,30,27
15994,CB3513,518983,LC4,5,gaba,13,14
13600,CB2664,518983,LC4,5,acetylcholine,10,21
13308,Li29,518983,LC4,5,gaba,14,19
12349,LC4,518983,LC4,5,acetylcholine,2,20
544845,LC29,12349,LC4,5,acetylcholine,6,9
542029,LLPC2,12349,LC4,5,acetylcholine,7,9
534801,Tm3,12349,LC4,5,acetylcholine,8,9
529410,Li13,12349,LC4,5,gaba,26,28
526630,Y14,12349,LC4,5,glutamate,9,9
524344,T2,12349,LC4,5,acetylcholine,10,9
520568,Tm3,12349,LC4,5,acetylcholine,11,9
520449,LC4,12349,LC4,5,acetylcholine,0,2
517576,T2,12349,LC4,5,acetylcholine,8,7
515900,LC4,12349,LC4,5,acetylcholine,0,23
146307,Tm3,12349,LC4,5,acetylcholine,12,9
139840,Tm3,12349,LC4,5,acetylcholine,19,16
136650,T2,12349,LC4,5,acetylcholine,16,10
90798,Y14,12349,LC4,5,glutamate,13,9
76006,Tm2,12349,LC4,5,acetylcholine,14,9
72917,Tm2,12349,LC4,5,acetylcholine,1,25
67878,Tm2,12349,LC4,5,acetylcholine,15,9
58294,Tm4,12349,LC4,5,acetylcholine,16,9
45756,Li14,12349,LC4,5,glutamate,17,9
39597,TmY19a,12349,LC4,5,gaba,5,15
35616,LC4,12349,LC4,5,acetylcholine,25,2
34881,Tm3,12349,LC4,5,acetylcholine,18,9
31409,Li26,12349,LC4,5,gaba,3,17
31301,LC4,12349,LC4,5,acetylcholine,12,9
30172,LC9,12349,LC4,5,acetylcholine,5,25
24790,TmY19a,12349,LC4,5,gaba,12,18
23537,TmY19b,12349,LC4,5,unclear,7,15
21419,TmY19a,12349,LC4,5,gaba,2,10
14488,LC9,12349,LC4,5,acetylcholine,8,0
14209,Li28,12349,LC4,5,gaba,7,1
12052,LPLC1,12349,LC4,5,acetylcholine,19,9
11927,PVLP122,12349,LC4,5,acetylcholine,18,1
526448,MeLo2,23098,LC4,5,acetylcholine,18,29
110703,Tm4,23098,LC4,5,acetylcholine,29,4
109593,Tm3,23098,LC4,5,acetylcholine,22,26
103240,Tm4,23098,LC4,5,acetylcholine,17,17
78911,Tm3,23098,LC4,5,acetylcholine,20,9
78825,Tm2,23098,LC4,5,acetylcholine,21,9
71933,T2,23098,LC4,5,acetylcholine,23,0
71578,Tm2,23098,LC4,5,acetylcholine,17,11
70910,Tm2,23098,LC4,5,acetylcholine,26,30
70516,T2,23098,LC4,5,acetylcholine,3,9
69978,T2,23098,LC4,5,acetylcholine,19,7
69961,Tm3,23098,LC4,5,acetylcholine,17,26
69558,T2,23098,LC4,5,acetylcholine,6,9
67129,Tm4,23098,LC4,5,acetylcholine,27,29
66956,T2,23098,LC4,5,acetylcholine,4,9
63362,Tm4,23098,LC4,5,acetylcholine,1,31
63332,T2,23098,LC4,5,acetylcholine,3,31
62856,T2,23098,LC4,5,acetylcholine,8,9
62488,T2,23098,LC4,5,acetylcholine,15,31
61394,T2,23098,LC4,5,acetylcholine,7,16
60438,T2,23098,LC4,5,acetylcholine,1,13
47398,Tm2,23098,LC4,5,acetylcholine,20,0
46346,Li29,23098,LC4,5,gaba,2,11
43277,Tlp12,23098,LC4,5,glutamate,22,9
29479,TmY15,23098,LC4,5,gaba,23,9
24381,LC9,23098,LC4,5,acetylcholine,10,9
21850,LPLC1,23098,LC4,5,acetylcholine,25,7
20964,Li26,23098,LC4,5,gaba,11,10
17289,Li29,23098,LC4,5,gaba,13,1
16459,PVLP024,23098,LC4,5,gaba,5,15
16475,PVLP024,23098,LC4,5,gaba,20,7
16415,Li30,23098,LC4,5,gaba,11,4
15281,Li17,23098,LC4,5,gaba,0,15
10052,LoVC14,23098,LC4,5,gaba,8,2
581248,T2,17478,LC4,5,acetylcholine,4,17
550526,T2,17478,LC4,5,acetylcholine,6,26
535636,T2,17478,LC4,5,acetylcholine,7,31
534604,Tm2,17478,LC4,5,acetylcholine,22,6
534514,T2,17478,LC4,5,acetylcholine,24,1
529860,Tm4,17478,LC4,5,acetylcholine,13,5
529691,Tm4,17478,LC4,5,acetylcholine,8,31
529219,Tm3,17478,LC4,5,acetylcholine,24,9
526450,Tm4,17478,LC4,5,acetylcholine,5,18
524930,Tm3,17478,LC4,5,acetylcholine,20,21
524964,Tm37,17478,LC4,5,glutamate,25,9
523688,Tm39,17478,LC4,5,acetylcholine,26,9
516894,TmY3,17478,LC4,5,acetylcholine,7,8
512603,Tm4,17478,LC4,5,acetylcholine,24,1
512199,Li17,17478,LC4,5,gaba,1,2
511964,Tm2,17478,LC4,5,acetylcholine,0,7
511914,LC4,17478,LC4,5,acetylcholine,18,22
182145,T2,17478,LC4,5,acetylcholine,24,13
131121,Tm5Y,17478,LC4,5,acetylcholine,27,9
124082,Tm37,17478,LC4,5,glutamate,28,9
121880,T2,17478,LC4,5,acetylcholine,5,7
119271,MeLo2,17478,LC4,5,acetylcholine,29,9
102566,Tm3,17478,LC4,5,acetylcholine,30,9
86753,Tm4,17478,LC4,5,acetylcholine,29,23
79242,MeLo13,17478,LC4,5,glutamate,31,9
77954,Li13,17478,LC4,5,gaba,24,2
77588,Tm4,17478,LC4,5,acetylcholine,30,20
63781,Tm2,17478,LC4,5,acetylcholine,0,10
61723,TmY21,17478,LC4,5,acetylcholine,1,10
59444,Tm2,17478,LC4,5,acetylcholine,2,10
55982,Y14,17478,LC4,5,glutamate,3,10
54223,T2,17478,LC4,5,acetylcholine,8,17
49293,T2,17478,LC4,5,acetylcholine,13,11
44508,T2,17478,LC4,5,acetylcholine,14,18
43845,T2,17478,LC4,5,acetylcholine,27,7
43520,TmY3,17478,LC4,5,acetylcholine,4,27
38337,Tm2,17478,LC4,5,acetylcholine,4,10
31429,LC4,17478,LC4,5,acetylcholine,11,7
20434,PVLP046,17478,LC4,5,gaba,0,21
18478,LC4,17478,LC4,5,acetylcholine,11,14
11017,PVLP093,17478,LC4,5,gaba,5,10
10220,LoVC16,17478,LC4,5,glutamate,13,7
560342,Tm4,34845,LC4,5,acetylcholine,2,18
534521,LLPC2,34845,LC4,5,acetylcholine,6,10
524951,Tm4,34845,LC4,5,acetylcholine,15,15
523564,PVLP011,34845,LC4,5,gaba,14,16
516720,Tm4,34845,LC4,5,acetylcholine,7,10
514971,Li13,34845,LC4,5,gaba,14,6
128791,T5a,34845,LC4,5,acetylcholine,8,10
121915,Tm4,34845,LC4,5,acetylcholine,9,10
114569,T2,34845,LC4,5,acetylcholine,25,23
94320,Tm4,34845,LC4,5,acetylcholine,10,10
89356,Tm3,34845,LC4,5,acetylcholine,11,10
88450,Tm4,34845,LC4,5,acetylcholine,12,10
66245,Li14,34845,LC4,5,glutamate,26,16
60765,T2,34845,LC4,5,acetylcholine,24,30
60057,Li25,34845,LC4,5,gaba,13,10
51463,Tm3,34845,LC4,5,acetylcholine,14,10
39420,T2,34845,LC4,5,acetylcholine,24,10
36891,T2,34845,LC4,5,acetylcholine,16,1
29417,LC4,34845,LC4,5,acetylcholine,15,22
27624,LC4,34845,LC4,5,acetylcholine,24,25
21992,T2,34845,LC4,5,acetylcholine,18,26
18350,PVLP046,34845,LC4,5,gaba,25,3
16459,PVLP024,34845,LC4,5,gaba,5,15
15986,MeLo8,34845,LC4,5,gaba,25,7
555812,Li14,17653,LC4,5,glutamate,15,10
539118,T2,17653,LC4,5,acetylcholine,8,2
538966,Tm37,17653,LC4,5,glutamate,16,10
534763,Tm4,17653,LC4,5,acetylcholine,10,20
534284,Tm37,17653,LC4,5,glutamate,17,10
533563,Tm5c,17653,LC4,5,glutamate,18,10
532503,Tm4,17653,LC4,5,acetylcholine,19,10
530122,Tm4,17653,LC4,5,acetylcholine,13,12
520073,T2,17653,LC4,5,acetylcholine,11,16
519650,LC4,17653,LC4,5,acetylcholine,4,22
516909,LC4,17653,LC4,5,acetylcholine,14,3
516630,Tm2,17653,LC4,5,acetylcholine,20,10
516526,Tm2,17653,LC4,5,acetylcholine,21,10
514407,Li29,17653,LC4,5,gaba,1,23
514101,Tlp13,17653,LC4,5,glutamate,22,10
512602,Tm2,17653,LC4,5,acetylcholine,14,11
125633,T5c,17653,LC4,5,acetylcholine,23,10
111123,T2,17653,LC4,5,acetylcholine,21,19
108181,T5c,17653,LC4,5,acetylcholine,24,10
104163,Tm5b,17653,LC4,5,acetylcholine,25,10
90140,Tm3,17653,LC4,5,acetylcholine,10,2
77614,LC4,17653,LC4,5,acetylcholine,20,31
63770,Tm2,17653,LC4,5,acetylcholine,26,10
58278,Tm2,17653,LC4,5,acetylcholine,10,23
46444,Tm2,17653,LC4,5,acetylcholine,18,15
44058,LLPC2,17653,LC4,5,acetylcholine,27,10
41679,Li15,17653,LC4,5,gaba,8,8
35561,Li14,17653,LC4,5,glutamate,28,10
27829,LC4,17653,LC4,5,acetylcholine,0,21
27464,Tm4,17653,LC4,5,acetylcholine,2,10
26178,LLPC2,17653,LC4,5,acetylcholine,29,10
20524,Li16,17653,LC4,5,glutamate,7,30
19538,MeLo2,17653,LC4,5,acetylcholine,30,10
18250,Y12,17653,LC4,5,glutamate,12,7
16753,Tm37,17653,LC4,5,glutamate,31,10
13180,LPLC1,17653,LC4,5,acetylcholine,25,12
12349,LC4,17653,LC4,5,acetylcholine,2,20
12242,SAD055,17653,LC4,5,acetylcholine,22,8
11927,PVLP122,17653,LC4,5,acetylcholine,18,1
580079,Tm4,20440,LC4,5,acetylcholine,0,11
549301,Tm4,20440,LC4,5,acetylcholine,3,1
544461,T2,20440,LC4,5,acetylcholine,0,22
542938,Tm3,20440,LC4,5,acetylcholine,31,11
542761,T2,20440,LC4,5,acetylcholine,0,16
542214,Tm2,20440,LC4,5,acetylcholine,1,11
541829,Tm3,20440,LC4,5,acetylcholine,21,0
539491,Tm4,20440,LC4,5,acetylcholine,2,28
539727,Tm4,20440,LC4,5,acetylcholine,14,2
533940,T2,20440,LC4,5,acetylcholine,2,11
531568,Tm2,20440,LC4,5,acetylcholine,3,11
526860,Tm37,20440,LC4,5,glutamate,4,11
520667,Li25,20440,LC4,5,gaba,2,29
518700,Y11,20440,LC4,5,glutamate,15,19
515449,Tm4,20440,LC4,5,acetylcholine,1,15
149695,T2,20440,LC4,5,acetylcholine,23,9
135975,T2,20440,LC4,5,acetylcholine,22,27
135605,T2,20440,LC4,5,acetylcholine,4,16
125927,LPLC1,20440,LC4,5,acetylcholine,23,23
100777,Tm3,20440,LC4,5,acetylcholine,7,12
88760,Tm3,20440,LC4,5,acetylcholine,27,18
86355,Tm3,20440,LC4,5,acetylcholine,5,11
81971,Tm3,20440,LC4,5,acetylcholine,6,11
75531,Tm4,20440,LC4,5,acetylcholine,20,21
72882,Tm4,20440,LC4,5,acetylcholine,6,7
64918,Tm2,20440,LC4,5,acetylcholine,7,11
55285,Tm2,20440,LC4,5,acetylcholine,8,11
43758,Tlp12,20440,LC4,5,glutamate,29,1
32638,Tm3,20440,LC4,5,acetylcholine,9,11
28252,Li25,20440,LC4,5,gaba,13,10
22772,LC4,20440,LC4,5,acetylcholine,3,28
18756,Li26,20440,LC4,5,gaba,27,20
17270,LC4,20440,LC4,5,acetylcholine,20,31
16475,PVLP024,20440,LC4,5,gaba,20,7
15056,Li14,20440,LC4,5,glutamate,25,25
13600,CB2664,20440,LC4,5,acetylcholine,10,21
12966,LoVC13,20440,LC4,5,gaba,0,1
10908,LT37,20440,LC4,5,gaba,10,11
546640,Tm37,17340,LC4,5,glutamate,11,11
539796,Tm2,17340,LC4,5,acetylcholine,9,4
519830,Tm2,17340,LC4,5,acetylcholine,30,9
143691,Tm3,17340,LC4,5,acetylcholine,12,11
130078,TmY18,17340,LC4,5,acetylcholine,13,11
111787,LC4,17340,LC4,5,acetylcholine,27,30
105768,T2,17340,LC4,5,acetylcholine,15,22
96019,T2,17340,LC4,5,acetylcholine,29,11
94419,Tm2,17340,LC4,5,acetylcholine,14,11
90454,Tm2,17340,LC4,5,acetylcholine,15,11
89957,T2,17340,LC4,5,acetylcholine,12,7
81112,LC4,17340,LC4,5,acetylcholine,6,2
80863,T2,17340,LC4,5,acetylcholine,28,8
77309,Tm37,17340,LC4,5,glutamate,16,11
67237,Tm2,17340,LC4,5,acetylcholine,17,11
66250,TmY3,17340,LC4,5,acetylcholine,3,22
63515,Tm2,17340,LC4,5,acetylcholine,18,11
61215,Tm2,17340,LC4,5,acetylcholine,19,11
60746,Tm2,17340,LC4,5,acetylcholine,20,11
58294,Tm4,17340,LC4,5,acetylcholine,16,9
58089,Tm2,17340,LC4,5,acetylcholine,9,31
54221,T2,17340,LC4,5,acetylcholine,13,2
46247,Y12,17340,LC4,5,glutamate,21,11
41698,Y11,17340,LC4,5,glutamate,3,9
36462,LLPC2,17340,LC4,5,acetylcholine,5,9
28980,LC4,17340,LC4,5,acetylcholine,13,9
25438,SAD064,17340,LC4,5,acetylcholine,5,5
22713,Tm2,17340,LC4,5,acetylcholine,22,11
16475,PVLP024,17340,LC4,5,gaba,20,7
13405,CB4179,17340,LC4,5,gaba,11,17
527690,PVLP022,22975,LC4,5,gaba,22,10
106442,TmY18,22975,LC4,5,acetylcholine,23,11
105231,T2,22975,LC4,5,acetylcholine,24,19
99773,Tm3,22975,LC4,5,acetylcholine,24,11
87320,Tm4,22975,LC4,5,acetylcholine,14,13
83464,Tm4,22975,LC4,5,acetylcholine,23,30
82659,T2,22975,LC4,5,acetylcholine,15,14
81773,Tm4,22975,LC4,5,acetylcholine,1,22
79683,Tm3,22975,LC4,5,acetylcholine,26,30
78625,T2,22975,LC4,5,acetylcholine,22,21
78360,T2,22975,LC4,5,acetylcholine,13,15
76803,Tm4,22975,LC4,5,acetylcholine,26,8
74162,Tm4,22975,LC4,5,acetylcholine,1,10
72280,TmY3,22975,LC4,5,acetylcholine,29,27
69115,Tm4,22975,LC4,5,acetylcholine,31,12
68421,Tm37,22975,LC4,5,glutamate,25,11
63859,Y14,22975,LC4,5,glutamate,26,11
63732,Y13,22975,LC4,5,glutamate,27,11
63645,TmY3,22975,LC4,5,acetylcholine,24,28
63280,T2,22975,LC4,5,acetylcholine,28,29
63023,TmY3,22975,LC4,5,acetylcholine,29,23
61132,Tm2,22975,LC4,5,acetylcholine,28,11
60863,T2,22975,LC4,5,acetylcholine,20,20
58576,T2,22975,LC4,5,acetylcholine,4,10
58180,Li14,22975,LC4,5,glutamate,29,11
54410,Y12,22975,LC4,5,glutamate,7,3
52260,Tm2,22975,LC4,5,acetylcholine,31,29
38542,LPLC2,22975,LC4,5,acetylcholine,30,11
35838,LPLC2,22975,LC4,5,acetylcholine,13,17
34372,LPLC2,22975,LC4,5,acetylcholine,31,11
31262,LC4,22975,LC4,5,acetylcholine,20,18
27080,TmY19a,22975,LC4,5,gaba,0,12
25128,TmY19b,22975,LC4,5,gaba,8,25
22328,LC4,22975,LC4,5,acetylcholine,26,21
20588,LC4,22975,LC4,5,acetylcholine,30,9
19543,LC4,22975,LC4,5,acetylcholine,18,9
19006,TmY19a,22975,LC4,5,gaba,0,19
10512,ANXXX109,22975,LC4,5,gaba,25,1
549180,TmY18,24523,LC4,5,unclear,1,12
526286,LC4,24523,LC4,5,acetylcholine,2,21
522373,TmY3,24523,LC4,5,acetylcholine,11,16
521371,Li15,24523,LC4,5,gaba,2,12
520678,T2,24523,LC4,5,acetylcholine,0,31
518845,Y14,24523,LC4,5,glutamate,3,12
517688,LLPC2,24523,LC4,5,acetylcholine,4,12
514648,Li25,24523,LC4,5,gaba,25,22
512705,LC4,24523,LC4,5,acetylcholine,30,18
512526,TmY3,24523,LC4,5,acetylcholine,13,15
512384,Tm4,24523,LC4,5,acetylcholine,5,8
512121,CB1280,24523,LC4,5,acetylcholine,12,21
117488,T5c,24523,LC4,5,acetylcholine,5,12
114162,T2,24523,LC4,5,acetylcholine,25,24
100485,LC4,24523,LC4,5,acetylcholine,23,20
100377,T2,24523,LC4,5,acetylcholine,26,22
81690,TmY3,24523,LC4,5,acetylcholine,24,11
68939,Tm4,24523,LC4,5,acetylcholine,27,22
66828,T2,24523,LC4,5,acetylcholine,28,22
66620,Tm3,24523,LC4,5,acetylcholine,6,12
65987,Tlp12,24523,LC4,5,glutamate,27,19
57420,Tm2,24523,LC4,5,acetylcholine,30,22
56879,Tm37,24523,LC4,5,glutamate,7,12
52988,Y14,24523,LC4,5,glutamate,8,12
52428,Tm2,24523,LC4,5,acetylcholine,9,12
49865,Y12,24523,LC4,5,glutamate,10,12
46365,Tm2,24523,LC4,5,acetylcholine,1,24
46005,Tm2,24523,LC4,5,acetylcholine,0,17
44190,Y12,24523,LC4,5,glutamate,4,8
41600,Li34a,24523,LC4,5,gaba,11,12
39683,T2,24523,LC4,5,acetylcholine,23,11
38785,T2,24523,LC4,5,acetylcholine,12,12
37144,Y14,24523,LC4,5,glutamate,13,12
32078,TmY3,24523,LC4,5,acetylcholine,2,15
30383,LLPC2,24523,LC4,5,acetylcholine,14,12
30194,SAD013,24523,LC4,5,gaba,9,26
27388,Tm4,24523,LC4,5,acetylcholine,24,13
22922,LC4,24523,LC4,5,acetylcholine,17,3
20859,LC4,24523,LC4,5,acetylcholine,5,26
19454,PVLP024,24523,LC4,5,gaba,3,11
15211,Y14,24523,LC4,5,glutamate,15,12
14888,LC4,24523,LC4,5,acetylcholine,28,25
14690,TmY19a,24523,LC4,5,gaba,10,17
12032,LC4,24523,LC4,5,acetylcholine,27,2
11102,PVLP046,24523,LC4,5,gaba,20,4
10776,LoVC7,24523,LC4,5,gaba,2,1
539351,T2,20967,LC4,5,acetylcholine,19,1
536629,LLPC2,20967,LC4,5,acetylcholine,16,12
535401,T2,20967,LC4,5,acetylcholine,26,28
527522,TmY18,20967,LC4,5,acetylcholine,17,12
524677,LLPC2,20967,LC4,5,acetylcholine,18,12
523763,Tm5Y,20967,LC4,5,acetylcholine,19,12
522889,MeLo8,20967,LC4,5,gaba,15,2
520449,LC4,20967,LC4,5,acetylcholine,0,2
520415,Tm4,20967,LC4,5,acetylcholine,24,9
518751,Tm2,20967,LC4,5,acetylcholine,24,12
516876,T2,20967,LC4,5,acetylcholine,7,18
514407,Li29,20967,LC4,5,gaba,1,23
513770,MeLo8,20967,LC4,5,gaba,2,11
512705,LC4,20967,LC4,5,acetylcholine,30,18
109119,T5c,20967,LC4,5,acetylcholine,20,12
105549,T5c,20967,LC4,5,acetylcholine,21,12
75591,Tm3,20967,LC4,5,acetylcholine,22,12
70659,TmY3,20967,LC4,5,acetylcholine,17,9
70167,Li17,20967,LC4,5,gaba,23,6
68551,Tm3,20967,LC4,5,acetylcholine,23,12
63869,Tm5Y,20967,LC4,5,acetylcholine,24,12
55359,Y14,20967,LC4,5,glutamate,14,23
54972,Tm2,20967,LC4,5,acetylcholine,31,23
49240,TmY3,20967,LC4,5,acetylcholine,6,3
47424,Tm2,20967,LC4,5,acetylcholine,15,5
47554,Tm37,20967,LC4,5,glutamate,25,12
46325,Tm2,20967,LC4,5,acetylcholine,26,8
32888,Tlp14,20967,LC4,5,glutamate,9,7
31429,LC4,20967,LC4,5,acetylcholine,11,7
20859,LC4,20967,LC4,5,acetylcholine,5,26
15994,CB3513,20967,LC4,5,gaba,13,14
10147,LHAD1g1,20967,LC4,5,gaba,31,8
547572,Tm2,35616,LC4,5,acetylcholine,12,16
545668,T2,35616,LC4,5,acetylcholine,13,16
544962,Tm4,35616,LC4,5,acetylcholine,28,9
535353,Tm23,35616,LC4,5,gaba,26,12
529744,TmY18,35616,LC4,5,acetylcholine,27,12
526031,PVLP021,35616,LC4,5,gaba,28,12
525666,Tm4,35616,LC4,5,acetylcholine,22,24
519524,T2,35616,LC4,5,acetylcholine,31,9
518983,LC4,35616,LC4,5,acetylcholine,5,9
518820,Tm3,35616,LC4,5,acetylcholine,29,12
518256,T2,35616,LC4,5,acetylcholine,7,16
514498,Tm5Y,35616,LC4,5,acetylcholine,30,12
514407,Li29,35616,LC4,5,gaba,1,23
512525,TmY3,35616,LC4,5,acetylcholine,12,25
168950,T2,35616,LC4,5,acetylcholine,28,13
162298,TmY18,35616,LC4,5,acetylcholine,31,12
130430,Tm3,35616,LC4,5,acetylcholine,19,16
129946,Tm3,35616,LC4,5,acetylcholine,27,28
111641,Tm4,35616,LC4,5,acetylcholine,6,23
101866,T2,35616,LC4,5,acetylcholine,21,20
74167,Tm4,35616,LC4,5,acetylcholine,22,24
67536,T2,35616,LC4,5,acetylcholine,20,15
67508,TmY3,35616,LC4,5,acetylcholine,0,12
55205,Tm2,35616,LC4,5,acetylcholine,0,13
55243,Tm2,35616,LC4,5,acetylcholine,26,24
50720,TmY3,35616,LC4,5,acetylcholine,4,7
48991,Tm2,35616,LC4,5,acetylcholine,1,13
41820,Tm4,35616,LC4,5,acetylcholine,23,13
36602,Tm37,35616,LC4,5,glutamate,2,13
24523,LC4,35616,LC4,5,acetylcholine,30,17
23202,LC4,35616,LC4,5,acetylcholine,10,14
21721,LC4,35616,LC4,5,acetylcholine,27,21
20555,Tlp14,35616,LC4,5,glutamate,5,6
13600,CB2664,35616,LC4,5,acetylcholine,10,21
13308,Li29,35616,LC4,5,gaba,14,19
12824,LC4,35616,LC4,5,acetylcholine,9,24
12349,LC4,35616,LC4,5,acetylcholine,2,20
12225,LoVC15,35616,LC4,5,gaba,28,19
12004,MeLo8,35616,LC4,5,gaba,13,12
11102,PVLP046,35616,LC4,5,gaba,20,4
920184,TmY18,535341,LC4,5,acetylcholine,3,13
565967,Tm3,535341,LC4,5,acetylcholine,4,13
543961,T2,535341,LC4,5,acetylcholine,22,24
534815,Tm2,535341,LC4,5,acetylcholine,5,13
525118,Tm4,535341,LC4,5,acetylcholine,11,24
521050,Tm5Y,535341,LC4,5,acetylcholine,6,13
520417,Tm4,535341,LC4,5,acetylcholine,18,15
517541,Tm4,535341,LC4,5,acetylcholine,30,24
516638,Tm3,535341,LC4,5,acetylcholine,7,13
514797,Tm4,535341,LC4,5,acetylcholine,2,27
141844,Tm40,535341,LC4,5,acetylcholine,8,13
117234,T2,535341,LC4,5,acetylcholine,19,13
116947,T2,535341,LC4,5,acetylcholine,0,12
68343,Tm4,535341,LC4,5,acetylcholine,9,13
52237,Li14,535341,LC4,5,glutamate,10,13
34397,Li25,535341,LC4,5,gaba,31,17
31429,LC4,535341,LC4,5,acetylcholine,11,7
30320,TmY3,535341,LC4,5,acetylcholine,26,5
23314,LC9,535341,LC4,5,acetylcholine,20,29
23051,TmY15,535341,LC4,5,gaba,11,13
22772,LC4,535341,LC4,5,acetylcholine,3,28
18310,T2,535341,LC4,5,acetylcholine,1,8
17829,T2,535341,LC4,5,acetylcholine,7,5
16459,PVLP024,535341,LC4,5,gaba,5,15
14252,CB3682,535341,LC4,5,acetylcholine,12,13
12349,LC4,535341,LC4,5,acetylcholine,2,20
12242,SAD055,535341,LC4,5,acetylcholine,22,8
11102,PVLP046,535341,LC4,5,gaba,20,4
10251,MeVP53,535341,LC4,5,gaba,13,27
556033,,512366,LC4,5,gaba,22,0
549132,Tm2,512366,LC4,5,acetylcholine,9,2
543000,T2,512366,LC4,5,acetylcholine,3,19
535207,Tm4,512366,LC4,5,acetylcholine,13,13
525191,LT52,512366,LC4,5,glutamate,14,13
514956,LC4,512366,LC4,5,acetylcholine,9,11
514508,LC4,512366,LC4,5,acetylcholine,30,19
513904,SAD049,512366,LC4,5,acetylcholine,8,14
512637,Y12,512366,LC4,5,glutamate,16,2
512066,Li14,512366,LC4,5,glutamate,17,16
479566,T2,512366,LC4,5,acetylcholine,15,24
166434,Tm4,512366,LC4,5,acetylcholine,15,13
159740,T2,512366,LC4,5,acetylcholine,1,24
146307,Tm3,512366,LC4,5,acetylcholine,12,9
131799,T2a,512366,LC4,5,acetylcholine,16,13
131031,TmY18,512366,LC4,5,acetylcholine,17,13
128769,T2,512366,LC4,5,acetylcholine,2,30
111903,LPLC2,512366,LC4,5,acetylcholine,20,2
111589,Tm4,512366,LC4,5,acetylcholine,18,13
99890,T2,512366,LC4,5,acetylcholine,19,13
98335,Tm4,512366,LC4,5,acetylcholine,20,13
95597,Tm4,512366,LC4,5,acetylcholine,24,16
92477,Tm3,512366,LC4,5,acetylcholine,21,13
78246,T2a,512366,LC4,5,acetylcholine,22,13
77614,LC4,512366,LC4,5,acetylcholine,20,31
76629,TmY3,512366,LC4,5,acetylcholine,14,7
73358,Tm2,512366,LC4,5,acetylcholine,18,4
41656,Y11,512366,LC4,5,glutamate,17,5
41330,Tm5Y,512366,LC4,5,acetylcholine,23,13
37587,LC4,512366,LC4,5,acetylcholine,16,1
33137,LC4,512366,LC4,5,acetylcholine,22,15
32367,Li26,512366,LC4,5,gaba,8,5
31524,LC9,512366,LC4,5,acetylcholine,26,5
31301,LC4,512366,LC4,5,acetylcholine,12,9
27750,LC4,512366,LC4,5,acetylcholine,19,19
27076,TmY3,512366,LC4,5,acetylcholine,19,7
16459,PVLP024,512366,LC4,5,gaba,5,15
12255,PVLP019,512366,LC4,5,gaba,4,11
106631,Tm3,30480,LC4,5,acetylcholine,24,13
105095,Tm3,30480,LC4,5,acetylcholine,7,25
102114,T2a,30480,LC4,5,acetylcholine,25,13
96337,Tm3,30480,LC4,5,acetylcholine,26,13
94700,Tm5Y,30480,LC4,5,acetylcholine,27,13
93710,Tm3,30480,LC4,5,acetylcholine,28,13
91438,Tm3,30480,LC4,5,acetylcholine,29,13
90969,T2,30480,LC4,5,acetylcholine,29,14
90851,T2,30480,LC4,5,acetylcholine,30,13
83733,Tm2,30480,LC4,5,acetylcholine,31,13
83399,Tm4,30480,LC4,5,acetylcholine,10,11
79952,T2,30480,LC4,5,acetylcholine,28,18
77948,Tm2,30480,LC4,5,acetylcholine,0,14
77368,Tm4,30480,LC4,5,acetylcholine,15,20
74440,T2,30480,LC4,5,acetylcholine,30,5
70068,Tm2,30480,LC4,5,acetylcholine,1,14
62789,Tm2,30480,LC4,5,acetylcholine,2,14
60201,Tm2,30480,LC4,5,acetylcholine,21,10
56065,Li13,30480,LC4,5,gaba,3,14
53672,TmY3,30480,LC4,5,acetylcholine,25,27
49559,Y12,30480,LC4,5,glutamate,23,10
49249,Y12,30480,LC4,5,glutamate,4,14
47379,Y14,30480,LC4,5,glutamate,5,14
44997,Tlp12,30480,LC4,5,glutamate,6,4
38065,LC4,30480,LC4,5,acetylcholine,23,27
30804,Li15,30480,LC4,5,gaba,23,28
28945,LC4,30480,LC4,5,acetylcholine,11,3
23333,LPLC1,30480,LC4,5,acetylcholine,4,3
16930,CB3513,30480,LC4,5,gaba,14,17
16545,Li28,30480,LC4,5,gaba,30,0
14155,CB2940,30480,LC4,5,acetylcholine,17,17
568214,Tm3,31301,LC4,5,acetylcholine,6,14
546712,TmY3,31301,LC4,5,acetylcholine,23,13
529628,Tm4,31301,LC4,5,acetylcholine,7,14
527425,Tm2,31301,LC4,5,acetylcholine,5,0
518439,LC4,31301,LC4,5,acetylcholine,9,11
517560,T2,31301,LC4,5,acetylcholine,28,11
517047,Li25,31301,LC4,5,gaba,13,1
512494,TmY19b,31301,LC4,5,gaba,9,27
512293,T2,31301,LC4,5,acetylcholine,5,15
511914,LC4,31301,LC4,5,acetylcholine,18,22
142573,Tm2,31301,LC4,5,acetylcholine,8,14
115020,T2,31301,LC4,5,acetylcholine,0,19
111716,Tm37,31301,LC4,5,glutamate,5,15
103744,Tm37,31301,LC4,5,glutamate,9,14
101381,T2,31301,LC4,5,acetylcholine,17,18
76806,Tm3,31301,LC4,5,acetylcholine,10,14
76030,Tm4,31301,LC4,5,acetylcholine,6,16
73282,T2,31301,LC4,5,acetylcholine,6,18
70346,T2,31301,LC4,5,acetylcholine,29,17
60765,T2,31301,LC4,5,acetylcholine,24,30
54418,Tm2,31301,LC4,5,acetylcholine,13,1
45698,T2,31301,LC4,5,acetylcholine,24,20
39554,Li15,31301,LC4,5,gaba,11,14
32325,Tm2,31301,LC4,5,acetylcholine,12,14
29796,Tm4,31301,LC4,5,acetylcholine,5,2
29469,LC4,31301,LC4,5,acetylcholine,6,15
29383,LPLC1,31301,LC4,5,acetylcholine,2,26
29041,Tm4,31301,LC4,5,acetylcholine,13,14
20967,LC4,31301,LC4,5,acetylcholine,23,8
19997,Tlp14,31301,LC4,5,glutamate,22,8
17939,PVLP046,31301,LC4,5,gaba,1,19
15439,LC9,31301,LC4,5,acetylcholine,13,6
12349,LC4,31301,LC4,5,acetylcholine,2,20
543127,T2,512705,LC4,5,acetylcholine,20,3
532359,Tm3,512705,LC4,5,acetylcholine,16,13
532192,Tm4,512705,LC4,5,acetylcholine,14,14
527434,Tlp13,512705,LC4,5,glutamate,6,14
524629,Tm2,512705,LC4,5,acetylcholine,15,14
523479,MeLo8,512705,LC4,5,gaba,0,8
519743,Tm2,512705,LC4,5,acetylcholine,8,27
514508,LC4,512705,LC4,5,acetylcholine,30,19
513176,Li25,512705,LC4,5,gaba,27,15
512121,CB1280,512705,LC4,5,acetylcholine,12,21
117234,T2,512705,LC4,5,acetylcholine,19,13
111641,Tm4,512705,LC4,5,acetylcholine,6,23
83466,Tm3,512705,LC4,5,acetylcholine,16,14
77066,Tm3,512705,LC4,5,acetylcholine,17,14
68343,Tm4,512705,LC4,5,acetylcholine,9,13
66253,Tm3,512705,LC4,5,acetylcholine,18,14
52237,Li14,512705,LC4,5,glutamate,10,13
49349,LLPC2,512705,LC4,5,acetylcholine,19,14
46038,TmY3,512705,LC4,5,acetylcholine,19,1
45864,Tlp13,512705,LC4,5,glutamate,20,24
37373,Tm4,512705,LC4,5,acetylcholine,16,10
28980,LC4,512705,LC4,5,acetylcholine,13,9
20434,PVLP046,512705,LC4,5,gaba,0,21
19292,Li28,512705,LC4,5,gaba,13,0
17270,LC4,512705,LC4,5,acetylcholine,20,31
15736,TmY19a,512705,LC4,5,gaba,30,14
15055,Li26,512705,LC4,5,gaba,25,6
12824,LC4,512705,LC4,5,acetylcholine,9,24
12375,MeVC26,512705,LC4,5,acetylcholine,23,22
12032,LC4,512705,LC4,5,acetylcholine,27,2
10345,LT40,512705,LC4,5,gaba,16,3
10074,PVLP010,512705,LC4,5,glutamate,6,4
527699,SAD064,22034,LC4,5,acetylcholine,4,13
113407,TmY18,22034,LC4,5,acetylcholine,20,14
112194,Tm3,22034,LC4,5,acetylcholine,1,19
112654,Tm3,22034,LC4,5,acetylcholine,21,14
111896,Tm4,22034,LC4,5,acetylcholine,4,15
93266,Tm3,22034,LC4,5,acetylcholine,1,2
92802,Tm4,22034,LC4,5,acetylcholine,6,9
89266,TmY3,22034,LC4,5,acetylcholine,14,12
86793,Tm3,22034,LC4,5,acetylcholine,16,28
79952,T2,22034,LC4,5,acetylcholine,28,18
77815,T2,22034,LC4,5,acetylcholine,15,29
77673,Tm4,22034,LC4,5,acetylcholine,29,18
77450,Tm4,22034,LC4,5,acetylcholine,22,14
74852,Tm37,22034,LC4,5,glutamate,23,14
72722,Y14,22034,LC4,5,glutamate,31,27
71726,Y14,22034,LC4,5,glutamate,24,14
70277,T2,22034,LC4,5,acetylcholine,29,23
68864,Tm5Y,22034,LC4,5,acetylcholine,25,14
62403,TmY3,22034,LC4,5,acetylcholine,19,17
62332,Tm2,22034,LC4,5,acetylcholine,6,31
53668,Tm2,22034,LC4,5,acetylcholine,5,28
53236,TmY3,22034,LC4,5,acetylcholine,26,20
49029,Li14,22034,LC4,5,glutamate,22,25
40472,Y12,22034,LC4,5,glutamate,18,6
30803,LC4,22034,LC4,5,acetylcholine,2,24
22847,LC4,22034,LC4,5,acetylcholine,10,6
22651,Pm7_Li28,22034,LC4,5,gaba,0,6
20673,LC4,22034,LC4,5,acetylcholine,30,30
19543,LC4,22034,LC4,5,acetylcholine,18,9
16140,TmY19a,22034,LC4,5,gaba,16,18
14879,Li11a,22034,LC4,5,gaba,26,14
13926,MeLo8,22034,LC4,5,gaba,11,31
13671,MeLo8,22034,LC4,5,gaba,0,10
580079,Tm4,515476,LC4,5,acetylcholine,0,11
579927,Li15,515476,LC4,5,gaba,12,12
559263,Li25,515476,LC4,5,gaba,17,15
555837,LoVC5,515476,LC4,5,gaba,3,28
535656,TmY3,515476,LC4,5,acetylcholine,26,13
533255,T2,515476,LC4,5,acetylcholine,23,0
532782,T2,515476,LC4,5,acetylcholine,21,18
530369,Y11,515476,LC4,5,glutamate,4,12
529196,Li15,515476,LC4,5,gaba,6,10
527677,T2,515476,LC4,5,acetylcholine,3,28
518166,Tm4,515476,LC4,5,acetylcholine,12,24
515993,Li25,515476,LC4,5,gaba,31,26
512593,T2,515476,LC4,5,acetylcholine,22,9
151644,Tm3,515476,LC4,5,acetylcholine,27,14
149537,T2,515476,LC4,5,acetylcholine,6,14
143820,T2,515476,LC4,5,acetylcholine,28,14
101254,Tm2,515476,LC4,5,acetylcholine,29,14
97856,Tm3,515476,LC4,5,acetylcholine,30,14
97228,T2,515476,LC4,5,acetylcholine,11,4
89465,T2,515476,LC4,5,acetylcholine,28,14
85328,Tm4,515476,LC4,5,acetylcholine,25,16
82675,Tm4,515476,LC4,5,acetylcholine,31,14
65507,Tm2,515476,LC4,5,acetylcholine,2,5
64241,Tm2,515476,LC4,5,acetylcholine,0,15
63226,Tm2,515476,LC4,5,acetylcholine,1,15
56038,TmY3,515476,LC4,5,acetylcholine,26,19
55082,TmY3,515476,LC4,5,acetylcholine,24,24
39035,Tm2,515476,LC4,5,acetylcholine,10,30
37875,Tm2,515476,LC4,5,acetylcholine,13,10
34791,Li25,515476,LC4,5,gaba,6,27
32121,Y12,515476,LC4,5,glutamate,2,15
31301,LC4,515476,LC4,5,acetylcholine,12,9
29514,LC4,515476,LC4,5,acetylcholine,15,27
29469,LC4,515476,LC4,5,acetylcholine,6,15
20434,PVLP046,515476,LC4,5,gaba,0,21
19847,Tm2,515476,LC4,5,acetylcholine,31,7
16930,CB3513,515476,LC4,5,gaba,14,17
15529,Tm4,515476,LC4,5,acetylcholine,3,13
14209,Li28,515476,LC4,5,gaba,7,1
13308,Li29,515476,LC4,5,gaba,14,19
12680,TmY19a,515476,LC4,5,gaba,9,9
10251,MeVP53,515476,LC4,5,gaba,13,27
518733,AN17B013,30803,LC4,5,gaba,2,14
111333,Tm5c,30803,LC4,5,glutamate,3,15
102513,Tm3,30803,LC4,5,acetylcholine,4,15
99912,Tm3,30803,LC4,5,acetylcholine,12,7
98759,T2,30803,LC4,5,acetylcholine,31,23
95874,T2a,30803,LC4,5,acetylcholine,5,15
95444,Tm3,30803,LC4,5,acetylcholine,6,3
93645,Tm2,30803,LC4,5,acetylcholine,6,15
91654,T2,30803,LC4,5,acetylcholine,18,23
89526,T2,30803,LC4,5,acetylcholine,9,3
87819,Tm2,30803,LC4,5,acetylcholine,29,10
86542,Tm2,30803,LC4,5,acetylcholine,17,7
84102,Tm4,30803,LC4,5,acetylcholine,28,22
80234,Tm3,30803,LC4,5,acetylcholine,17,1
79433,Tm4,30803,LC4,5,acetylcholine,20,11
76503,Tm4,30803,LC4,5,acetylcholine,20,7
67802,T2,30803,LC4,5,acetylcholine,7,3
67065,T2,30803,LC4,5,acetylcholine,4,3
63933,Tm2,30803,LC4,5,acetylcholine,17,7
56065,Li13,30803,LC4,5,gaba,3,14
51954,Y14,30803,LC4,5,glutamate,7,15
46496,MeLo2,30803,LC4,5,acetylcholine,8,15
45497,Li14,30803,LC4,5,glutamate,14,9
44151,TmY15,30803,LC4,5,gaba,9,15
37242,Li25,30803,LC4,5,gaba,1,6
25511,LPLC2,30803,LC4,5,acetylcholine,10,15
25138,Li26,30803,LC4,5,gaba,20,27
23929,LC4,30803,LC4,5,acetylcholine,9,25
23792,LC4,30803,LC4,5,acetylcholine,20,7
16325,TmY19b,30803,LC4,5,gaba,17,0
10512,ANXXX109,30803,LC4,5,gaba,25,1
542452,T2,524899,LC4,5,acetylcholine,4,11
537595,TmY21,524899,LC4,5,acetylcholine,11,15
532254,LC4,524899,LC4,5,acetylcholine,8,30
523564,PVLP011,524899,LC4,5,gaba,14,16
518016,LC4,524899,LC4,5,acetylcholine,11,9
516812,TmY3,524899,LC4,5,acetylcholine,22,9
152423,T2,524899,LC4,5,acetylcholine,24,21
139419,T2,524899,LC4,5,acetylcholine,20,9
128078,Tm12,524899,LC4,5,acetylcholine,12,15
127079,Tm4,524899,LC4,5,acetylcholine,2,5
124041,Tm4,524899,LC4,5,acetylcholine,12,6
108973,TmY18,524899,LC4,5,acetylcholine,13,15
106277,Tm2,524899,LC4,5,acetylcholine,14,15
100485,LC4,524899,LC4,5,acetylcholine,23,20
99657,T2,524899,LC4,5,acetylcholine,12,1
96771,Tm3,524899,LC4,5,acetylcholine,15,15
95223,Tm5Y,524899,LC4,5,acetylcholine,16,15
90963,Tm4,524899,LC4,5,acetylcholine,8,6
76097,Tm4,524899,LC4,5,acetylcholine,10,17
75793,Tm5c,524899,LC4,5,glutamate,17,15
66201,Tm2,524899,LC4,5,acetylcholine,18,15
65369,Tm37,524899,LC4,5,glutamate,19,15
64654,Tm4,524899,LC4,5,acetylcholine,5,16
64390,T2,524899,LC4,5,acetylcholine,6,7
59692,Y13,524899,LC4,5,glutamate,20,15
50561,Tm4,524899,LC4,5,acetylcholine,19,13
42836,Tlp13,524899,LC4,5,glutamate,1,30
29892,LC9,524899,LC4,5,acetylcholine,2,15
23916,Li26,524899,LC4,5,gaba,19,29
23444,Tlp14,524899,LC4,5,glutamate,29,9
23202,LC4,524899,LC4,5,acetylcholine,10,14
22922,LC4,524899,LC4,5,acetylcholine,17,3
21721,LC4,524899,LC4,5,acetylcholine,27,21
21028,Tm4,524899,LC4,5,acetylcholine,21,15
20967,LC4,524899,LC4,5,acetylcholine,23,8
20143,CB4102,524899,LC4,5,acetylcholine,22,15
17653,LC4,524899,LC4,5,acetylcholine,13,6
17375,SAD064,524899,LC4,5,acetylcholine,21,29
12824,LC4,524899,LC4,5,acetylcholine,9,24
545735,T2,32597,LC4,5,acetylcholine,5,10
520667,Li25,32597,LC4,5,gaba,2,29
512199,Li17,32597,LC4,5,gaba,1,2
156646,T2,32597,LC4,5,acetylcholine,21,26
152080,TmY18,32597,LC4,5,acetylcholine,23,15
143820,T2,32597,LC4,5,acetylcholine,28,14
141875,Tm4,32597,LC4,5,acetylcholine,0,1
133433,T2,32597,LC4,5,acetylcholine,5,4
130626,LPT111,32597,LC4,5,gaba,24,15
120267,Tm37,32597,LC4,5,glutamate,25,15
107560,Tm2,32597,LC4,5,acetylcholine,26,15
96986,Tm3,32597,LC4,5,acetylcholine,27,15
96481,Tlp13,32597,LC4,5,glutamate,23,12
92189,Tm3,32597,LC4,5,acetylcholine,30,29
87838,T2,32597,LC4,5,acetylcholine,7,31
84000,Tm4,32597,LC4,5,acetylcholine,11,10
61264,TmY3,32597,LC4,5,acetylcholine,13,9
36128,Y14,32597,LC4,5,glutamate,28,15
35147,TmY3,32597,LC4,5,acetylcholine,4,28
23063,Li26,32597,LC4,5,gaba,1,19
22715,Li16,32597,LC4,5,glutamate,25,15
17857,LPLC1,32597,LC4,5,acetylcholine,29,15
16917,LC4,32597,LC4,5,acetylcholine,10,27
15018,LC4,32597,LC4,5,acetylcholine,8,4
11927,PVLP122,32597,LC4,5,acetylcholine,18,1
548374,T2,526286,LC4,5,acetylcholine,29,23
545862,T2,526286,LC4,5,acetylcholine,19,3
535402,TmY3,526286,LC4,5,acetylcholine,0,23
535401,T2,526286,LC4,5,acetylcholine,26,28
518983,LC4,526286,LC4,5,acetylcholine,5,9
517752,LC4,526286,LC4,5,acetylcholine,11,21
516623,Y11,526286,LC4,5,glutamate,30,15
253475,Tm3,526286,LC4,5,acetylcholine,30,19
123848,Tm4,526286,LC4,5,acetylcholine,7,31
113306,Tm4,526286,LC4,5,acetylcholine,27,2
111086,T5c,526286,LC4,5,acetylcholine,31,15
107106,T2,526286,LC4,5,acetylcholine,9,14
105655,T2,526286,LC4,5,acetylcholine,0,16
101866,T2,526286,LC4,5,acetylcholine,21,20
99616,T2,526286,LC4,5,acetylcholine,25,31
84202,Tm3,526286,LC4,5,acetylcholine,1,16
69679,Tm4,526286,LC4,5,acetylcholine,26,15
66828,T2,526286,LC4,5,acetylcholine,28,22
54379,Tm2,526286,LC4,5,acetylcholine,24,7
53909,Li14,526286,LC4,5,glutamate,11,8
52251,Tm2,526286,LC4,5,acetylcholine,14,6
50579,Tm2,526286,LC4,5,acetylcholine,2,16
49240,TmY3,526286,LC4,5,acetylcholine,6,3
48033,Tm2,526286,LC4,5,acetylcholine,16,28
47429,Tm4,526286,LC4,5,acetylcholine,20,17
46688,Tm2,526286,LC4,5,acetylcholine,25,7
46038,TmY3,526286,LC4,5,acetylcholine,19,1
40013,Tlp13,526286,LC4,5,glutamate,3,16
39435,Tlp12,526286,LC4,5,glutamate,19,19
34320,Li25,526286,LC4,5,gaba,20,22
31409,Li26,526286,LC4,5,gaba,3,17
30133,TmY15,526286,LC4,5,gaba,4,16
22318,T2,526286,LC4,5,acetylcholine,12,14
20572,LC4,526286,LC4,5,acetylcholine,25,13
19454,PVLP024,526286,LC4,5,gaba,3,11
18478,LC4,526286,LC4,5,acetylcholine,11,14
17315,Li30,526286,LC4,5,gaba,27,1
16459,PVLP024,526286,LC4,5,gaba,5,15
10147,LHAD1g1,526286,LC4,5,gaba,31,8
557977,T2,33137,LC4,5,acetylcholine,16,18
549717,T2,33137,LC4,5,acetylcholine,29,6
539967,T2,33137,LC4,5,acetylcholine,10,16
539369,TmY18,33137,LC4,5,acetylcholine,5,16
532130,Tm2,33137,LC4,5,acetylcholine,10,6
529552,Tm3,33137,LC4,5,acetylcholine,6,16
527612,Tm3,33137,LC4,5,acetylcholine,8,5
520678,T2,33137,LC4,5,acetylcholine,0,31
518654,T2,33137,LC4,5,acetylcholine,12,17
518465,Tm4,33137,LC4,5,acetylcholine,0,2
514956,LC4,33137,LC4,5,acetylcholine,9,11
116177,Tm37,33137,LC4,5,glutamate,7,16
108792,Tm3,33137,LC4,5,acetylcholine,8,16
93329,TmY3,33137,LC4,5,acetylcholine,3,22
90454,Tm2,33137,LC4,5,acetylcholine,15,11
82816,LPLC1,33137,LC4,5,acetylcholine,9,16
74854,T2,33137,LC4,5,acetylcholine,23,2
60746,Tm2,33137,LC4,5,acetylcholine,20,11
55862,LLPC2,33137,LC4,5,acetylcholine,10,16
55212,Tm2,33137,LC4,5,acetylcholine,14,12
50827,Li14,33137,LC4,5,glutamate,11,16
44945,Y13,33137,LC4,5,glutamate,12,16
35262,LC4,33137,LC4,5,acetylcholine,5,22
32597,LC4,33137,LC4,5,acetylcholine,23,4
25933,Tm2,33137,LC4,5,acetylcholine,13,16
20645,Y12,33137,LC4,5,glutamate,14,16
17734,LPLC1,33137,LC4,5,acetylcholine,2,2
14690,TmY19a,33137,LC4,5,gaba,10,17
13112,MeLo8,33137,LC4,5,gaba,9,17
12824,LC4,33137,LC4,5,acetylcholine,9,24
561708,Tm4,27750,LC4,5,acetylcholine,15,16
546712,TmY3,27750,LC4,5,acetylcholine,23,13
536397,Li13,27750,LC4,5,gaba,9,20
532358,MeLo2,27750,LC4,5,acetylcholine,16,16
532339,T2,27750,LC4,5,acetylcholine,11,1
531845,T2,27750,LC4,5,acetylcholine,20,27
529778,Tlp14,27750,LC4,5,glutamate,8,11
517047,Li25,27750,LC4,5,gaba,13,1
516681,Tm2,27750,LC4,5,acetylcholine,17,16
515456,Tm4,27750,LC4,5,acetylcholine,12,24
515433,Tm2,27750,LC4,5,acetylcholine,21,27
428491,,27750,LC4,5,unclear,18,16
157664,T2,27750,LC4,5,acetylcholine,0,26
111787,LC4,27750,LC4,5,acetylcholine,27,30
91131,Tm3,27750,LC4,5,acetylcholine,19,16
56163,Tm2,27750,LC4,5,acetylcholine,27,23
55378,Li14,27750,LC4,5,glutamate,20,16
53306,T2,27750,LC4,5,acetylcholine,23,9
51369,LoVP1,27750,LC4,5,glutamate,21,16
36151,T2,27750,LC4,5,acetylcholine,3,24
31301,LC4,27750,LC4,5,acetylcholine,12,9
30087,LC4,27750,LC4,5,acetylcholine,1,26
25607,PVLP046,27750,LC4,5,gaba,12,3
21721,LC4,27750,LC4,5,acetylcholine,27,21
16283,TmY19b,27750,LC4,5,gaba,26,15
14383,TmY19a,27750,LC4,5,gaba,24,28
14201,TmY19b,27750,LC4,5,gaba,24,26
13846,Li29,27750,LC4,5,gaba,23,21
13577,MeLo8,27750,LC4,5,gaba,21,0
127812,TmY18,17860,LC4,5,acetylcholine,17,12
113332,TmY18,17860,LC4,5,acetylcholine,22,16
107305,Tm12,17860,LC4,5,acetylcholine,23,16
98289,Tm3,17860,LC4,5,acetylcholine,9,18
94968,Tm5Y,17860,LC4,5,acetylcholine,24,16
91714,Tm3,17860,LC4,5,acetylcholine,25,16
89644,T2,17860,LC4,5,acetylcholine,15,21
89027,T2,17860,LC4,5,acetylcholine,10,17
88770,Tm4,17860,LC4,5,acetylcholine,18,21
88643,T2,17860,LC4,5,acetylcholine,30,24
88360,T2,17860,LC4,5,acetylcholine,17,14
88295,T2,17860,LC4,5,acetylcholine,28,25
87721,Tm4,17860,LC4,5,acetylcholine,16,5
87641,Tm3,17860,LC4,5,acetylcholine,26,16
86145,T2,17860,LC4,5,acetylcholine,30,25
84111,Tm2,17860,LC4,5,acetylcholine,27,16
83776,Tm4,17860,LC4,5,acetylcholine,15,29
83626,Tm3,17860,LC4,5,acetylcholine,28,16
82973,Tm3,17860,LC4,5,acetylcholine,29,16
78469,Tm4,17860,LC4,5,acetylcholine,27,1
77855,Tm4,17860,LC4,5,acetylcholine,20,23
76494,Tm4,17860,LC4,5,acetylcholine,30,16
75062,Tm4,17860,LC4,5,acetylcholine,12,17
74506,Tm2,17860,LC4,5,acetylcholine,9,25
71084,Tm2,17860,LC4,5,acetylcholine,29,18
63559,Tm2,17860,LC4,5,acetylcholine,31,16
62462,Tm2,17860,LC4,5,acetylcholine,17,20
58964,Tm2,17860,LC4,5,acetylcholine,15,28
58589,Tm2,17860,LC4,5,acetylcholine,19,27
54314,Y14,17860,LC4,5,glutamate,0,17
45350,TmY21,17860,LC4,5,acetylcholine,1,17
33750,MeLo2,17860,LC4,5,acetylcholine,2,17
32908,MeLo2,17860,LC4,5,acetylcholine,16,17
29223,LC9,17860,LC4,5,acetylcholine,21,3
27560,Li25,17860,LC4,5,gaba,10,13
25607,PVLP046,17860,LC4,5,gaba,12,3
24684,LT37,17860,LC4,5,gaba,5,29
24269,Li26,17860,LC4,5,gaba,25,26
23792,LC4,17860,LC4,5,acetylcholine,20,7
20535,LPLC2,17860,LC4,5,acetylcholine,29,3
20434,PVLP046,17860,LC4,5,gaba,0,21
17266,LC4,17860,LC4,5,acetylcholine,7,29
15909,Li28,17860,LC4,5,gaba,27,0
14709,MeLo8,17860,LC4,5,gaba,17,13
13850,Li29,17860,LC4,5,gaba,28,11
130658,Tm4,21287,LC4,5,acetylcholine,21,25
94760,T2,21287,LC4,5,acetylcholine,26,12
92465,Tm3,21287,LC4,5,acetylcholine,6,23
88072,T2,21287,LC4,5,acetylcholine,15,17
86333,Tm3,21287,LC4,5,acetylcholine,4,12
85694,T2,21287,LC4,5,acetylcholine,17,27
85595,Tm4,21287,LC4,5,acetylcholine,25,5
81487,Tm4,21287,LC4,5,acetylcholine,3,12
80723,Tm4,21287,LC4,5,acetylcholine,27,22
80413,Tm4,21287,LC4,5,acetylcholine,12,8
79499,T2,21287,LC4,5,acetylcholine,27,2
76051,Tm3,21287,LC4,5,acetylcholine,3,17
75554,Tm4,21287,LC4,5,acetylcholine,22,26
74474,T2,21287,LC4,5,acetylcholine,4,13
70759,Tm4,21287,LC4,5,acetylcholine,25,25
69765,Tm4,21287,LC4,5,acetylcholine,15,1
66339,Tm2,21287,LC4,5,acetylcholine,4,18
61988,Tm2,21287,LC4,5,acetylcholine,4,17
58590,Tm2,21287,LC4,5,acetylcholine,12,23
56493,TmY3,21287,LC4,5,acetylcholine,12,31
55514,Tm2,21287,LC4,5,acetylcholine,5,17
54029,TmY3,21287,LC4,5,acetylcholine,25,5
47875,LLPC2,21287,LC4,5,acetylcholine,6,17
36112,MeLo2,21287,LC4,5,acetylcholine,7,17
34598,Y12,21287,LC4,5,glutamate,15,12
32401,Li25,21287,LC4,5,gaba,20,21
25607,PVLP046,21287,LC4,5,gaba,12,3
21151,LC4,21287,LC4,5,acetylcholine,16,21
16138,LC4,21287,LC4,5,acetylcholine,3,23
16128,LC4,21287,LC4,5,acetylcholine,18,2
124111,T5c,18189,LC4,5,acetylcholine,8,17
122755,T5c,18189,LC4,5,acetylcholine,9,17
89565,Tm37,18189,LC4,5,glutamate,10,17
83432,Tm3,18189,LC4,5,acetylcholine,11,17
81402,Tm4,18189,LC4,5,acetylcholine,25,10
79936,Tm3,18189,LC4,5,acetylcholine,12,17
76259,Tm3,18189,LC4,5,acetylcholine,13,17
73749,Tm37,18189,LC4,5,glutamate,14,17
70566,Tm37,18189,LC4,5,glutamate,15,17
68240,T2,18189,LC4,5,acetylcholine,4,22
66553,Tm3,18189,LC4,5,acetylcholine,16,17
66277,T2,18189,LC4,5,acetylcholine,19,5
63824,Tm3,18189,LC4,5,acetylcholine,17,17
63332,T2,18189,LC4,5,acetylcholine,3,31
61959,T2,18189,LC4,5,acetylcholine,11,5
61885,T2,18189,LC4,5,acetylcholine,6,18
61721,T2,18189,LC4,5,acetylcholine,31,31
60574,Tm37,18189,LC4,5,glutamate,18,17
60235,TmY3,18189,LC4,5,acetylcholine,4,27
53186,Tm2,18189,LC4,5,acetylcholine,19,17
51986,Tm2,18189,LC4,5,acetylcholine,20,17
49322,TmY3,18189,LC4,5,acetylcholine,9,16
43694,Tm2,18189,LC4,5,acetylcholine,25,30
39728,Tlp12,18189,LC4,5,glutamate,15,18
39073,LLPC2,18189,LC4,5,acetylcholine,4,11
28030,Li26,18189,LC4,5,gaba,26,30
25367,Li15,18189,LC4,5,gaba,9,29
24853,Tlp14,18189,LC4,5,glutamate,4,30
24023,Y12,18189,LC4,5,glutamate,21,17
21804,LC4,18189,LC4,5,acetylcholine,8,22
21313,LC4,18189,LC4,5,acetylcholine,17,25
20673,LC4,18189,LC4,5,acetylcholine,30,30
19842,LPLC2,18189,LC4,5,acetylcholine,29,10
19249,LPLC2,18189,LC4,5,acetylcholine,5,19
18428,TmY19b,18189,LC4,5,gaba,13,14
17054,LC4,18189,LC4,5,acetylcholine,9,4
11689,Li16,18189,LC4,5,glutamate,19,31
540532,T2,20572,LC4,5,acetylcholine,25,22
537665,Tm37,20572,LC4,5,glutamate,22,17
536655,Tm4,20572,LC4,5,acetylcholine,19,28
531120,Tm3,20572,LC4,5,acetylcholine,23,12
531218,T2,20572,LC4,5,acetylcholine,15,9
527521,Tm4,20572,LC4,5,acetylcholine,19,18
527279,Tm37,20572,LC4,5,glutamate,23,17
526074,T2,20572,LC4,5,acetylcholine,21,17
525732,Tm4,20572,LC4,5,acetylcholine,24,17
524037,MeLo8,20572,LC4,5,gaba,28,0
520676,T2,20572,LC4,5,acetylcholine,0,28
518544,LC4,20572,LC4,5,acetylcholine,13,20
517291,Tm3,20572,LC4,5,acetylcholine,25,17
515632,Tm2,20572,LC4,5,acetylcholine,26,17
84155,T2,20572,LC4,5,acetylcholine,8,16
82926,TmY3,20572,LC4,5,acetylcholine,23,6
80502,Tm4,20572,LC4,5,acetylcholine,9,16
72159,T2,20572,LC4,5,acetylcholine,17,23
71499,Tm4,20572,LC4,5,acetylcholine,13,10
59342,Tm2,20572,LC4,5,acetylcholine,18,23
58425,Tm4,20572,LC4,5,acetylcholine,23,19
50803,T2,20572,LC4,5,acetylcholine,13,25
48845,Tm2,20572,LC4,5,acetylcholine,3,8
46878,Tm4,20572,LC4,5,acetylcholine,0,3
46560,Tm39,20572,LC4,5,acetylcholine,27,17
43989,TmY3,20572,LC4,5,acetylcholine,10,11
39117,Tm2,20572,LC4,5,acetylcholine,28,17
34536,Tm4,20572,LC4,5,acetylcholine,25,19
28072,Tlp14,20572,LC4,5,glutamate,14,17
23202,LC4,20572,LC4,5,acetylcholine,10,14
18887,Tm2,20572,LC4,5,acetylcholine,29,17
13308,Li29,20572,LC4,5,gaba,14,19
12710,LoVC14,20572,LC4,5,gaba,27,22
12375,MeVC26,20572,LC4,5,acetylcholine,23,22
11049,Li30,20572,LC4,5,gaba,14,0
955658695,Li17,29469,LC4,5,gaba,20,15
539633,Tm2,29469,LC4,5,acetylcholine,30,17
539253,TmY19a,29469,LC4,5,gaba,31,17
536375,Tm37,29469,LC4,5,glutamate,0,18
533867,TmY18,29469,LC4,5,acetylcholine,1,18
523564,PVLP011,29469,LC4,5,gaba,14,16
518808,Tm2,29469,LC4,5,acetylcholine,2,18
515790,TmY15,29469,LC4,5,gaba,3,18
515456,Tm4,29469,LC4,5,acetylcholine,12,24
515455,TmY18,29469,LC4,5,acetylcholine,4,18
512155,LC9,29469,LC4,5,acetylcholine,31,13
165011,T2,29469,LC4,5,acetylcholine,25,29
123992,Tm3,29469,LC4,5,acetylcholine,5,18
114569,T2,29469,LC4,5,acetylcholine,25,23
111495,Tm4,29469,LC4,5,acetylcholine,18,24
99160,T2,29469,LC4,5,acetylcholine,8,4
99149,Tm3,29469,LC4,5,acetylcholine,6,18
93592,TmY3,29469,LC4,5,acetylcholine,16,10
85679,Li13,29469,LC4,5,gaba,9,3
53306,T2,29469,LC4,5,acetylcholine,23,9
49482,Tm2,29469,LC4,5,acetylcholine,7,17
41382,Tm4,29469,LC4,5,acetylcholine,7,18
36922,Y13,29469,LC4,5,glutamate,8,18
34413,Li25,29469,LC4,5,gaba,14,10
33965,LPLC2,29469,LC4,5,acetylcholine,9,18
32325,Tm2,29469,LC4,5,acetylcholine,12,14
29796,Tm4,29469,LC4,5,acetylcholine,5,2
13308,Li29,29469,LC4,5,gaba,14,19
11102,PVLP046,29469,LC4,5,gaba,20,4
581555,TmY18,23929,LC4,5,acetylcholine,10,18
160846,T2a,23929,LC4,5,unclear,11,18
151356,Tm3,23929,LC4,5,acetylcholine,4,8
128174,Tm2,23929,LC4,5,acetylcholine,12,18
118724,Tm4,23929,LC4,5,acetylcholine,11,13
117194,Tm3,23929,LC4,5,acetylcholine,13,18
114036,Tm4,23929,LC4,5,acetylcholine,14,18
105974,Tm2,23929,LC4,5,acetylcholine,15,18
105213,Tm2,23929,LC4,5,acetylcholine,16,18
101510,Tm3,23929,LC4,5,acetylcholine,17,18
100352,Tm4,23929,LC4,5,acetylcholine,18,18
96919,Tm3,23929,LC4,5,acetylcholine,21,30
94640,Tm3,23929,LC4,5,acetylcholine,19,18
86088,T2,23929,LC4,5,acetylcholine,14,20
80491,Tm4,23929,LC4,5,acetylcholine,14,2
79216,Tm37,23929,LC4,5,glutamate,20,18
77654,T2,23929,LC4,5,acetylcholine,12,2
75886,Tm2,23929,LC4,5,acetylcholine,21,18
75110,T2,23929,LC4,5,acetylcholine,4,9
69230,T2,23929,LC4,5,acetylcholine,13,6
61132,Tm2,23929,LC4,5,acetylcholine,28,11
58874,Tm2,23929,LC4,5,acetylcholine,15,7
51134,Y12,23929,LC4,5,glutamate,10,0
46525,Y12,23929,LC4,5,glutamate,3,0
45469,Tlp13,23929,LC4,5,glutamate,22,18
33474,SAD049,23929,LC4,5,acetylcholine,24,18
31262,LC4,23929,LC4,5,acetylcholine,20,18
30480,LC4,23929,LC4,5,acetylcholine,9,24
28945,LC4,23929,LC4,5,acetylcholine,11,3
26112,LC4,23929,LC4,5,acetylcholine,31,10
24338,LC4,23929,LC4,5,acetylcholine,27,7
22560,Li26,23929,LC4,5,gaba,18,2
22257,PVLP046,23929,LC4,5,gaba,16,12
19642,Li17,23929,LC4,5,gaba,25,5
15665,SAD064,23929,LC4,5,acetylcholine,25,24
13850,Li29,23929,LC4,5,gaba,28,11
525789,Tm3,20399,LC4,5,acetylcholine,22,27
146859,Tm3,20399,LC4,5,acetylcholine,23,18
137320,Tm3,20399,LC4,5,acetylcholine,21,27
137357,Tm3,20399,LC4,5,acetylcholine,9,31
134372,Tm3,20399,LC4,5,acetylcholine,24,18
127302,Tm4,20399,LC4,5,acetylcholine,4,29
125288,Tm3,20399,LC4,5,acetylcholine,25,18
111978,TmY18,20399,LC4,5,acetylcholine,5,26
109289,Tm4,20399,LC4,5,acetylcholine,21,31
96548,Tm3,20399,LC4,5,acetylcholine,26,18
96189,Tm3,20399,LC4,5,acetylcholine,27,18
92709,Tm3,20399,LC4,5,acetylcholine,28,18
92170,Tm2,20399,LC4,5,acetylcholine,11,20
89939,Tm2,20399,LC4,5,acetylcholine,12,20
86111,Tm2,20399,LC4,5,acetylcholine,29,18
85523,Tm5Y,20399,LC4,5,acetylcholine,30,18
82114,T2,20399,LC4,5,acetylcholine,11,8
80428,Tm2,20399,LC4,5,acetylcholine,31,18
76823,Tm4,20399,LC4,5,acetylcholine,29,19
76041,T2,20399,LC4,5,acetylcholine,30,19
72144,T2,20399,LC4,5,acetylcholine,19,6
71658,Tm4,20399,LC4,5,acetylcholine,0,21
68974,T2,20399,LC4,5,acetylcholine,20,6
66697,Tm2,20399,LC4,5,acetylcholine,11,23
60062,Tm2,20399,LC4,5,acetylcholine,28,27
55690,Tm2,20399,LC4,5,acetylcholine,15,0
53612,Tm2,20399,LC4,5,acetylcholine,14,23
53131,LLPC2,20399,LC4,5,acetylcholine,0,19
52873,Tm2,20399,LC4,5,acetylcholine,13,28
48283,TmY3,20399,LC4,5,acetylcholine,12,7
48271,LLPC2,20399,LC4,5,acetylcholine,1,19
40616,Y11,20399,LC4,5,glutamate,2,26
33474,SAD049,20399,LC4,5,acetylcholine,24,18
31262,LC4,20399,LC4,5,acetylcholine,20,18
24269,Li26,20399,LC4,5,gaba,25,26
23434,Li26,20399,LC4,5,gaba,25,0
22328,LC4,20399,LC4,5,acetylcholine,26,21
21151,LC4,20399,LC4,5,acetylcholine,16,21
16611,TmY19b,20399,LC4,5,gaba,10,12
16459,PVLP024,20399,LC4,5,gaba,5,15
15814,TmY19a,20399,LC4,5,gaba,26,26
15761,LoVP108,20399,LC4,5,gaba,2,19
15068,PVLP019,20399,LC4,5,gaba,3,19
13671,MeLo8,20399,LC4,5,gaba,0,10
534815,Tm2,30087,LC4,5,acetylcholine,5,13
530200,Tm4,30087,LC4,5,acetylcholine,22,18
524640,Tm3,30087,LC4,5,acetylcholine,4,19
524179,Tm2,30087,LC4,5,acetylcholine,27,11
522922,Tm3,30087,LC4,5,acetylcholine,26,14
522364,TmY15,30087,LC4,5,gaba,5,19
514109,T2,30087,LC4,5,acetylcholine,15,5
190735,TmY18,30087,LC4,5,acetylcholine,6,19
143590,Tm3,30087,LC4,5,acetylcholine,7,19
107718,Li22,30087,LC4,5,glutamate,8,19
89465,T2,30087,LC4,5,acetylcholine,28,14
87354,Tm4,30087,LC4,5,acetylcholine,23,2
83925,Tm2,30087,LC4,5,acetylcholine,12,10
74883,Tm3,30087,LC4,5,acetylcholine,5,7
73053,T2,30087,LC4,5,acetylcholine,17,30
34845,LC4,30087,LC4,5,acetylcholine,10,27
29514,LC4,30087,LC4,5,acetylcholine,15,27
27624,LC4,30087,LC4,5,acetylcholine,24,25
18025,Tm3,30087,LC4,5,acetylcholine,9,19
15986,MeLo8,30087,LC4,5,gaba,25,7
13846,Li29,30087,LC4,5,gaba,23,21
13308,Li29,30087,LC4,5,gaba,14,19
12255,PVLP019,30087,LC4,5,gaba,4,11
10398,LT1d,30087,LC4,5,acetylcholine,10,19
533147,Y11,518439,LC4,5,glutamate,11,19
525322,TmY15,518439,LC4,5,gaba,12,19
518442,T2,518439,LC4,5,acetylcholine,13,19
518166,Tm4,518439,LC4,5,acetylcholine,12,24
514508,LC4,518439,LC4,5,acetylcholine,30,19
167010,Tm4,518439,LC4,5,acetylcholine,9,1
163674,Tm3,518439,LC4,5,acetylcholine,14,19
160078,T2,518439,LC4,5,acetylcholine,28,3
147414,Tm4,518439,LC4,5,acetylcholine,21,24
125403,T2,518439,LC4,5,acetylcholine,15,19
123578,Tm3,518439,LC4,5,acetylcholine,16,19
116452,Tm4,518439,LC4,5,acetylcholine,17,19
113751,Tm2,518439,LC4,5,acetylcholine,18,19
106891,Tm5Y,518439,LC4,5,acetylcholine,19,19
106188,Tm2,518439,LC4,5,acetylcholine,20,19
104208,Tm3,518439,LC4,5,acetylcholine,21,19
99810,Tm4,518439,LC4,5,acetylcholine,13,12
97585,T2,518439,LC4,5,acetylcholine,22,19
97228,T2,518439,LC4,5,acetylcholine,11,4
96487,Tm3,518439,LC4,5,acetylcholine,23,19
92815,T2,518439,LC4,5,acetylcholine,24,19
91945,Tm4,518439,LC4,5,acetylcholine,25,19
87838,T2,518439,LC4,5,acetylcholine,7,31
71582,Tm2,518439,LC4,5,acetylcholine,22,18
65402,Y12,518439,LC4,5,glutamate,26,19
64349,TmY3,518439,LC4,5,acetylcholine,7,7
63809,Tlp13,518439,LC4,5,glutamate,23,18
57201,T2,518439,LC4,5,acetylcholine,11,20
41444,LLPC2,518439,LC4,5,acetylcholine,27,19
31429,LC4,518439,LC4,5,acetylcholine,11,7
28651,T2,518439,LC4,5,acetylcholine,14,11
19454,PVLP024,518439,LC4,5,gaba,3,11
17608,LC4,518439,LC4,5,acetylcholine,8,20
15018,LC4,518439,LC4,5,acetylcholine,8,4
14452,MeLo8,518439,LC4,5,gaba,21,20
551028,T2,17608,LC4,5,acetylcholine,8,23
537185,Tm2,17608,LC4,5,acetylcholine,28,19
536957,Tm4,17608,LC4,5,acetylcholine,29,19
533815,Tm3,17608,LC4,5,acetylcholine,30,19
529321,TmY15,17608,LC4,5,gaba,31,19
519197,TmY19b,17608,LC4,5,gaba,20,29
515436,Tm37,17608,LC4,5,glutamate,0,20
515252,Li25,17608,LC4,5,gaba,14,2
514715,T2,17608,LC4,5,acetylcholine,10,20
131118,TmY3,17608,LC4,5,acetylcholine,28,15
125413,T2a,17608,LC4,5,acetylcholine,1,20
120095,T2,17608,LC4,5,acetylcholine,10,11
111787,LC4,17608,LC4,5,acetylcholine,27,30
108055,Tm4,17608,LC4,5,acetylcholine,3,28
107084,Tm5Y,17608,LC4,5,acetylcholine,2,20
104417,T2,17608,LC4,5,acetylcholine,11,23
100648,Tm3,17608,LC4,5,acetylcholine,3,20
100427,Tm3,17608,LC4,5,acetylcholine,4,20
94363,T2,17608,LC4,5,acetylcholine,10,29
93394,TmY3,17608,LC4,5,acetylcholine,9,13
91416,Tm4,17608,LC4,5,acetylcholine,14,30
90620,Tm4,17608,LC4,5,acetylcholine,5,20
82070,Tm2,17608,LC4,5,acetylcholine,6,20
70502,T2,17608,LC4,5,acetylcholine,1,19
66026,Tm2,17608,LC4,5,acetylcholine,7,20
62800,Tm3,17608,LC4,5,acetylcholine,8,20
51359,Tm3,17608,LC4,5,acetylcholine,9,20
41772,Y12,17608,LC4,5,glutamate,20,26
32934,MeLo2,17608,LC4,5,acetylcholine,24,10
32626,T2,17608,LC4,5,acetylcholine,30,15
32266,TmY15,17608,LC4,5,gaba,10,20
30895,LPLC2,17608,LC4,5,acetylcholine,11,20
19365,Li17,17608,LC4,5,gaba,10,11
16459,PVLP024,17608,LC4,5,gaba,5,15
13308,Li29,17608,LC4,5,gaba,14,19
134878,T2a,22847,LC4,5,acetylcholine,12,20
124017,TmY18,22847,LC4,5,acetylcholine,13,20
113665,Tm5Y,22847,LC4,5,acetylcholine,14,20
99360,T2,22847,LC4,5,acetylcholine,7,9
92404,Tm3,22847,LC4,5,acetylcholine,9,9
91061,Tm4,22847,LC4,5,acetylcholine,26,10
90851,T2,22847,LC4,5,acetylcholine,30,13
90689,T2,22847,LC4,5,acetylcholine,26,24
88956,Tm3,22847,LC4,5,acetylcholine,26,22
88520,Tm2,22847,LC4,5,acetylcholine,27,10
88295,T2,22847,LC4,5,acetylcholine,28,25
83776,Tm4,22847,LC4,5,acetylcholine,15,29
77244,Tm3,22847,LC4,5,acetylcholine,15,20
77136,Tm4,22847,LC4,5,acetylcholine,30,19
75097,Tm4,22847,LC4,5,acetylcholine,21,23
64011,LPT111,22847,LC4,5,gaba,12,15
59466,TmY3,22847,LC4,5,acetylcholine,24,4
59376,TmY3,22847,LC4,5,acetylcholine,28,14
59205,Y13,22847,LC4,5,glutamate,16,20
59180,Tm2,22847,LC4,5,acetylcholine,17,25
54377,Tlp12,22847,LC4,5,glutamate,11,3
54314,Y14,22847,LC4,5,glutamate,0,17
53916,Tlp12,22847,LC4,5,glutamate,23,7
41610,TmY21,22847,LC4,5,acetylcholine,17,20
36845,LC9,22847,LC4,5,acetylcholine,18,20
34143,MeLo12,22847,LC4,5,glutamate,19,20
28945,LC4,22847,LC4,5,acetylcholine,11,3
26112,LC4,22847,LC4,5,acetylcholine,31,10
25138,Li26,22847,LC4,5,gaba,20,27
19454,PVLP024,22847,LC4,5,gaba,3,11
17266,LC4,22847,LC4,5,acetylcholine,7,29
159529,TmY18,20673,LC4,5,acetylcholine,20,20
117627,Tm3,20673,LC4,5,acetylcholine,2,1
107412,Tm3,20673,LC4,5,acetylcholine,21,20
98878,TmY9b,20673,LC4,5,acetylcholine,22,20
98103,Tm3,20673,LC4,5,acetylcholine,23,20
91781,Tm3,20673,LC4,5,acetylcholine,24,20
91610,Tm4,20673,LC4,5,acetylcholine,25,20
89110,Tm3,20673,LC4,5,acetylcholine,3,10
86917,Tm3,20673,LC4,5,acetylcholine,26,20
85292,Tm3,20673,LC4,5,acetylcholine,2,19
85489,T2,20673,LC4,5,acetylcholine,6,12
84689,Tm3,20673,LC4,5,acetylcholine,28,19
83682,Tm3,20673,LC4,5,acetylcholine,27,20
80598,TmY20,20673,LC4,5,acetylcholine,28,20
79162,T2,20673,LC4,5,acetylcholine,22,7
76943,T2,20673,LC4,5,acetylcholine,14,29
74177,Tm4,20673,LC4,5,acetylcholine,2,23
74108,Tm4,20673,LC4,5,acetylcholine,4,1
73550,Tm5Y,20673,LC4,5,acetylcholine,29,20
71692,Tlp12,20673,LC4,5,glutamate,30,20
71145,T2,20673,LC4,5,acetylcholine,29,19
70277,T2,20673,LC4,5,acetylcholine,29,23
69391,Tm4,20673,LC4,5,acetylcholine,31,27
68999,Tm5Y,20673,LC4,5,acetylcholine,31,20
68966,Tm4,20673,LC4,5,acetylcholine,0,8
62522,T2,20673,LC4,5,acetylcholine,4,28
57871,T2,20673,LC4,5,acetylcholine,23,22
55774,Tm2,20673,LC4,5,acetylcholine,6,27
55085,Tm2,20673,LC4,5,acetylcholine,14,18
54027,Tm2,20673,LC4,5,acetylcholine,6,2
50667,TmY3,20673,LC4,5,acetylcholine,2,10
48617,Li14,20673,LC4,5,glutamate,14,28
38088,MeLo2,20673,LC4,5,acetylcholine,8,6
25528,LC9,20673,LC4,5,acetylcholine,30,3
24425,Tlp14,20673,LC4,5,glutamate,11,8
21165,LC4,20673,LC4,5,acetylcholine,1,18
19550,LC4,20673,LC4,5,acetylcholine,10,29
17860,LC4,20673,LC4,5,acetylcholine,27,0
17364,LC4,20673,LC4,5,acetylcholine,21,11
16549,Li30,20673,LC4,5,gaba,27,9
10029,LoVC16,20673,LC4,5,glutamate,0,21
531862,LT41,518016,LC4,5,gaba,31,3
523853,T2,518016,LC4,5,acetylcholine,21,3
518687,T2,518016,LC4,5,acetylcholine,29,18
518544,LC4,518016,LC4,5,acetylcholine,13,20
516623,Y11,518016,LC4,5,glutamate,30,15
514508,LC4,518016,LC4,5,acetylcholine,30,19
512944,T2,518016,LC4,5,acetylcholine,20,3
129687,LPLC2,518016,LC4,5,acetylcholine,1,21
109310,T2,518016,LC4,5,acetylcholine,14,28
69317,TmY3,518016,LC4,5,acetylcholine,24,11
56654,Tm2,518016,LC4,5,acetylcholine,31,16
51255,Tm2,518016,LC4,5,acetylcholine,23,27
50172,Tm2,518016,LC4,5,acetylcholine,19,24
49152,Tm2,518016,LC4,5,acetylcholine,11,14
48991,Tm2,518016,LC4,5,acetylcholine,1,13
46038,TmY3,518016,LC4,5,acetylcholine,19,1
27829,LC4,518016,LC4,5,acetylcholine,0,21
26983,Tm2,518016,LC4,5,acetylcholine,21,24
23006,Tm4,518016,LC4,5,acetylcholine,5,2
22330,Tm2,518016,LC4,5,acetylcholine,29,2
19292,Li28,518016,LC4,5,gaba,13,0
17270,LC4,518016,LC4,5,acetylcholine,20,31
16475,PVLP024,518016,LC4,5,gaba,20,7
13846,Li29,518016,LC4,5,gaba,23,21
12349,LC4,518016,LC4,5,acetylcholine,2,20
10908,LT37,518016,LC4,5,gaba,10,11
541600,T2,20976,LC4,5,acetylcholine,27,6
530059,Tm3,20976,LC4,5,acetylcholine,2,21
529736,T2,20976,LC4,5,acetylcholine,26,25
524480,Tm3,20976,LC4,5,acetylcholine,3,21
518016,LC4,20976,LC4,5,acetylcholine,11,9
516874,TmY3,20976,LC4,5,acetylcholine,28,8
513140,Tm2,20976,LC4,5,acetylcholine,4,21
114801,T2,20976,LC4,5,acetylcholine,16,25
94713,T2,20976,LC4,5,acetylcholine,2,30
71499,Tm4,20976,LC4,5,acetylcholine,13,10
70033,Tm4,20976,LC4,5,acetylcholine,5,21
67536,T2,20976,LC4,5,acetylcholine,20,15
61144,Tm2,20976,LC4,5,acetylcholine,6,21
60238,Tm2,20976,LC4,5,acetylcholine,7,21
58628,Tm37,20976,LC4,5,glutamate,8,21
55344,Tm4,20976,LC4,5,acetylcholine,29,21
54581,Tm2,20976,LC4,5,acetylcholine,9,21
39117,Tm2,20976,LC4,5,acetylcholine,28,17
31593,Li25,20976,LC4,5,gaba,28,12
30090,T2,20976,LC4,5,acetylcholine,27,17
25524,LPLC2,20976,LC4,5,acetylcholine,10,21
23202,LC4,20976,LC4,5,acetylcholine,10,14
20967,LC4,20976,LC4,5,acetylcholine,23,8
18478,LC4,20976,LC4,5,acetylcholine,11,14
14979,MeLo8,20976,LC4,5,gaba,23,13
13107,LC9,20976,LC4,5,acetylcholine,5,30
535868,T2,31308,LC4,5,acetylcholine,28,6
532341,Tm2,31308,LC4,5,acetylcholine,11,21
530737,Tm2,31308,LC4,5,acetylcholine,25,9
524529,Tm5c,31308,LC4,5,glutamate,12,21
519650,LC4,31308,LC4,5,acetylcholine,4,22
517647,T2,31308,LC4,5,acetylcholine,19,23
516909,LC4,31308,LC4,5,acetylcholine,14,3
516384,TmY21,31308,LC4,5,acetylcholine,13,21
512139,TmY3,31308,LC4,5,acetylcholine,24,30
168512,TmY18,31308,LC4,5,acetylcholine,14,21
136473,Tm4,31308,LC4,5,acetylcholine,18,20
128131,Tm3,31308,LC4,5,acetylcholine,23,19
125927,LPLC1,31308,LC4,5,acetylcholine,23,23
106234,TmY18,31308,LC4,5,acetylcholine,15,21
100485,LC4,31308,LC4,5,acetylcholine,23,20
89063,Y14,31308,LC4,5,glutamate,16,21
77817,T2,31308,LC4,5,acetylcholine,25,3
77096,T2,31308,LC4,5,acetylcholine,0,25
72947,Tm4,31308,LC4,5,acetylcholine,21,21
57844,Y11,31308,LC4,5,glutamate,17,21
53004,Tm2,31308,LC4,5,acetylcholine,15,23
29138,Tlp14,31308,LC4,5,glutamate,9,9
25150,Tm2,31308,LC4,5,acetylcholine,18,21
24523,LC4,31308,LC4,5,acetylcholine,30,17
22772,LC4,31308,LC4,5,acetylcholine,3,28
22257,PVLP046,31308,LC4,5,gaba,16,12
17139,TmY15,31308,LC4,5,gaba,19,21
13846,Li29,31308,LC4,5,gaba,23,21
13308,Li29,31308,LC4,5,gaba,14,19
551340,TmY3,17270,LC4,5,acetylcholine,30,9
545728,T2,17270,LC4,5,acetylcholine,22,6
530648,TmY3,17270,LC4,5,acetylcholine,0,29
529815,Tm4,17270,LC4,5,acetylcholine,27,16
517752,LC4,17270,LC4,5,acetylcholine,11,21
514040,Li15,17270,LC4,5,gaba,20,21
512121,CB1280,17270,LC4,5,acetylcholine,12,21
115948,Tm4,17270,LC4,5,acetylcholine,0,10
105392,T2,17270,LC4,5,acetylcholine,19,2
103649,T2,17270,LC4,5,acetylcholine,18,19
101472,Tm4,17270,LC4,5,acetylcholine,21,21
99616,T2,17270,LC4,5,acetylcholine,25,31
82926,TmY3,17270,LC4,5,acetylcholine,23,6
80673,Tm3,17270,LC4,5,acetylcholine,22,21
79616,Tm4,17270,LC4,5,acetylcholine,19,15
78616,Tm3,17270,LC4,5,acetylcholine,23,21
74254,Tm3,17270,LC4,5,acetylcholine,21,3
69679,Tm4,17270,LC4,5,acetylcholine,26,15
63620,Tm37,17270,LC4,5,glutamate,24,2
59972,Tm3,17270,LC4,5,acetylcholine,24,21
57104,Tm2,17270,LC4,5,acetylcholine,4,4
50119,TmY3,17270,LC4,5,acetylcholine,0,7
46269,T2,17270,LC4,5,acetylcholine,10,10
40730,Tm2,17270,LC4,5,acetylcholine,25,21
38072,Li25,17270,LC4,5,gaba,28,24
34028,T2,17270,LC4,5,acetylcholine,21,15
29136,TmY18,17270,LC4,5,acetylcholine,26,21
28802,Li26,17270,LC4,5,gaba,0,20
27829,LC4,17270,LC4,5,acetylcholine,0,21
23202,LC4,17270,LC4,5,acetylcholine,10,14
23006,Tm4,17270,LC4,5,acetylcholine,5,2
22257,PVLP046,17270,LC4,5,gaba,16,12
21282,LPLC1,17270,LC4,5,acetylcholine,18,10
16596,Li28,17270,LC4,5,gaba,1,4
16040,Pm7_Li28,17270,LC4,5,gaba,7,0
14209,Li28,17270,LC4,5,gaba,7,1
12710,LoVC14,17270,LC4,5,gaba,27,22
12375,MeVC26,17270,LC4,5,acetylcholine,23,22
11102,PVLP046,17270,LC4,5,gaba,20,4
10776,LoVC7,17270,LC4,5,gaba,2,1
10074,PVLP010,17270,LC4,5,glutamate,6,4
543562,TmY3,516909,LC4,5,acetylcholine,3,25
542339,T2,516909,LC4,5,acetylcholine,12,27
542245,Tm4,516909,LC4,5,acetylcholine,5,31
535636,T2,516909,LC4,5,acetylcholine,7,31
533513,Tm2,516909,LC4,5,acetylcholine,27,21
530351,Tm2,516909,LC4,5,acetylcholine,16,16
529759,Tm3,516909,LC4,5,acetylcholine,28,21
520449,LC4,516909,LC4,5,acetylcholine,0,2
517979,Tm4,516909,LC4,5,acetylcholine,0,26
517274,Tm4,516909,LC4,5,acetylcholine,7,13
516875,TmY3,516909,LC4,5,acetylcholine,6,5
512199,Li17,516909,LC4,5,gaba,1,2
133217,T2,516909,LC4,5,acetylcholine,17,24
123170,T2,516909,LC4,5,acetylcholine,28,16
112292,LPLC2,516909,LC4,5,acetylcholine,29,21
107301,Tm3,516909,LC4,5,acetylcholine,30,21
89577,Tm3,516909,LC4,5,acetylcholine,23,19
77683,Tm4,516909,LC4,5,acetylcholine,28,27
77503,T2,516909,LC4,5,acetylcholine,2,7
75733,LPi_unclear,516909,LC4,5,glutamate,0,27
74463,T2,516909,LC4,5,acetylcholine,15,27
73571,Y14,516909,LC4,5,glutamate,31,21
66310,Tm2,516909,LC4,5,acetylcholine,0,22
60766,Tm2,516909,LC4,5,acetylcholine,1,22
53703,Tm2,516909,LC4,5,acetylcholine,2,22
49293,T2,516909,LC4,5,acetylcholine,13,11
46402,TmY3,516909,LC4,5,acetylcholine,14,2
44508,T2,516909,LC4,5,acetylcholine,14,18
32495,LC9,516909,LC4,5,acetylcholine,24,5
27120,TmY15,516909,LC4,5,gaba,3,22
26683,Y11,516909,LC4,5,glutamate,4,22
23145,T2,516909,LC4,5,acetylcholine,16,11
22715,Li16,516909,LC4,5,glutamate,25,15
20967,LC4,516909,LC4,5,acetylcholine,23,8
20859,LC4,516909,LC4,5,acetylcholine,5,26
542258,Tm3,515900,LC4,5,acetylcholine,5,22
539118,T2,515900,LC4,5,acetylcholine,8,2
537955,Tm37,515900,LC4,5,glutamate,6,22
535341,LC4,515900,LC4,5,acetylcholine,18,9
518508,Tm3,515900,LC4,5,acetylcholine,7,22
515076,Tm4,515900,LC4,5,acetylcholine,8,22
513338,MeLo2,515900,LC4,5,acetylcholine,9,22
147622,LLPC2,515900,LC4,5,acetylcholine,10,22
132515,T2,515900,LC4,5,acetylcholine,11,22
131128,T2,515900,LC4,5,acetylcholine,29,5
114483,Li14,515900,LC4,5,glutamate,12,22
111836,T2,515900,LC4,5,acetylcholine,23,22
110000,T2,515900,LC4,5,acetylcholine,23,17
96716,T2,515900,LC4,5,acetylcholine,16,19
84281,Tm4,515900,LC4,5,acetylcholine,17,13
84238,Tm3,515900,LC4,5,acetylcholine,13,22
80102,Tm2,515900,LC4,5,acetylcholine,14,22
77216,TmY3,515900,LC4,5,acetylcholine,27,17
75855,Tm3,515900,LC4,5,acetylcholine,0,2
74806,Tm3,515900,LC4,5,acetylcholine,15,22
71741,Li14,515900,LC4,5,glutamate,16,22
71118,Tm4,515900,LC4,5,acetylcholine,9,23
66767,Tm3,515900,LC4,5,acetylcholine,17,22
65897,TmY3,515900,LC4,5,acetylcholine,10,15
59133,Tm2,515900,LC4,5,acetylcholine,18,22
56617,T2,515900,LC4,5,acetylcholine,12,18
54034,Tm2,515900,LC4,5,acetylcholine,19,22
50954,Tm2,515900,LC4,5,acetylcholine,20,22
50472,Tm2,515900,LC4,5,acetylcholine,21,22
50155,Tm3,515900,LC4,5,acetylcholine,22,22
48213,T2,515900,LC4,5,acetylcholine,15,23
46478,Tm2,515900,LC4,5,acetylcholine,3,17
35448,TmY3,515900,LC4,5,acetylcholine,5,13
32973,Li25,515900,LC4,5,gaba,16,6
25726,Tm3,515900,LC4,5,acetylcholine,23,22
23202,LC4,515900,LC4,5,acetylcholine,10,14
21732,Tm4,515900,LC4,5,acetylcholine,24,22
21721,LC4,515900,LC4,5,acetylcholine,27,21
20967,LC4,515900,LC4,5,acetylcholine,23,8
19830,LPLC2,515900,LC4,5,acetylcholine,11,9
18096,T2,515900,LC4,5,acetylcholine,30,28
17270,LC4,515900,LC4,5,acetylcholine,20,31
16768,LPLC1,515900,LC4,5,acetylcholine,25,22
16661,Li15,515900,LC4,5,gaba,11,2
15263,Li28,515900,LC4,5,gaba,3,2
10908,LT37,515900,LC4,5,gaba,10,11
535341,LC4,31429,LC4,5,acetylcholine,18,9
532101,TmY3,31429,LC4,5,acetylcholine,27,12
521794,Tm4,31429,LC4,5,acetylcholine,5,4
517605,T2,31429,LC4,5,acetylcholine,12,22
139395,Tm3,31429,LC4,5,acetylcholine,5,26
126979,Tm4,31429,LC4,5,acetylcholine,16,2
114569,T2,31429,LC4,5,acetylcholine,25,23
110223,T2,31429,LC4,5,acetylcholine,8,25
106757,T2,31429,LC4,5,acetylcholine,21,23
106305,T2,31429,LC4,5,acetylcholine,31,19
101018,T2,31429,LC4,5,acetylcholine,1,2
100485,LC4,31429,LC4,5,acetylcholine,23,20
88450,Tm4,31429,LC4,5,acetylcholine,12,10
83405,T2,31429,LC4,5,acetylcholine,9,5
80041,Tm4,31429,LC4,5,acetylcholine,22,2
74122,T2,31429,LC4,5,acetylcholine,26,31
54653,Li14,31429,LC4,5,glutamate,26,22
47152,Tm4,31429,LC4,5,acetylcholine,25,9
43043,Tm2,31429,LC4,5,acetylcholine,7,6
42361,Tm2,31429,LC4,5,acetylcholine,4,22
32597,LC4,31429,LC4,5,acetylcholine,23,4
30087,LC4,31429,LC4,5,acetylcholine,1,26
29815,LPLC2,31429,LC4,5,acetylcholine,27,22
29514,LC4,31429,LC4,5,acetylcholine,15,27
29417,LC4,31429,LC4,5,acetylcholine,15,22
26931,TmY15,31429,LC4,5,gaba,10,26
26736,Li26,31429,LC4,5,gaba,20,24
17340,LC4,31429,LC4,5,acetylcholine,30,27
13846,Li29,31429,LC4,5,gaba,23,21
11102,PVLP046,31429,LC4,5,gaba,20,4
10251,MeVP53,31429,LC4,5,gaba,13,27
107193,T2,19794,LC4,5,acetylcholine,15,8
106838,Tm2,19794,LC4,5,acetylcholine,28,22
99278,Tm4,19794,LC4,5,acetylcholine,16,8
97958,T2,19794,LC4,5,acetylcholine,31,29
94346,T2,19794,LC4,5,acetylcholine,25,13
93132,T2,19794,LC4,5,acetylcholine,18,8
86723,Tm4,19794,LC4,5,acetylcholine,29,22
86302,Tm4,19794,LC4,5,acetylcholine,28,25
84576,Tm3,19794,LC4,5,acetylcholine,30,22
81902,Tm4,19794,LC4,5,acetylcholine,9,16
81088,Tm3,19794,LC4,5,acetylcholine,31,22
79923,Tm4,19794,LC4,5,acetylcholine,14,1
74679,Tm3,19794,LC4,5,acetylcholine,25,24
74251,Tm4,19794,LC4,5,acetylcholine,24,26
74087,Tm3,19794,LC4,5,acetylcholine,0,23
73896,Tm2,19794,LC4,5,acetylcholine,1,23
71202,Tm2,19794,LC4,5,acetylcholine,2,23
66631,Tm2,19794,LC4,5,acetylcholine,29,29
59900,Tm2,19794,LC4,5,acetylcholine,24,8
59055,Tm2,19794,LC4,5,acetylcholine,26,19
56278,Tm2,19794,LC4,5,acetylcholine,26,26
55043,TmY3,19794,LC4,5,acetylcholine,25,18
50998,Tm2,19794,LC4,5,acetylcholine,9,22
50953,Y11,19794,LC4,5,glutamate,3,23
48054,Y14,19794,LC4,5,glutamate,4,23
45866,Tlp12,19794,LC4,5,glutamate,15,2
42263,Li34a,19794,LC4,5,gaba,5,23
41045,LLPC2,19794,LC4,5,acetylcholine,6,23
35952,MeLo2,19794,LC4,5,acetylcholine,7,23
35338,Li25,19794,LC4,5,gaba,27,2
33580,Li34a,19794,LC4,5,gaba,1,29
32077,Tlp12,19794,LC4,5,glutamate,8,23
26800,LC9,19794,LC4,5,acetylcholine,6,27
26751,Li26,19794,LC4,5,gaba,24,7
25753,TmY19a,19794,LC4,5,gaba,17,4
20310,TmY19a,19794,LC4,5,gaba,13,13
19550,LC4,19794,LC4,5,acetylcholine,10,29
19420,LC4,19794,LC4,5,acetylcholine,28,27
19260,LC4,19794,LC4,5,acetylcholine,22,12
18189,LC4,19794,LC4,5,acetylcholine,4,11
16628,LC4,19794,LC4,5,acetylcholine,30,29
16128,LC4,19794,LC4,5,acetylcholine,18,2
12912,MeLo8,19794,LC4,5,gaba,12,2
11628,LT40,19794,LC4,5,gaba,27,4
11102,PVLP046,19794,LC4,5,gaba,20,4
10480,MeVP53,19794,LC4,5,gaba,11,7
95606,T2,17266,LC4,5,acetylcholine,8,25
95175,T2,17266,LC4,5,acetylcholine,20,15
91352,Tm3,17266,LC4,5,acetylcholine,9,23
90689,T2,17266,LC4,5,acetylcholine,26,24
90666,Tm3,17266,LC4,5,acetylcholine,10,23
90084,T2,17266,LC4,5,acetylcholine,20,1
88295,T2,17266,LC4,5,acetylcholine,28,25
87668,T2,17266,LC4,5,acetylcholine,9,10
87362,Tm3,17266,LC4,5,acetylcholine,11,23
82808,Tm4,17266,LC4,5,acetylcholine,30,30
81788,Tm3,17266,LC4,5,acetylcholine,21,4
80893,Tm2,17266,LC4,5,acetylcholine,19,15
80803,Tm2,17266,LC4,5,acetylcholine,12,23
79378,Tm4,17266,LC4,5,acetylcholine,30,31
79366,Tm3,17266,LC4,5,acetylcholine,3,13
79192,Tm3,17266,LC4,5,acetylcholine,0,5
79096,Tm3,17266,LC4,5,acetylcholine,8,12
78866,Tm4,17266,LC4,5,acetylcholine,15,30
78168,Tm4,17266,LC4,5,acetylcholine,19,5
77578,Tm4,17266,LC4,5,acetylcholine,9,12
77326,Tm4,17266,LC4,5,acetylcholine,2,27
75081,Tm4,17266,LC4,5,acetylcholine,29,24
68064,Tm5c,17266,LC4,5,glutamate,13,23
64582,Tm2,17266,LC4,5,acetylcholine,14,23
62490,TmY3,17266,LC4,5,acetylcholine,28,16
60733,Tm2,17266,LC4,5,acetylcholine,4,27
58656,Tm2,17266,LC4,5,acetylcholine,6,27
45240,Li14,17266,LC4,5,glutamate,17,10
41911,Li25,17266,LC4,5,gaba,30,22
41610,TmY21,17266,LC4,5,acetylcholine,17,20
34772,MeLo2,17266,LC4,5,acetylcholine,15,23
31779,Li25,17266,LC4,5,gaba,26,14
26112,LC4,17266,LC4,5,acetylcholine,31,10
25956,Li30,17266,LC4,5,gaba,9,8
23392,LC4,17266,LC4,5,acetylcholine,7,2
21313,LC4,17266,LC4,5,acetylcholine,17,25
20703,Li26,17266,LC4,5,gaba,7,19
20016,LC4,17266,LC4,5,acetylcholine,12,16
19550,LC4,17266,LC4,5,acetylcholine,10,29
16930,CB3513,17266,LC4,5,gaba,14,17
16659,PVLP011,17266,LC4,5,gaba,11,20
14886,Li17,17266,LC4,5,gaba,27,3
11180,LoVC5,17266,LC4,5,gaba,15,23
533354,Tm3,20588,LC4,5,acetylcholine,16,23
527690,PVLP022,20588,LC4,5,gaba,22,10
135852,T5a,20588,LC4,5,acetylcholine,17,23
133855,Tm4,20588,LC4,5,acetylcholine,29,8
130339,T5c,20588,LC4,5,acetylcholine,18,23
129789,T5a,20588,LC4,5,acetylcholine,19,23
110497,Tm6,20588,LC4,5,acetylcholine,20,23
92078,Tm3,20588,LC4,5,acetylcholine,21,23
86632,Tm4,20588,LC4,5,acetylcholine,22,23
86460,Tm3,20588,LC4,5,acetylcholine,23,23
85948,Tm4,20588,LC4,5,acetylcholine,25,20
83888,Li14,20588,LC4,5,glutamate,24,23
83527,Tm3,20588,LC4,5,acetylcholine,25,23
73888,T2,20588,LC4,5,acetylcholine,29,11
73874,T2,20588,LC4,5,acetylcholine,24,4
72830,TmY3,20588,LC4,5,acetylcholine,9,25
66906,Tm2,20588,LC4,5,acetylcholine,26,23
66872,T2,20588,LC4,5,acetylcholine,19,30
66434,TmY3,20588,LC4,5,acetylcholine,12,22
62838,TmY3,20588,LC4,5,acetylcholine,9,0
61960,T2,20588,LC4,5,acetylcholine,9,3
60174,Tm2,20588,LC4,5,acetylcholine,2,23
58404,Tm2,20588,LC4,5,acetylcholine,16,7
56127,Tm2,20588,LC4,5,acetylcholine,7,3
52139,Li14,20588,LC4,5,glutamate,2,13
42860,Li13,20588,LC4,5,gaba,8,0
37466,Y12,20588,LC4,5,glutamate,8,6
34297,TmY15,20588,LC4,5,gaba,27,23
31257,LPLC2,20588,LC4,5,acetylcholine,28,23
30856,LC9,20588,LC4,5,acetylcholine,5,9
26112,LC4,20588,LC4,5,acetylcholine,31,10
22975,LC4,20588,LC4,5,acetylcholine,30,0
22034,LC4,20588,LC4,5,acetylcholine,14,15
21336,LC4,20588,LC4,5,acetylcholine,14,15
21313,LC4,20588,LC4,5,acetylcholine,17,25
20399,LC4,20588,LC4,5,acetylcholine,31,9
19543,LC4,20588,LC4,5,acetylcholine,18,9
15468,MeLo8,20588,LC4,5,gaba,8,9
15281,Li17,20588,LC4,5,gaba,0,15
539078,Tm4,22772,LC4,5,acetylcholine,13,28
536419,MeLo2,22772,LC4,5,acetylcholine,7,0
535341,LC4,22772,LC4,5,acetylcholine,18,9
533421,Tlp13,22772,LC4,5,glutamate,2,16
520449,LC4,22772,LC4,5,acetylcholine,0,2
517647,T2,22772,LC4,5,acetylcholine,19,23
517829,Li15,22772,LC4,5,gaba,25,18
516909,LC4,22772,LC4,5,acetylcholine,14,3
514407,Li29,22772,LC4,5,gaba,1,23
511914,LC4,22772,LC4,5,acetylcholine,18,22
145534,Tm3,22772,LC4,5,acetylcholine,29,23
138886,Tm4,22772,LC4,5,acetylcholine,4,9
124256,Tm3,22772,LC4,5,acetylcholine,30,23
103709,T2,22772,LC4,5,acetylcholine,11,1
101846,T2,22772,LC4,5,acetylcholine,7,9
99657,T2,22772,LC4,5,acetylcholine,12,1
98127,Tm3,22772,LC4,5,acetylcholine,31,23
95785,Tm3,22772,LC4,5,acetylcholine,19,24
94014,T2,22772,LC4,5,acetylcholine,6,9
88748,T2,22772,LC4,5,acetylcholine,20,28
86658,Tm3,22772,LC4,5,acetylcholine,0,24
86047,Tm4,22772,LC4,5,acetylcholine,23,3
83155,Tm5Y,22772,LC4,5,acetylcholine,0,11
80805,Tm4,22772,LC4,5,acetylcholine,5,20
79551,Tm4,22772,LC4,5,acetylcholine,4,8
76335,Tm4,22772,LC4,5,acetylcholine,15,23
71693,Tm5Y,22772,LC4,5,acetylcholine,1,24
71685,Tm4,22772,LC4,5,acetylcholine,0,22
70560,Tm2,22772,LC4,5,acetylcholine,2,24
65209,Tm37,22772,LC4,5,glutamate,3,24
58392,Tm2,22772,LC4,5,acetylcholine,4,24
37783,LLPC2,22772,LC4,5,acetylcholine,5,24
37395,Tm2,22772,LC4,5,acetylcholine,6,24
31301,LC4,22772,LC4,5,acetylcholine,12,9
28980,LC4,22772,LC4,5,acetylcholine,13,9
25438,SAD064,22772,LC4,5,acetylcholine,5,5
24360,Li34a,22772,LC4,5,gaba,7,24
22922,LC4,22772,LC4,5,acetylcholine,17,3
20150,LC9,22772,LC4,5,acetylcholine,24,9
17775,LPLC2,22772,LC4,5,acetylcholine,8,24
16917,LC4,22772,LC4,5,acetylcholine,10,27
16596,Li28,22772,LC4,5,gaba,1,4
13600,CB2664,22772,LC4,5,acetylcholine,10,21
10908,LT37,22772,LC4,5,gaba,10,11
10158,LT56,22772,LC4,5,glutamate,31,5
537017,Li15,20917,LC4,5,gaba,8,14
527699,SAD064,20917,LC4,5,acetylcholine,4,13
112461,Tm3,20917,LC4,5,acetylcholine,9,24
81768,Tm3,20917,LC4,5,acetylcholine,10,24
79992,Tm2,20917,LC4,5,acetylcholine,24,30
78500,T2,20917,LC4,5,acetylcholine,17,26
78137,Tm3,20917,LC4,5,acetylcholine,11,24
77987,T2,20917,LC4,5,acetylcholine,2,14
75899,T2,20917,LC4,5,acetylcholine,30,6
73786,Tm4,20917,LC4,5,acetylcholine,19,9
73189,Tm3,20917,LC4,5,acetylcholine,12,24
71390,Tm4,20917,LC4,5,acetylcholine,23,5
68962,T2,20917,LC4,5,acetylcholine,30,0
67949,Tm37,20917,LC4,5,glutamate,13,24
65101,Li14,20917,LC4,5,glutamate,14,24
64960,T2,20917,LC4,5,acetylcholine,14,15
64878,T2,20917,LC4,5,acetylcholine,26,31
59052,Tm37,20917,LC4,5,glutamate,15,24
58844,Tm4,20917,LC4,5,acetylcholine,6,31
53924,Li14,20917,LC4,5,glutamate,20,18
53900,Tm2,20917,LC4,5,acetylcholine,8,3
50915,Tm2,20917,LC4,5,acetylcholine,16,24
49510,Tm2,20917,LC4,5,acetylcholine,22,2
41917,Li25,20917,LC4,5,gaba,17,24
26730,LPLC2,20917,LC4,5,acetylcholine,18,24
21769,LPLC2,20917,LC4,5,acetylcholine,31,0
21722,LPLC1,20917,LC4,5,acetylcholine,5,11
21336,LC4,20917,LC4,5,acetylcholine,14,15
21151,LC4,20917,LC4,5,acetylcholine,16,21
19892,TmY19a,20917,LC4,5,gaba,19,24
19549,LPLC2,20917,LC4,5,acetylcholine,9,16
17364,LC4,20917,LC4,5,acetylcholine,21,11
16628,LC4,20917,LC4,5,acetylcholine,30,29
16459,PVLP024,20917,LC4,5,gaba,5,15
16396,TmY19a,20917,LC4,5,gaba,25,19
11394,Li16,20917,LC4,5,glutamate,20,27
549138,Tm37,77614,LC4,5,glutamate,20,24
539807,Y14,77614,LC4,5,glutamate,21,24
539770,Li15,77614,LC4,5,gaba,22,12
539272,Tm2,77614,LC4,5,acetylcholine,16,27
537054,TmY3,77614,LC4,5,acetylcholine,22,11
535524,Tm4,77614,LC4,5,acetylcholine,4,26
531160,Tm4,77614,LC4,5,acetylcholine,16,12
517958,TmY3,77614,LC4,5,acetylcholine,10,24
517293,Tm2,77614,LC4,5,acetylcholine,0,15
513749,T2,77614,LC4,5,acetylcholine,5,16
512650,Tm4,77614,LC4,5,acetylcholine,22,24
512066,Li14,77614,LC4,5,glutamate,17,16
118066,Tm3,77614,LC4,5,acetylcholine,9,7
113094,T2,77614,LC4,5,acetylcholine,23,20
106305,T2,77614,LC4,5,acetylcholine,31,19
90887,Tm3,77614,LC4,5,acetylcholine,23,24
86164,Tm4,77614,LC4,5,acetylcholine,14,5
77773,T2,77614,LC4,5,acetylcholine,1,17
76629,TmY3,77614,LC4,5,acetylcholine,14,7
74784,T2,77614,LC4,5,acetylcholine,13,9
58294,Tm4,77614,LC4,5,acetylcholine,16,9
46141,TmY3,77614,LC4,5,acetylcholine,30,21
45756,Li14,77614,LC4,5,glutamate,17,9
42522,Tm2,77614,LC4,5,acetylcholine,15,1
26416,LPLC2,77614,LC4,5,acetylcholine,24,24
25171,TmY15,77614,LC4,5,gaba,29,16
23650,T2,77614,LC4,5,acetylcholine,20,10
18506,LPLC1,77614,LC4,5,acetylcholine,25,24
15055,Li26,77614,LC4,5,gaba,25,6
13405,CB4179,77614,LC4,5,gaba,11,17
108550,Tm4,24338,LC4,5,acetylcholine,21,7
102401,T2,24338,LC4,5,acetylcholine,28,11
86630,Tm3,24338,LC4,5,acetylcholine,26,24
84248,Tm5Y,24338,LC4,5,acetylcholine,27,24
80108,Tm4,24338,LC4,5,acetylcholine,6,1
79083,Tm3,24338,LC4,5,acetylcholine,28,24
75712,Tm3,24338,LC4,5,acetylcholine,29,24
75608,Tm4,24338,LC4,5,acetylcholine,17,30
72373,Y14,24338,LC4,5,glutamate,14,7
72542,Tm4,24338,LC4,5,acetylcholine,4,0
70348,Tm4,24338,LC4,5,acetylcholine,21,29
69466,Tm4,24338,LC4,5,acetylcholine,30,24
67580,T2,24338,LC4,5,acetylcholine,18,20
65603,Tm37,24338,LC4,5,glutamate,31,24
60602,Tm2,24338,LC4,5,acetylcholine,11,17
53979,Tm2,24338,LC4,5,acetylcholine,15,15
51925,Tm2,24338,LC4,5,acetylcholine,29,30
51300,Li14,24338,LC4,5,glutamate,0,25
38909,Li13,24338,LC4,5,gaba,1,25
37703,Tlp12,24338,LC4,5,glutamate,29,29
36310,Li25,24338,LC4,5,gaba,22,30
34308,Li25,24338,LC4,5,gaba,11,28
29563,LC4,24338,LC4,5,acetylcholine,28,5
27194,PVLP046,24338,LC4,5,gaba,18,3
23929,LC4,24338,LC4,5,acetylcholine,9,25
23434,Li26,24338,LC4,5,gaba,25,0
21562,LPLC2,24338,LC4,5,acetylcholine,2,25
21336,LC4,24338,LC4,5,acetylcholine,14,15
20588,LC4,24338,LC4,5,acetylcholine,30,9
17939,PVLP046,24338,LC4,5,gaba,1,19
15497,TmY19a,24338,LC4,5,gaba,10,7
15073,MeLo8,24338,LC4,5,gaba,15,4
11394,Li16,24338,LC4,5,glutamate,20,27
883314150,,18396,LC4,5,unclear,3,25
515993,Li25,18396,LC4,5,gaba,31,26
512705,LC4,18396,LC4,5,acetylcholine,30,18
512134,T2,18396,LC4,5,acetylcholine,31,31
158040,Tm3,18396,LC4,5,acetylcholine,4,25
106871,T2,18396,LC4,5,acetylcholine,21,12
96986,Tm3,18396,LC4,5,acetylcholine,27,15
93780,Tm4,18396,LC4,5,acetylcholine,6,31
90178,Y14,18396,LC4,5,glutamate,5,25
87838,T2,18396,LC4,5,acetylcholine,7,31
85466,Tm4,18396,LC4,5,acetylcholine,10,10
75273,Tm4,18396,LC4,5,acetylcholine,6,25
71616,T2,18396,LC4,5,acetylcholine,3,8
69444,Tm2,18396,LC4,5,acetylcholine,11,31
69125,TmY3,18396,LC4,5,acetylcholine,1,11
61728,Tm2,18396,LC4,5,acetylcholine,7,25
43160,Li_unclear,18396,LC4,5,gaba,26,15
37587,LC4,18396,LC4,5,acetylcholine,16,1
32597,LC4,18396,LC4,5,acetylcholine,23,4
27987,Tm4,18396,LC4,5,acetylcholine,10,12
24275,Li15,18396,LC4,5,gaba,14,0
18140,TmY19b,18396,LC4,5,gaba,5,8
16809,LC4,18396,LC4,5,acetylcholine,7,20
16596,Li28,18396,LC4,5,gaba,1,4
16499,TmY19b,18396,LC4,5,gaba,2,30
15994,CB3513,18396,LC4,5,gaba,13,14
15000,PVLP046,18396,LC4,5,gaba,8,25
13846,Li29,18396,LC4,5,gaba,23,21
537029,MeLo8,22194,LC4,5,gaba,8,31
527690,PVLP022,22194,LC4,5,gaba,22,10
94302,Tm3,22194,LC4,5,acetylcholine,9,25
89728,Tm3,22194,LC4,5,acetylcholine,10,25
83507,Tm3,22194,LC4,5,acetylcholine,27,17
80989,Tm3,22194,LC4,5,acetylcholine,7,19
72936,Tm37,22194,LC4,5,glutamate,11,25
72245,T2,22194,LC4,5,acetylcholine,23,29
72244,T2,22194,LC4,5,acetylcholine,2,25
71929,T2,22194,LC4,5,acetylcholine,5,0
71222,Tm4,22194,LC4,5,acetylcholine,13,18
69453,Y14,22194,LC4,5,glutamate,12,25
64612,T2,22194,LC4,5,acetylcholine,22,22
63645,TmY3,22194,LC4,5,acetylcholine,24,28
61960,T2,22194,LC4,5,acetylcholine,9,3
54866,Tm2,22194,LC4,5,acetylcholine,13,25
54216,TmY3,22194,LC4,5,acetylcholine,7,2
52941,LLPC2,22194,LC4,5,acetylcholine,14,25
49985,Y14,22194,LC4,5,glutamate,31,30
49371,MeLo2,22194,LC4,5,acetylcholine,27,21
46001,Tm2,22194,LC4,5,acetylcholine,11,1
44592,TmY3,22194,LC4,5,acetylcholine,7,10
44449,TmY3,22194,LC4,5,acetylcholine,18,11
43431,Tlp12,22194,LC4,5,glutamate,16,22
39499,Li25,22194,LC4,5,gaba,2,24
33897,LPLC1,22194,LC4,5,acetylcholine,15,25
26565,TmY15,22194,LC4,5,gaba,16,25
25518,Tlp14,22194,LC4,5,glutamate,17,25
20588,LC4,22194,LC4,5,acetylcholine,30,9
17926,LC4,22194,LC4,5,acetylcholine,5,11
16659,PVLP011,22194,LC4,5,gaba,11,20
14778,MeLo8,22194,LC4,5,gaba,30,22
13850,Li29,22194,LC4,5,gaba,28,11
542160,Y14,23392,LC4,5,glutamate,17,25
512617,CB2153,23392,LC4,5,acetylcholine,18,25
122308,Tm3,23392,LC4,5,acetylcholine,21,7
117627,Tm3,23392,LC4,5,acetylcholine,2,1
103052,Tm4,23392,LC4,5,acetylcholine,2,21
94202,T5c,23392,LC4,5,acetylcholine,19,25
91688,Tm37,23392,LC4,5,glutamate,20,25
82614,T2,23392,LC4,5,acetylcholine,15,31
80623,Tm2,23392,LC4,5,acetylcholine,0,13
78825,Tm2,23392,LC4,5,acetylcholine,21,9
77812,T2,23392,LC4,5,acetylcholine,25,29
76524,Tm3,23392,LC4,5,acetylcholine,21,25
74940,T2,23392,LC4,5,acetylcholine,14,0
74706,T2,23392,LC4,5,acetylcholine,9,5
73320,T2,23392,LC4,5,acetylcholine,22,0
72982,T2,23392,LC4,5,acetylcholine,7,26
72194,Tm3,23392,LC4,5,acetylcholine,15,29
72246,T2,23392,LC4,5,acetylcholine,8,15
69293,Tm4,23392,LC4,5,acetylcholine,4,6
68811,Tm2,23392,LC4,5,acetylcholine,10,16
67353,T2,23392,LC4,5,acetylcholine,16,20
65766,Tm4,23392,LC4,5,acetylcholine,28,1
65034,T2,23392,LC4,5,acetylcholine,9,15
64579,T2,23392,LC4,5,acetylcholine,23,7
63747,T2,23392,LC4,5,acetylcholine,15,11
62340,T2,23392,LC4,5,acetylcholine,0,27
55158,Tm2,23392,LC4,5,acetylcholine,16,0
55098,TmY3,23392,LC4,5,acetylcholine,29,26
51445,Tm2,23392,LC4,5,acetylcholine,22,25
48002,Tm2,23392,LC4,5,acetylcholine,23,25
45011,MeLo2,23392,LC4,5,acetylcholine,24,25
43225,Tlp13,23392,LC4,5,glutamate,9,7
36576,TmY15,23392,LC4,5,gaba,25,25
31112,MeLo2,23392,LC4,5,acetylcholine,31,26
22261,LPLC2,23392,LC4,5,acetylcholine,26,25
22257,PVLP046,23392,LC4,5,gaba,16,12
21540,LPLC1,23392,LC4,5,acetylcholine,24,24
21165,LC4,23392,LC4,5,acetylcholine,1,18
19543,LC4,23392,LC4,5,acetylcholine,18,9
512617,CB2153,21225,LC4,5,acetylcholine,18,25
108482,TmY18,21225,LC4,5,acetylcholine,27,25
99885,Tm4,21225,LC4,5,acetylcholine,3,21
81215,Tm3,21225,LC4,5,acetylcholine,28,25
72794,Tm3,21225,LC4,5,acetylcholine,29,25
71489,T2,21225,LC4,5,acetylcholine,26,7
71131,Tm3,21225,LC4,5,acetylcholine,24,5
70125,T2,21225,LC4,5,acetylcholine,26,22
68890,T2,21225,LC4,5,acetylcholine,18,17
68709,Tm5Y,21225,LC4,5,acetylcholine,30,25
68190,Tm4,21225,LC4,5,acetylcholine,4,29
66737,T2,21225,LC4,5,acetylcholine,21,0
64957,Tm4,21225,LC4,5,acetylcholine,10,5
64050,T2,21225,LC4,5,acetylcholine,7,20
63924,Tm4,21225,LC4,5,acetylcholine,2,31
62333,Tm4,21225,LC4,5,acetylcholine,26,7
61045,TmY3,21225,LC4,5,acetylcholine,8,27
61037,Tm4,21225,LC4,5,acetylcholine,6,2
59599,T2,21225,LC4,5,acetylcholine,26,31
59361,TmY3,21225,LC4,5,acetylcholine,28,26
59323,T2,21225,LC4,5,acetylcholine,16,7
58599,T2,21225,LC4,5,acetylcholine,15,20
52677,Tm2,21225,LC4,5,acetylcholine,7,2
47823,TmY3,21225,LC4,5,acetylcholine,5,5
47719,Tm2,21225,LC4,5,acetylcholine,31,25
47457,Tm2,21225,LC4,5,acetylcholine,31,7
43277,Tlp12,21225,LC4,5,glutamate,22,9
43154,LLPC2,21225,LC4,5,acetylcholine,3,3
42846,Y14,21225,LC4,5,glutamate,0,26
41154,MeLo13,21225,LC4,5,glutamate,1,26
38778,Y12,21225,LC4,5,glutamate,2,26
34648,MeLo2,21225,LC4,5,acetylcholine,1,1
30067,Y12,21225,LC4,5,glutamate,25,0
28076,Tm2,21225,LC4,5,acetylcholine,25,2
21899,LPLC2,21225,LC4,5,acetylcholine,23,9
20399,LC4,21225,LC4,5,acetylcholine,31,9
19924,CB2664,21225,LC4,5,acetylcholine,30,26
19794,LC4,21225,LC4,5,acetylcholine,31,18
17054,LC4,21225,LC4,5,acetylcholine,9,4
16628,LC4,21225,LC4,5,acetylcholine,30,29
15281,Li17,21225,LC4,5,gaba,0,15
13850,Li29,21225,LC4,5,gaba,28,11
11628,LT40,21225,LC4,5,gaba,27,4
559502441,Tm4,533129,LC4,5,acetylcholine,17,13
549120,T2,533129,LC4,5,acetylcholine,16,24
542510,Li14,533129,LC4,5,glutamate,3,26
537665,Tm37,533129,LC4,5,glutamate,22,17
535354,Tm4,533129,LC4,5,acetylcholine,4,26
534514,T2,533129,LC4,5,acetylcholine,24,1
532254,LC4,533129,LC4,5,acetylcholine,8,30
531010,TmY3,533129,LC4,5,acetylcholine,27,2
529759,Tm3,533129,LC4,5,acetylcholine,28,21
529693,Tm12,533129,LC4,5,acetylcholine,5,26
527279,Tm37,533129,LC4,5,glutamate,23,17
526568,Tm5Y,533129,LC4,5,acetylcholine,6,26
525997,Tm4,533129,LC4,5,acetylcholine,25,1
524497,Tm2,533129,LC4,5,acetylcholine,7,26
519934,Li25,533129,LC4,5,gaba,3,3
518670,T2,533129,LC4,5,acetylcholine,22,19
518544,LC4,533129,LC4,5,acetylcholine,13,20
517363,T2,533129,LC4,5,acetylcholine,15,5
516874,TmY3,533129,LC4,5,acetylcholine,28,8
514407,Li29,533129,LC4,5,gaba,1,23
514040,Li15,533129,LC4,5,gaba,20,21
512121,CB1280,533129,LC4,5,acetylcholine,12,21
121880,T2,533129,LC4,5,acetylcholine,5,7
119271,MeLo2,533129,LC4,5,acetylcholine,29,9
116543,TmY18,533129,LC4,5,acetylcholine,8,26
101958,T5c,533129,LC4,5,acetylcholine,9,26
72582,Tm4,533129,LC4,5,acetylcholine,28,25
60251,Tm2,533129,LC4,5,acetylcholine,10,26
55344,Tm4,533129,LC4,5,acetylcholine,29,21
44834,T2,533129,LC4,5,acetylcholine,30,20
44443,Y14,533129,LC4,5,glutamate,11,26
43855,TmY3,533129,LC4,5,acetylcholine,3,17
41217,TmY3,533129,LC4,5,acetylcholine,2,2
37976,Tlp12,533129,LC4,5,glutamate,22,5
33310,Tm2,533129,LC4,5,acetylcholine,17,3
32972,T2,533129,LC4,5,acetylcholine,22,20
23818,TmY3,533129,LC4,5,acetylcholine,21,9
20572,LC4,533129,LC4,5,acetylcholine,25,13
20440,LC4,533129,LC4,5,acetylcholine,17,4
17270,LC4,533129,LC4,5,acetylcholine,20,31
13180,LPLC1,533129,LC4,5,acetylcholine,25,12
575809,Y12,25584,LC4,5,glutamate,12,26
527699,SAD064,25584,LC4,5,acetylcholine,4,13
122273,Tm3,25584,LC4,5,acetylcholine,22,30
118393,TmY18,25584,LC4,5,acetylcholine,13,26
90995,Tm3,25584,LC4,5,acetylcholine,28,8
78702,Tm4,25584,LC4,5,acetylcholine,10,16
78596,Tm4,25584,LC4,5,acetylcholine,21,4
77242,Tm4,25584,LC4,5,acetylcholine,11,16
74458,Tm4,25584,LC4,5,acetylcholine,22,4
72893,T2,25584,LC4,5,acetylcholine,9,13
72244,T2,25584,LC4,5,acetylcholine,2,25
71485,T2,25584,LC4,5,acetylcholine,27,26
71308,Tm3,25584,LC4,5,acetylcholine,14,26
68918,Tm3,25584,LC4,5,acetylcholine,15,26
68610,T2,25584,LC4,5,acetylcholine,30,17
67196,T2,25584,LC4,5,acetylcholine,4,7
64588,T2,25584,LC4,5,acetylcholine,7,18
64022,T2,25584,LC4,5,acetylcholine,19,16
60594,TmY3,25584,LC4,5,acetylcholine,13,5
53399,Tm2,25584,LC4,5,acetylcholine,16,26
51557,Tm2,25584,LC4,5,acetylcholine,15,21
49776,Tm2,25584,LC4,5,acetylcholine,31,10
46230,TmY3,25584,LC4,5,acetylcholine,24,0
42081,Y12,25584,LC4,5,glutamate,17,26
33388,Li13,25584,LC4,5,gaba,16,7
27194,PVLP046,25584,LC4,5,gaba,18,3
25607,PVLP046,25584,LC4,5,gaba,12,3
22847,LC4,25584,LC4,5,acetylcholine,10,6
22328,LC4,25584,LC4,5,acetylcholine,26,21
21151,LC4,25584,LC4,5,acetylcholine,16,21
20542,LC4,25584,LC4,5,acetylcholine,8,4
19794,LC4,25584,LC4,5,acetylcholine,31,18
19634,LC4,25584,LC4,5,acetylcholine,14,4
17939,PVLP046,25584,LC4,5,gaba,1,19
17926,LC4,25584,LC4,5,acetylcholine,5,11
12912,MeLo8,25584,LC4,5,gaba,12,2
11628,LT40,25584,LC4,5,gaba,27,4
11394,Li16,25584,LC4,5,glutamate,20,27
542214,Tm2,28980,LC4,5,acetylcholine,1,11
539828,Y14,28980,LC4,5,glutamate,24,8
539007,MeLo2,28980,LC4,5,acetylcholine,7,30
531862,LT41,28980,LC4,5,gaba,31,3
521269,TmY3,28980,LC4,5,acetylcholine,12,2
520666,TmY18,28980,LC4,5,acetylcholine,18,26
519275,Tm5Y,28980,LC4,5,acetylcholine,19,26
515477,Tm3,28980,LC4,5,acetylcholine,20,5
139674,Tm4,28980,LC4,5,acetylcholine,5,5
135668,T2,28980,LC4,5,acetylcholine,2,27
132278,T2,28980,LC4,5,acetylcholine,4,9
91005,T2,28980,LC4,5,acetylcholine,25,9
82675,Tm4,28980,LC4,5,acetylcholine,31,14
75206,T2,28980,LC4,5,acetylcholine,7,9
65580,Y12,28980,LC4,5,glutamate,1,30
61738,Tm2,28980,LC4,5,acetylcholine,20,26
52015,Li14,28980,LC4,5,glutamate,29,6
41900,Y12,28980,LC4,5,glutamate,28,9
41230,Y11,28980,LC4,5,glutamate,19,8
39470,MeLo2,28980,LC4,5,acetylcholine,25,8
25399,TmY15,28980,LC4,5,gaba,21,26
22715,Li16,28980,LC4,5,glutamate,25,15
20967,LC4,28980,LC4,5,acetylcholine,23,8
20434,PVLP046,28980,LC4,5,gaba,0,21
17375,SAD064,28980,LC4,5,acetylcholine,21,29
17340,LC4,28980,LC4,5,acetylcholine,30,27
15263,Li28,28980,LC4,5,gaba,3,2
15261,CB2664,28980,LC4,5,acetylcholine,5,0
12331,MeLo8,28980,LC4,5,gaba,8,2
12032,LC4,28980,LC4,5,acetylcholine,27,2
527699,SAD064,22328,LC4,5,acetylcholine,4,13
87093,Tm3,22328,LC4,5,acetylcholine,22,26
86630,Tm3,22328,LC4,5,acetylcholine,26,24
77846,Tm3,22328,LC4,5,acetylcholine,8,20
75557,Tm3,22328,LC4,5,acetylcholine,23,26
74089,Tm4,22328,LC4,5,acetylcholine,7,13
73476,T2,22328,LC4,5,acetylcholine,3,24
72842,Tm5Y,22328,LC4,5,acetylcholine,24,26
72722,Y14,22328,LC4,5,glutamate,31,27
70800,Tm3,22328,LC4,5,acetylcholine,25,26
70402,Tm3,22328,LC4,5,acetylcholine,14,18
70348,Tm4,22328,LC4,5,acetylcholine,21,29
69687,T2,22328,LC4,5,acetylcholine,15,6
67338,T2,22328,LC4,5,acetylcholine,9,7
64913,T2,22328,LC4,5,acetylcholine,3,2
64849,Tm3,22328,LC4,5,acetylcholine,18,20
54670,T2,22328,LC4,5,acetylcholine,24,29
54081,Y14,22328,LC4,5,glutamate,26,26
51698,TmY13,22328,LC4,5,acetylcholine,27,26
51348,Tm2,22328,LC4,5,acetylcholine,28,26
51300,Li14,22328,LC4,5,glutamate,0,25
49441,TmY3,22328,LC4,5,acetylcholine,4,2
47696,TmY3,22328,LC4,5,acetylcholine,18,7
46755,Tm2,22328,LC4,5,acetylcholine,17,6
46346,Li29,22328,LC4,5,gaba,2,11
34308,Li25,22328,LC4,5,gaba,11,28
24173,Tlp14,22328,LC4,5,glutamate,23,16
24090,Li26,22328,LC4,5,gaba,30,25
20282,LC4,22328,LC4,5,acetylcholine,27,21
16545,Li28,22328,LC4,5,gaba,30,0
11394,Li16,22328,LC4,5,glutamate,20,27
10730,LoVC21,22328,LC4,5,gaba,31,0
958377,,514956,LC4,5,gaba,29,26
539377,T2,514956,LC4,5,acetylcholine,5,1
530569,Y11,514956,LC4,5,glutamate,30,26
529778,Tlp14,514956,LC4,5,glutamate,8,11
524328,T2,514956,LC4,5,acetylcholine,28,9
522922,Tm3,514956,LC4,5,acetylcholine,26,14
521175,T2,514956,LC4,5,acetylcholine,15,30
515429,Tm3,514956,LC4,5,acetylcholine,10,0
514191,LPLC1,514956,LC4,5,acetylcholine,31,26
512807,Tm2,514956,LC4,5,acetylcholine,21,14
160779,Tm5c,514956,LC4,5,glutamate,0,27
143726,Tm3,514956,LC4,5,acetylcholine,11,29
135878,Tm4,514956,LC4,5,acetylcholine,1,27
130071,Li25,514956,LC4,5,gaba,2,27
115159,Tm3,514956,LC4,5,acetylcholine,3,27
84744,Y14,514956,LC4,5,glutamate,27,28
83690,Tm3,514956,LC4,5,acetylcholine,29,15
82877,Tm4,514956,LC4,5,acetylcholine,4,27
73053,T2,514956,LC4,5,acetylcholine,17,30
61330,Tm2,514956,LC4,5,acetylcholine,5,27
40255,LC9,514956,LC4,5,acetylcholine,23,25
31513,Y11,514956,LC4,5,glutamate,11,0
28651,T2,514956,LC4,5,acetylcholine,14,11
21658,TmY19b,514956,LC4,5,gaba,12,0
17375,SAD064,514956,LC4,5,acetylcholine,21,29
16596,Li28,514956,LC4,5,gaba,1,4
13875,MeLo8,514956,LC4,5,gaba,25,4
13846,Li29,514956,LC4,5,gaba,23,21
13405,CB4179,514956,LC4,5,gaba,11,17
13308,Li29,514956,LC4,5,gaba,14,19
561655,TmY18,29514,LC4,5,acetylcholine,6,27
560312,T2,29514,LC4,5,acetylcholine,19,18
539377,T2,29514,LC4,5,acetylcholine,5,1
536456,MeLo2,29514,LC4,5,acetylcholine,3,12
536439,Y14,29514,LC4,5,glutamate,7,27
530201,Tm2,29514,LC4,5,acetylcholine,24,3
529196,Li15,29514,LC4,5,gaba,6,10
523564,PVLP011,29514,LC4,5,gaba,14,16
515614,LLPC2,29514,LC4,5,acetylcholine,8,27
512366,LC4,29514,LC4,5,acetylcholine,6,7
162164,Y14,29514,LC4,5,glutamate,15,8
132681,Tm4,29514,LC4,5,acetylcholine,14,10
109480,TmY18,29514,LC4,5,acetylcholine,9,27
100622,Tm3,29514,LC4,5,acetylcholine,13,30
85852,TmY3,29514,LC4,5,acetylcholine,5,26
64130,Tm2,29514,LC4,5,acetylcholine,10,27
38423,CB2940,29514,LC4,5,acetylcholine,28,5
35262,LC4,29514,LC4,5,acetylcholine,5,22
27194,PVLP046,29514,LC4,5,gaba,18,3
23063,Li26,29514,LC4,5,gaba,1,19
18350,PVLP046,29514,LC4,5,gaba,25,3
16499,TmY19b,29514,LC4,5,gaba,2,30
16459,PVLP024,29514,LC4,5,gaba,5,15
15018,LC4,29514,LC4,5,acetylcholine,8,4
13900,MeLo8,29514,LC4,5,gaba,18,2
12196,Li29,29514,LC4,5,gaba,28,22
589784,Tm4,22922,LC4,5,acetylcholine,18,20
535089,MeLo2,22922,LC4,5,acetylcholine,5,28
532224,T2,22922,LC4,5,acetylcholine,31,25
525633,Tlp12,22922,LC4,5,glutamate,17,10
525588,Tm4,22922,LC4,5,acetylcholine,18,23
524480,Tm3,22922,LC4,5,acetylcholine,3,21
520679,T2,22922,LC4,5,acetylcholine,3,16
520596,Li13,22922,LC4,5,gaba,11,27
518016,LC4,22922,LC4,5,acetylcholine,11,9
517649,T2,22922,LC4,5,acetylcholine,19,25
128946,T2,22922,LC4,5,acetylcholine,16,19
125175,Tm3,22922,LC4,5,acetylcholine,1,28
103787,Tm3,22922,LC4,5,acetylcholine,6,16
85940,Tm4,22922,LC4,5,acetylcholine,21,28
85568,Tm3,22922,LC4,5,acetylcholine,12,27
77086,T2,22922,LC4,5,acetylcholine,18,12
74463,T2,22922,LC4,5,acetylcholine,15,27
66885,T2,22922,LC4,5,acetylcholine,29,25
64654,Tm4,22922,LC4,5,acetylcholine,5,16
57844,Y11,22922,LC4,5,glutamate,17,21
52600,Tm2,22922,LC4,5,acetylcholine,22,21
49854,TmY3,22922,LC4,5,acetylcholine,6,2
44982,TmY3,22922,LC4,5,acetylcholine,4,25
43724,Tm2,22922,LC4,5,acetylcholine,13,27
38478,Y3,22922,LC4,5,acetylcholine,14,27
32459,Li25,22922,LC4,5,gaba,5,10
23226,LC4,22922,LC4,5,acetylcholine,1,2
23202,LC4,22922,LC4,5,acetylcholine,10,14
13405,CB4179,22922,LC4,5,gaba,11,17
12116,Tm2,22922,LC4,5,acetylcholine,22,21
10251,MeVP53,22922,LC4,5,gaba,13,27
10129,LoVC16,22922,LC4,5,glutamate,15,27
579927,Li15,517752,LC4,5,gaba,12,12
545816,Tm4,517752,LC4,5,acetylcholine,30,4
534815,Tm2,517752,LC4,5,acetylcholine,5,13
532640,Tm4,517752,LC4,5,acetylcholine,13,28
532254,LC4,517752,LC4,5,acetylcholine,8,30
531862,LT41,517752,LC4,5,gaba,31,3
530492,Tm2,517752,LC4,5,acetylcholine,16,27
529899,Tm4,517752,LC4,5,acetylcholine,18,18
523479,MeLo8,517752,LC4,5,gaba,0,8
518242,Tm2,517752,LC4,5,acetylcholine,17,27
517036,T2,517752,LC4,5,acetylcholine,31,0
515748,Li25,517752,LC4,5,gaba,4,7
515198,Tm3,517752,LC4,5,acetylcholine,8,27
512366,LC4,517752,LC4,5,acetylcholine,6,7
106754,T2,517752,LC4,5,acetylcholine,24,18
81112,LC4,517752,LC4,5,acetylcholine,6,2
81100,T2,517752,LC4,5,acetylcholine,6,0
78444,T2,517752,LC4,5,acetylcholine,6,13
76422,Tm3,517752,LC4,5,acetylcholine,18,27
74883,Tm3,517752,LC4,5,acetylcholine,5,7
73140,T2,517752,LC4,5,acetylcholine,30,23
49678,MeLo13,517752,LC4,5,glutamate,19,27
49267,Tm4,517752,LC4,5,acetylcholine,16,23
43519,Tm3,517752,LC4,5,acetylcholine,28,0
42686,Tlp13,517752,LC4,5,glutamate,14,20
30286,LPLC1,517752,LC4,5,acetylcholine,20,27
27750,LC4,517752,LC4,5,acetylcholine,19,19
25438,SAD064,517752,LC4,5,acetylcholine,5,5
20440,LC4,517752,LC4,5,acetylcholine,17,4
19454,PVLP024,517752,LC4,5,gaba,3,11
17375,SAD064,517752,LC4,5,acetylcholine,21,29
14452,MeLo8,517752,LC4,5,gaba,21,20
12349,LC4,517752,LC4,5,acetylcholine,2,20
11102,PVLP046,517752,LC4,5,gaba,20,4
539413,LT56,21165,LC4,5,glutamate,4,14
527699,SAD064,21165,LC4,5,acetylcholine,4,13
113255,Tm4,21165,LC4,5,acetylcholine,16,6
109842,TmY18,21165,LC4,5,acetylcholine,21,27
97951,Tm3,21165,LC4,5,acetylcholine,22,27
97503,Tm3,21165,LC4,5,acetylcholine,23,27
92133,Tm4,21165,LC4,5,acetylcholine,21,12
89604,Tm3,21165,LC4,5,acetylcholine,24,27
87749,TmY3,21165,LC4,5,acetylcholine,12,7
86713,Tm4,21165,LC4,5,acetylcholine,19,3
86643,Tm4,21165,LC4,5,acetylcholine,14,25
86145,T2,21165,LC4,5,acetylcholine,30,25
85064,T2a,21165,LC4,5,acetylcholine,25,27
84270,T2,21165,LC4,5,acetylcholine,7,25
84039,T2,21165,LC4,5,acetylcholine,20,23
83389,T2,21165,LC4,5,acetylcholine,6,5
83370,Tm4,21165,LC4,5,acetylcholine,15,31
81900,T2,21165,LC4,5,acetylcholine,2,13
80756,Tm4,21165,LC4,5,acetylcholine,9,25
80667,Tm3,21165,LC4,5,acetylcholine,26,27
77607,Tm4,21165,LC4,5,acetylcholine,3,30
77148,T2,21165,LC4,5,acetylcholine,13,29
74867,T2,21165,LC4,5,acetylcholine,18,26
62769,Tm2,21165,LC4,5,acetylcholine,12,13
61377,LoVP1,21165,LC4,5,glutamate,27,27
57715,Tm37,21165,LC4,5,glutamate,8,26
57167,Tm2,21165,LC4,5,acetylcholine,10,12
53768,Tm2,21165,LC4,5,acetylcholine,13,23
50573,TmY3,21165,LC4,5,acetylcholine,19,23
43640,Tlp13,21165,LC4,5,glutamate,29,27
31431,Li25,21165,LC4,5,gaba,3,26
29287,LPLC2,21165,LC4,5,acetylcholine,28,27
26516,Tlp14,21165,LC4,5,glutamate,4,5
23098,LC4,21165,LC4,5,acetylcholine,25,17
20673,LC4,21165,LC4,5,acetylcholine,30,30
19454,PVLP024,21165,LC4,5,gaba,3,11
17668,LC4,21165,LC4,5,acetylcholine,3,5
16459,PVLP024,21165,LC4,5,gaba,5,15
13850,Li29,21165,LC4,5,gaba,28,11
124417,T5c,16628,LC4,5,acetylcholine,29,27
111216,TmY18,16628,LC4,5,acetylcholine,30,27
108246,Tm4,16628,LC4,5,acetylcholine,19,0
85623,T2,16628,LC4,5,acetylcholine,21,6
85573,T2,16628,LC4,5,acetylcholine,3,3
83497,Tm2,16628,LC4,5,acetylcholine,31,27
80821,T2,16628,LC4,5,acetylcholine,22,1
78046,T2,16628,LC4,5,acetylcholine,4,31
78044,Tm4,16628,LC4,5,acetylcholine,12,10
76257,Tm2,16628,LC4,5,acetylcholine,0,28
70311,Tm37,16628,LC4,5,glutamate,1,28
70296,Tm4,16628,LC4,5,acetylcholine,16,15
65550,Tm3,16628,LC4,5,acetylcholine,2,28
64812,Tm2,16628,LC4,5,acetylcholine,3,28
64625,T2,16628,LC4,5,acetylcholine,12,22
63917,Tm4,16628,LC4,5,acetylcholine,13,6
63600,Tm3,16628,LC4,5,acetylcholine,4,28
62154,T2,16628,LC4,5,acetylcholine,13,3
61197,T2,16628,LC4,5,acetylcholine,31,29
58210,Tm2,16628,LC4,5,acetylcholine,5,28
57959,Tm37,16628,LC4,5,glutamate,6,28
56009,Tm2,16628,LC4,5,acetylcholine,7,28
55096,Tm3,16628,LC4,5,acetylcholine,8,28
52249,Y14,16628,LC4,5,glutamate,9,28
51699,Tm37,16628,LC4,5,glutamate,10,28
51092,Tm2,16628,LC4,5,acetylcholine,29,7
43480,Tm4,16628,LC4,5,acetylcholine,16,31
43327,TmY3,16628,LC4,5,acetylcholine,22,2
42725,Tlp13,16628,LC4,5,glutamate,11,28
39270,Tlp14,16628,LC4,5,glutamate,12,28
29128,Li25,16628,LC4,5,gaba,12,19
26770,TmY15,16628,LC4,5,gaba,13,28
21165,LC4,16628,LC4,5,acetylcholine,1,18
20917,LC4,16628,LC4,5,acetylcholine,20,26
19954,LC4,16628,LC4,5,acetylcholine,19,27
19454,PVLP024,16628,LC4,5,gaba,3,11
17939,PVLP046,16628,LC4,5,gaba,1,19
17668,LC4,16628,LC4,5,acetylcholine,3,5
17364,LC4,16628,LC4,5,acetylcholine,21,11
16659,PVLP011,16628,LC4,5,gaba,11,20
16415,Li30,16628,LC4,5,gaba,11,4
16260,Li17,16628,LC4,5,gaba,4,26
13051,MeLo8,16628,LC4,5,gaba,20,2
10297,LHAD1g1,16628,LC4,5,gaba,31,29
579927,Li15,519931,LC4,5,gaba,12,12
547885,T2,519931,LC4,5,acetylcholine,12,28
539855,Li14,519931,LC4,5,glutamate,31,1
537423,Li34a,519931,LC4,5,gaba,14,28
535656,TmY3,519931,LC4,5,acetylcholine,26,13
535353,Tm23,519931,LC4,5,gaba,26,12
535089,MeLo2,519931,LC4,5,acetylcholine,5,28
533940,T2,519931,LC4,5,acetylcholine,2,11
533129,LC4,519931,LC4,5,acetylcholine,2,22
531902,Tm3,519931,LC4,5,acetylcholine,21,19
530027,TmY3,519931,LC4,5,acetylcholine,31,6
527677,T2,519931,LC4,5,acetylcholine,3,28
518261,Tm2,519931,LC4,5,acetylcholine,15,28
514407,Li29,519931,LC4,5,gaba,1,23
513182,Tm2,519931,LC4,5,acetylcholine,23,22
163716,TmY18,519931,LC4,5,acetylcholine,26,6
160660,T2,519931,LC4,5,acetylcholine,18,3
135605,T2,519931,LC4,5,acetylcholine,4,16
102472,Tm5Y,519931,LC4,5,acetylcholine,16,28
100804,Tm3,519931,LC4,5,acetylcholine,17,28
85671,Y14,519931,LC4,5,glutamate,18,28
82760,T2,519931,LC4,5,acetylcholine,17,0
81572,Tm2,519931,LC4,5,acetylcholine,19,28
79049,Tm5Y,519931,LC4,5,acetylcholine,20,28
72763,Tm3,519931,LC4,5,acetylcholine,21,28
29435,LPLC1,519931,LC4,5,acetylcholine,18,14
27998,LC9,519931,LC4,5,acetylcholine,29,22
23202,LC4,519931,LC4,5,acetylcholine,10,14
22922,LC4,519931,LC4,5,acetylcholine,17,3
22715,Li16,519931,LC4,5,glutamate,25,15
22329,LPLC1,519931,LC4,5,acetylcholine,23,20
18756,Li26,519931,LC4,5,gaba,27,20
18478,LC4,519931,LC4,5,acetylcholine,11,14
16475,PVLP024,519931,LC4,5,gaba,20,7
16455,Li25,519931,LC4,5,gaba,25,19
15221,CB4179,519931,LC4,5,gaba,10,19
10251,MeVP53,519931,LC4,5,gaba,13,27
555837,LoVC5,18478,LC4,5,gaba,3,28
549120,T2,18478,LC4,5,acetylcholine,16,24
542734,Tm5c,18478,LC4,5,glutamate,22,28
537430,Tm4,18478,LC4,5,acetylcholine,23,28
535341,LC4,18478,LC4,5,acetylcholine,18,9
534863,T2,18478,LC4,5,acetylcholine,23,22
533129,LC4,18478,LC4,5,acetylcholine,2,22
526286,LC4,18478,LC4,5,acetylcholine,2,21
523778,Li11b,18478,LC4,5,gaba,24,28
511914,LC4,18478,LC4,5,acetylcholine,18,22
162209,Tm4,18478,LC4,5,acetylcholine,6,5
122085,Tm3,18478,LC4,5,acetylcholine,25,28
113999,Tm5Y,18478,LC4,5,acetylcholine,26,28
94238,Tm5Y,18478,LC4,5,acetylcholine,27,28
92201,Tm3,18478,LC4,5,acetylcholine,28,28
76097,Tm4,18478,LC4,5,acetylcholine,10,17
72872,Tm2,18478,LC4,5,acetylcholine,29,28
71672,Y14,18478,LC4,5,glutamate,30,28
67172,Tm2,18478,LC4,5,acetylcholine,31,28
65848,Tm3,18478,LC4,5,acetylcholine,0,29
60284,Tm3,18478,LC4,5,acetylcholine,1,29
59801,Tm5Y,18478,LC4,5,acetylcholine,2,29
47806,Tlp12,18478,LC4,5,glutamate,23,21
41309,Li34a,18478,LC4,5,gaba,3,29
40711,Y3,18478,LC4,5,acetylcholine,4,29
35616,LC4,18478,LC4,5,acetylcholine,25,2
33364,Li25,18478,LC4,5,gaba,2,2
30788,Y12,18478,LC4,5,glutamate,5,29
22715,Li16,18478,LC4,5,glutamate,25,15
20572,LC4,18478,LC4,5,acetylcholine,25,13
20434,PVLP046,18478,LC4,5,gaba,0,21
17478,LC4,18478,LC4,5,acetylcholine,0,10
15432,Tlp12,18478,LC4,5,glutamate,6,29
13726,LPLC2,18478,LC4,5,acetylcholine,7,29
13600,CB2664,18478,LC4,5,acetylcholine,10,21
12004,MeLo8,18478,LC4,5,gaba,13,12
542566,Tm2,27624,LC4,5,acetylcholine,8,29
523013,T2,27624,LC4,5,acetylcholine,8,23
519197,TmY19b,27624,LC4,5,gaba,20,29
518814,Tm2,27624,LC4,5,acetylcholine,11,5
515068,T2,27624,LC4,5,acetylcholine,1,3
164430,Li13,27624,LC4,5,gaba,28,17
156883,Tm4,27624,LC4,5,acetylcholine,1,15
138435,T2,27624,LC4,5,acetylcholine,28,20
119071,T2,27624,LC4,5,acetylcholine,18,5
104877,Tm3,27624,LC4,5,acetylcholine,9,29
102482,Tm3,27624,LC4,5,acetylcholine,10,29
93300,Tm4,27624,LC4,5,acetylcholine,11,29
92058,Tm4,27624,LC4,5,acetylcholine,12,29
90923,Li13,27624,LC4,5,gaba,21,16
81193,Tm4,27624,LC4,5,acetylcholine,13,29
76920,T2,27624,LC4,5,acetylcholine,7,15
71945,Tm4,27624,LC4,5,acetylcholine,14,29
71157,CB3513,27624,LC4,5,gaba,25,22
65910,Tm2,27624,LC4,5,acetylcholine,15,5
61703,Tm3,27624,LC4,5,acetylcholine,15,29
54889,LC9,27624,LC4,5,acetylcholine,16,29
51359,Tm3,27624,LC4,5,acetylcholine,9,20
48938,Y13,27624,LC4,5,glutamate,17,29
46141,TmY3,27624,LC4,5,acetylcholine,30,21
43122,TmY19a,27624,LC4,5,gaba,18,29
35566,Tm37,27624,LC4,5,glutamate,19,29
32777,Tm4,27624,LC4,5,acetylcholine,20,29
29417,LC4,27624,LC4,5,acetylcholine,15,22
18551,TmY19a,27624,LC4,5,gaba,21,29
12196,Li29,27624,LC4,5,gaba,28,22
120899,TmY18,20282,LC4,5,acetylcholine,22,29
102002,Tm3,20282,LC4,5,acetylcholine,23,29
93873,T2,20282,LC4,5,acetylcholine,20,6
93788,T2,20282,LC4,5,acetylcholine,31,16
88623,Tm3,20282,LC4,5,acetylcholine,24,29
84662,Tm4,20282,LC4,5,acetylcholine,25,29
83888,Li14,20282,LC4,5,glutamate,24,23
79767,Tm4,20282,LC4,5,acetylcholine,1,3
75402,Tm37,20282,LC4,5,glutamate,26,29
74066,Tm3,20282,LC4,5,acetylcholine,27,29
73302,T2,20282,LC4,5,acetylcholine,22,28
71942,T2,20282,LC4,5,acetylcholine,8,8
69724,Tm2,20282,LC4,5,acetylcholine,28,29
68018,Tm2,20282,LC4,5,acetylcholine,29,29
67148,Tm2,20282,LC4,5,acetylcholine,30,29
62820,Tm2,20282,LC4,5,acetylcholine,31,29
62302,Tm3,20282,LC4,5,acetylcholine,0,30
61098,Tm2,20282,LC4,5,acetylcholine,5,0
60339,Tm2,20282,LC4,5,acetylcholine,1,30
59189,Tm2,20282,LC4,5,acetylcholine,10,19
56118,TmY3,20282,LC4,5,acetylcholine,18,8
54811,Tm2,20282,LC4,5,acetylcholine,2,30
54509,Tm2,20282,LC4,5,acetylcholine,31,28
53662,Tm2,20282,LC4,5,acetylcholine,26,21
52452,Y12,20282,LC4,5,glutamate,3,30
43870,Tlp13,20282,LC4,5,glutamate,4,30
37806,Y13,20282,LC4,5,glutamate,5,30
32077,Tlp12,20282,LC4,5,glutamate,8,23
29064,TmY15,20282,LC4,5,gaba,6,30
26011,Li26,20282,LC4,5,gaba,26,7
25584,LC4,20282,LC4,5,acetylcholine,17,12
25066,TmY19a,20282,LC4,5,gaba,26,29
19454,PVLP024,20282,LC4,5,gaba,3,11
13797,Li29,20282,LC4,5,gaba,8,29
547059,T2,81112,LC4,5,acetylcholine,2,7
543288,Tm4,81112,LC4,5,acetylcholine,8,20
535221,TmY3,81112,LC4,5,acetylcholine,14,11
526428,Li25,81112,LC4,5,gaba,19,8
525205,Li13,81112,LC4,5,gaba,18,17
524830,TmY3,81112,LC4,5,acetylcholine,2,3
520326,Tm3,81112,LC4,5,acetylcholine,4,7
519078,T2,81112,LC4,5,acetylcholine,14,28
517195,Tm3,81112,LC4,5,acetylcholine,7,30
516831,TmY15,81112,LC4,5,gaba,17,16
515151,T2,81112,LC4,5,acetylcholine,13,17
481661,Li13,81112,LC4,5,gaba,8,30
123748,Tm2,81112,LC4,5,acetylcholine,9,30
109202,Tm2,81112,LC4,5,acetylcholine,10,30
108498,T2,81112,LC4,5,acetylcholine,11,30
101769,Tm4,81112,LC4,5,acetylcholine,11,7
75979,Tm2,81112,LC4,5,acetylcholine,12,30
73084,T2,81112,LC4,5,acetylcholine,2,17
71775,LLPC2,81112,LC4,5,acetylcholine,13,30
60997,Tm2,81112,LC4,5,acetylcholine,15,9
60981,Tm2,81112,LC4,5,acetylcholine,3,14
56804,Tm4,81112,LC4,5,acetylcholine,19,20
49650,Li14,81112,LC4,5,glutamate,14,30
46679,LC9,81112,LC4,5,acetylcholine,17,4
41679,Li15,81112,LC4,5,gaba,8,8
38700,Tm2,81112,LC4,5,acetylcholine,4,17
33137,LC4,81112,LC4,5,acetylcholine,22,15
31543,Tlp12,81112,LC4,5,glutamate,29,17
24790,TmY19a,81112,LC4,5,gaba,12,18
18789,TmY19a,81112,LC4,5,gaba,12,2
17431,Tm2,81112,LC4,5,acetylcholine,0,18
16459,PVLP024,81112,LC4,5,gaba,5,15
14488,LC9,81112,LC4,5,acetylcholine,8,0
13132,LPLC2,81112,LC4,5,acetylcholine,4,16
11049,Li30,81112,LC4,5,gaba,14,0
159623,TmY18,26112,LC4,5,acetylcholine,15,30
98524,Tm4,26112,LC4,5,acetylcholine,10,20
94566,T2,26112,LC4,5,acetylcholine,13,25
88418,Tm4,26112,LC4,5,acetylcholine,4,18
87616,Tm3,26112,LC4,5,acetylcholine,20,15
85593,T2,26112,LC4,5,acetylcholine,14,20
80413,Tm4,26112,LC4,5,acetylcholine,12,8
79266,T2,26112,LC4,5,acetylcholine,31,4
77194,Tm4,26112,LC4,5,acetylcholine,10,25
70172,Tm2,26112,LC4,5,acetylcholine,16,30
67155,Tm4,26112,LC4,5,acetylcholine,14,7
65697,Tm2,26112,LC4,5,acetylcholine,17,30
62528,Tm2,26112,LC4,5,acetylcholine,18,30
62129,Tm2,26112,LC4,5,acetylcholine,19,30
62126,Tm2,26112,LC4,5,acetylcholine,20,30
61857,Tm2,26112,LC4,5,acetylcholine,26,12
53672,TmY3,26112,LC4,5,acetylcholine,25,27
53028,Li14,26112,LC4,5,glutamate,21,30
52351,Tlp13,26112,LC4,5,glutamate,22,30
48816,Tm37,26112,LC4,5,glutamate,27,15
31262,LC4,26112,LC4,5,acetylcholine,20,18
27338,TmY15,26112,LC4,5,gaba,23,30
22975,LC4,26112,LC4,5,acetylcholine,30,0
22847,LC4,26112,LC4,5,acetylcholine,10,6
20588,LC4,26112,LC4,5,acetylcholine,30,9
20542,LC4,26112,LC4,5,acetylcholine,8,4
18127,LC4,26112,LC4,5,acetylcholine,31,30
17939,PVLP046,26112,LC4,5,gaba,1,19
17699,TmY19a,26112,LC4,5,gaba,22,19
16325,TmY19b,26112,LC4,5,gaba,17,0
14462,MeLo8,26112,LC4,5,gaba,17,2
12215,PVLP122,26112,LC4,5,acetylcholine,11,19
11102,PVLP046,26112,LC4,5,gaba,20,4
105988,Tm4,21336,LC4,5,acetylcholine,18,29
82498,Tm3,21336,LC4,5,acetylcholine,30,31
79134,Tm3,21336,LC4,5,acetylcholine,25,8
75794,Tm2,21336,LC4,5,acetylcholine,18,17
74893,Tm4,21336,LC4,5,acetylcholine,24,30
74819,T2,21336,LC4,5,acetylcholine,28,9
73400,Tm4,21336,LC4,5,acetylcholine,26,30
72967,Tm2,21336,LC4,5,acetylcholine,25,30
72314,T2,21336,LC4,5,acetylcholine,12,29
69380,Tm3,21336,LC4,5,acetylcholine,24,31
67424,T2,21336,LC4,5,acetylcholine,5,30
65636,T2,21336,LC4,5,acetylcholine,4,14
64063,Tm39,21336,LC4,5,acetylcholine,26,30
61933,Tm5Y,21336,LC4,5,acetylcholine,27,30
53359,Y14,21336,LC4,5,glutamate,28,30
49954,Tlp13,21336,LC4,5,glutamate,29,30
49158,Tm2,21336,LC4,5,acetylcholine,16,28
48607,TmY3,21336,LC4,5,acetylcholine,23,24
45977,Tm2,21336,LC4,5,acetylcholine,30,2
43225,Tlp13,21336,LC4,5,glutamate,9,7
33771,Li15,21336,LC4,5,gaba,18,14
24338,LC4,21336,LC4,5,acetylcholine,27,7
20917,LC4,21336,LC4,5,acetylcholine,20,26
12475,LoVC15,21336,LC4,5,gaba,17,20
11981,Li28,21336,LC4,5,gaba,2,0
11254,LT41,21336,LC4,5,gaba,31,10
10480,MeVP53,21336,LC4,5,gaba,11,7
10053,LoVC16,21336,LC4,5,glutamate,30,30
146859,Tm3,23792,LC4,5,acetylcholine,23,18
98279,Tm3,23792,LC4,5,acetylcholine,31,30
96086,Tm3,23792,LC4,5,acetylcholine,0,31
95232,Tm3,23792,LC4,5,acetylcholine,1,31
88990,Tm4,23792,LC4,5,acetylcholine,12,0
84981,T2,23792,LC4,5,acetylcholine,9,17
81487,Tm4,23792,LC4,5,acetylcholine,3,12
81152,T2,23792,LC4,5,acetylcholine,13,19
78832,Tm4,23792,LC4,5,acetylcholine,0,16
77815,T2,23792,LC4,5,acetylcholine,15,29
77141,Tm4,23792,LC4,5,acetylcholine,14,19
71692,Tlp12,23792,LC4,5,glutamate,30,20
69687,T2,23792,LC4,5,acetylcholine,15,6
69128,Tm4,23792,LC4,5,acetylcholine,21,3
64011,LPT111,23792,LC4,5,gaba,12,15
62331,Tm2,23792,LC4,5,acetylcholine,8,8
61618,Tm2,23792,LC4,5,acetylcholine,2,31
61455,Tm2,23792,LC4,5,acetylcholine,13,13
61393,Tm2,23792,LC4,5,acetylcholine,7,25
60713,TmY3,23792,LC4,5,acetylcholine,20,17
57988,Tm2,23792,LC4,5,acetylcholine,3,31
57377,TmY3,23792,LC4,5,acetylcholine,19,3
53612,Tm2,23792,LC4,5,acetylcholine,14,23
53280,TmY3,23792,LC4,5,acetylcholine,5,20
51339,Tlp12,23792,LC4,5,glutamate,23,0
48730,Li14,23792,LC4,5,glutamate,17,20
46876,Y12,23792,LC4,5,glutamate,6,18
40557,MeLo2,23792,LC4,5,acetylcholine,17,14
30449,LC9,23792,LC4,5,acetylcholine,15,29
30066,Li15,23792,LC4,5,gaba,2,28
28041,LC9,23792,LC4,5,acetylcholine,2,6
22328,LC4,23792,LC4,5,acetylcholine,26,21
22194,LC4,23792,LC4,5,acetylcholine,20,7
20282,LC4,23792,LC4,5,acetylcholine,27,21
16475,PVLP024,23792,LC4,5,gaba,20,7
15665,SAD064,23792,LC4,5,acetylcholine,25,24
10052,LoVC14,23792,LC4,5,gaba,8,2
543910,Tm2,14888,LC4,5,acetylcholine,4,31
542548,TmY3,14888,LC4,5,acetylcholine,26,14
541805,T2,14888,LC4,5,acetylcholine,22,1
539357,Tm4,14888,LC4,5,acetylcholine,8,23
539351,T2,14888,LC4,5,acetylcholine,19,1
535256,Tlp12,14888,LC4,5,glutamate,5,31
534763,Tm4,14888,LC4,5,acetylcholine,10,20
532254,LC4,14888,LC4,5,acetylcholine,8,30
531371,MeLo2,14888,LC4,5,acetylcholine,6,31
527610,MeLo2,14888,LC4,5,acetylcholine,7,31
526198,Tm2,14888,LC4,5,acetylcholine,3,31
521277,TmY3,14888,LC4,5,acetylcholine,21,20
140869,Li13,14888,LC4,5,gaba,21,1
110000,T2,14888,LC4,5,acetylcholine,23,17
82786,Tm3,14888,LC4,5,acetylcholine,8,31
73891,Tm3,14888,LC4,5,acetylcholine,9,31
70383,Tm4,14888,LC4,5,acetylcholine,10,31
59792,Tm2,14888,LC4,5,acetylcholine,11,31
58746,Tm37,14888,LC4,5,glutamate,12,31
57711,Li14,14888,LC4,5,glutamate,2,2
54891,Tm2,14888,LC4,5,acetylcholine,27,14
54881,Tm2,14888,LC4,5,acetylcholine,20,6
52988,Y14,14888,LC4,5,glutamate,8,12
44612,Tm4,14888,LC4,5,acetylcholine,1,10
44058,LLPC2,14888,LC4,5,acetylcholine,27,10
41679,Li15,14888,LC4,5,gaba,8,8
35616,LC4,14888,LC4,5,acetylcholine,25,2
33374,Tm4,14888,LC4,5,acetylcholine,22,13
32662,Li13,14888,LC4,5,gaba,13,31
31429,LC4,14888,LC4,5,acetylcholine,11,7
27194,PVLP046,14888,LC4,5,gaba,18,3
25218,Y14,14888,LC4,5,glutamate,14,31
19454,PVLP024,14888,LC4,5,gaba,3,11
17939,PVLP046,14888,LC4,5,gaba,1,19
13744,Tlp13,14888,LC4,5,glutamate,15,31
13405,CB4179,14888,LC4,5,gaba,11,17
12966,LoVC13,14888,LC4,5,gaba,0,1
10147,LHAD1g1,14888,LC4,5,gaba,31,8
555122,TmY18,519650,LC4,5,acetylcholine,16,31
541600,T2,519650,LC4,5,acetylcholine,27,6
532258,Tm2,519650,LC4,5,acetylcholine,5,8
524576,T2,519650,LC4,5,acetylcholine,26,17
521791,MeLo2,519650,LC4,5,acetylcholine,17,31
514386,Tm4,519650,LC4,5,acetylcholine,11,2
129763,Tm3,519650,LC4,5,acetylcholine,14,21
107106,T2,519650,LC4,5,acetylcholine,9,14
85182,Tm4,519650,LC4,5,acetylcholine,20,20
82026,T2,519650,LC4,5,acetylcholine,7,8
76710,Tm4,519650,LC4,5,acetylcholine,9,28
73286,T2,519650,LC4,5,acetylcholine,30,6
63340,MeLo2,519650,LC4,5,acetylcholine,18,31
61757,Tm2,519650,LC4,5,acetylcholine,19,31
59308,Tm4,519650,LC4,5,acetylcholine,3,30
58628,Tm37,519650,LC4,5,glutamate,8,21
53181,Tm2,519650,LC4,5,acetylcholine,20,31
40933,TmY3,519650,LC4,5,acetylcholine,21,6
37183,Li25,519650,LC4,5,gaba,23,25
33658,Tm4,519650,LC4,5,acetylcholine,13,27
30320,TmY3,519650,LC4,5,acetylcholine,26,5
22772,LC4,519650,LC4,5,acetylcholine,3,28
22257,PVLP046,519650,LC4,5,gaba,16,12
21571,Tlp14,519650,LC4,5,glutamate,6,5
20799,LPLC2,519650,LC4,5,acetylcholine,21,31
20572,LC4,519650,LC4,5,acetylcholine,25,13
17270,LC4,519650,LC4,5,acetylcholine,20,31
16680,TmY19a,519650,LC4,5,gaba,27,23
15261,CB2664,519650,LC4,5,acetylcholine,5,0
14383,TmY19a,519650,LC4,5,gaba,24,28
13191,Li30,519650,LC4,5,gaba,4,2
10345,LT40,519650,LC4,5,gaba,16,3
10129,LoVC16,519650,LC4,5,glutamate,15,27
551295,TmY3,518730,LC4,5,acetylcholine,9,7
547907,T2,518730,LC4,5,acetylcholine,7,27
533202,TmY3,518730,LC4,5,acetylcholine,16,23
526829,Tm2,518730,LC4,5,acetylcholine,22,31
524343,MeLo8,518730,LC4,5,gaba,5,1
523564,PVLP011,518730,LC4,5,gaba,14,16
521516,Li30,518730,LC4,5,gaba,27,15
518439,LC4,518730,LC4,5,acetylcholine,9,11
518004,TmY3,518730,LC4,5,acetylcholine,17,4
517752,LC4,518730,LC4,5,acetylcholine,11,21
517293,Tm2,518730,LC4,5,acetylcholine,0,15
131899,Tm3,518730,LC4,5,acetylcholine,23,31
129943,T2,518730,LC4,5,acetylcholine,29,3
94073,Tm2,518730,LC4,5,acetylcholine,24,31
81547,Tm4,518730,LC4,5,acetylcholine,29,24
77287,Tm3,518730,LC4,5,acetylcholine,5,18
74784,T2,518730,LC4,5,acetylcholine,13,9
74379,Tm3,518730,LC4,5,acetylcholine,25,31
74166,Tm3,518730,LC4,5,acetylcholine,26,31
73282,T2,518730,LC4,5,acetylcholine,6,18
60132,Tm2,518730,LC4,5,acetylcholine,27,16
57087,Tm3,518730,LC4,5,acetylcholine,9,18
48185,Tm37,518730,LC4,5,glutamate,27,31
42994,Li13,518730,LC4,5,gaba,28,31
33016,Li25,518730,LC4,5,gaba,25,30
32631,Tm2,518730,LC4,5,acetylcholine,29,31
30028,Y12,518730,LC4,5,glutamate,30,31
29797,T2,518730,LC4,5,acetylcholine,13,0
25438,SAD064,518730,LC4,5,acetylcholine,5,5
23650,T2,518730,LC4,5,acetylcholine,20,10
22922,LC4,518730,LC4,5,acetylcholine,17,3
19454,PVLP024,518730,LC4,5,gaba,3,11
18413,Li17,518730,LC4,5,gaba,9,8
15986,MeLo8,518730,LC4,5,gaba,25,7
12196,Li29,518730,LC4,5,gaba,28,22
10158,LT56,518730,LC4,5,glutamate,31,5
955658695,Li17,29417,LC4,5,gaba,20,15
566493,Tm3,29417,LC4,5,acetylcholine,31,31
542050,Tm3,29417,LC4,5,acetylcholine,7,20
536397,Li13,29417,LC4,5,gaba,9,20
532032,Tm2,29417,LC4,5,acetylcholine,22,12
530569,Y11,29417,LC4,5,glutamate,30,26
529628,Tm4,29417,LC4,5,acetylcholine,7,14
522441,TmY3,29417,LC4,5,acetylcholine,24,23
521516,Li30,29417,LC4,5,gaba,27,15
519639,T2,29417,LC4,5,acetylcholine,28,31
515792,T2,29417,LC4,5,acetylcholine,3,25
515790,TmY15,29417,LC4,5,gaba,3,18
515791,Tm4,29417,LC4,5,acetylcholine,16,11
514109,T2,29417,LC4,5,acetylcholine,15,5
513278,Tm2,29417,LC4,5,acetylcholine,0,0
119180,Tm3,29417,LC4,5,acetylcholine,1,0
108620,T2,29417,LC4,5,acetylcholine,3,25
86399,Tm3,29417,LC4,5,acetylcholine,26,28
83925,Tm2,29417,LC4,5,acetylcholine,12,10
82384,Tm2,29417,LC4,5,acetylcholine,2,0
77466,Tm2,29417,LC4,5,acetylcholine,25,29
66671,T2,29417,LC4,5,acetylcholine,23,30
17608,LC4,29417,LC4,5,acetylcholine,8,20
13591,LoVC17,29417,LC4,5,gaba,10,24
10776,LoVC7,29417,LC4,5,gaba,2,1
545862,T2,12824,LC4,5,acetylcholine,19,3
539476,MeLo2,12824,LC4,5,acetylcholine,3,0
535401,T2,12824,LC4,5,acetylcholine,26,28
531168,T2,12824,LC4,5,acetylcholine,7,13
522318,Tm2,12824,LC4,5,acetylcholine,7,14
518983,LC4,12824,LC4,5,acetylcholine,5,9
516876,T2,12824,LC4,5,acetylcholine,7,18
514648,Li25,12824,LC4,5,gaba,25,22
512705,LC4,12824,LC4,5,acetylcholine,30,18
117932,Tm3,12824,LC4,5,acetylcholine,4,0
105392,T2,12824,LC4,5,acetylcholine,19,2
84845,Tm3,12824,LC4,5,acetylcholine,5,0
75071,Tm3,12824,LC4,5,acetylcholine,6,0
68833,T2,12824,LC4,5,acetylcholine,22,11
66109,T2,12824,LC4,5,acetylcholine,23,24
65429,Tm4,12824,LC4,5,acetylcholine,29,22
61942,LLPC2,12824,LC4,5,acetylcholine,7,0
49989,Tm2,12824,LC4,5,acetylcholine,17,13
38785,T2,12824,LC4,5,acetylcholine,12,12
35972,Y11,12824,LC4,5,glutamate,8,0
30383,LLPC2,12824,LC4,5,acetylcholine,14,12
28112,Tm37,12824,LC4,5,glutamate,9,0
23982,Tm2,12824,LC4,5,acetylcholine,10,0
22922,LC4,12824,LC4,5,acetylcholine,17,3
21082,Tlp14,12824,LC4,5,glutamate,11,0
20967,LC4,12824,LC4,5,acetylcholine,23,8
19292,Li28,12824,LC4,5,gaba,13,0
18667,Tm3,12824,LC4,5,acetylcholine,12,0
13405,CB4179,12824,LC4,5,gaba,11,17
13107,LC9,12824,LC4,5,acetylcholine,5,30
12242,SAD055,12824,LC4,5,acetylcholine,22,8
12196,Li29,12824,LC4,5,gaba,28,22
11102,PVLP046,12824,LC4,5,gaba,20,4
146812,TmY18,527408,LC4,5,acetylcholine,13,0
93217,Tm4,527408,LC4,5,acetylcholine,28,7
86915,Tm4,527408,LC4,5,acetylcholine,14,31
77972,Tm3,527408,LC4,5,acetylcholine,14,0
77772,Tm4,527408,LC4,5,acetylcholine,31,3
77300,LLPC2,527408,LC4,5,acetylcholine,15,0
74536,Tm4,527408,LC4,5,acetylcholine,7,22
74490,Tm4,527408,LC4,5,acetylcholine,12,12
73392,T2,527408,LC4,5,acetylcholine,13,6
73001,Tm4,527408,LC4,5,acetylcholine,24,31
70188,T2,527408,LC4,5,acetylcholine,13,17
69702,Tm2,527408,LC4,5,acetylcholine,16,0
66538,T2,527408,LC4,5,acetylcholine,24,16
65373,T2,527408,LC4,5,acetylcholine,8,22
64882,T2,527408,LC4,5,acetylcholine,14,15
63933,Tm2,527408,LC4,5,acetylcholine,17,7
61842,T2,527408,LC4,5,acetylcholine,20,16
51919,Tm2,527408,LC4,5,acetylcholine,21,28
51652,TmY3,527408,LC4,5,acetylcholine,14,23
49402,Tm2,527408,LC4,5,acetylcholine,17,15
49323,Tlp13,527408,LC4,5,glutamate,17,0
48626,Y12,527408,LC4,5,glutamate,18,0
35310,LC9,527408,LC4,5,acetylcholine,19,0
29529,LPLC1,527408,LC4,5,acetylcholine,0,9
27080,TmY19a,527408,LC4,5,gaba,0,12
22774,Li26,527408,LC4,5,gaba,31,15
15468,MeLo8,527408,LC4,5,gaba,8,9
13797,Li29,527408,LC4,5,gaba,8,29
580447,Tm2,12032,LC4,5,acetylcholine,20,0
548870,Tm5Y,12032,LC4,5,acetylcholine,21,0
536438,Tm4,12032,LC4,5,acetylcholine,0,9
534569,T2a,12032,LC4,5,acetylcholine,22,0
531862,LT41,12032,LC4,5,gaba,31,3
519995,Tm37,12032,LC4,5,glutamate,23,0
518927,T2,12032,LC4,5,acetylcholine,16,16
518419,TmY19b,12032,LC4,5,gaba,13,8
157221,Tm2,12032,LC4,5,acetylcholine,24,0
125403,T2,12032,LC4,5,acetylcholine,15,19
125110,TmY18,12032,LC4,5,acetylcholine,25,0
124008,T2,12032,LC4,5,acetylcholine,14,0
114604,Tm2,12032,LC4,5,acetylcholine,26,0
108241,T2,12032,LC4,5,acetylcholine,0,27
107632,T2,12032,LC4,5,acetylcholine,10,1
106644,Tm3,12032,LC4,5,acetylcholine,27,0
104467,Tm4,12032,LC4,5,acetylcholine,10,30
97578,Tm4,12032,LC4,5,acetylcholine,30,10
92496,T2,12032,LC4,5,acetylcholine,29,13
85542,Tm4,12032,LC4,5,acetylcholine,28,0
77333,Tm2,12032,LC4,5,acetylcholine,3,1
75704,LPi_unclear,12032,LC4,5,glutamate,30,21
73496,Tm2,12032,LC4,5,acetylcholine,11,4
71685,Tm4,12032,LC4,5,acetylcholine,0,22
65322,Tm2,12032,LC4,5,acetylcholine,29,0
52404,LLPC2,12032,LC4,5,acetylcholine,30,0
47460,Tm4,12032,LC4,5,acetylcholine,17,1
44971,Tm4,12032,LC4,5,acetylcholine,24,2
28980,LC4,12032,LC4,5,acetylcholine,13,9
25944,Li26,12032,LC4,5,gaba,12,1
25125,LC9,12032,LC4,5,acetylcholine,31,0
24523,LC4,12032,LC4,5,acetylcholine,30,17
24105,LC14a-1,12032,LC4,5,acetylcholine,26,4
20572,LC4,12032,LC4,5,acetylcholine,25,13
537898,Tm3,111787,LC4,5,acetylcholine,18,3
532843,Tm2,111787,LC4,5,acetylcholine,16,15
532192,Tm4,111787,LC4,5,acetylcholine,14,14
526992,TmY3,111787,LC4,5,acetylcholine,14,0
526587,Tm37,111787,LC4,5,glutamate,0,1
518983,LC4,111787,LC4,5,acetylcholine,5,9
518567,LLPC2,111787,LC4,5,acetylcholine,1,1
515476,LC4,111787,LC4,5,acetylcholine,2,20
77614,LC4,111787,LC4,5,acetylcholine,20,31
70024,T2,111787,LC4,5,acetylcholine,26,25
58538,TmY3,111787,LC4,5,acetylcholine,8,8
39615,Tm3,111787,LC4,5,acetylcholine,10,27
29469,LC4,111787,LC4,5,acetylcholine,6,15
27829,LC4,111787,LC4,5,acetylcholine,0,21
27194,PVLP046,111787,LC4,5,gaba,18,3
15055,Li26,111787,LC4,5,gaba,25,6
13308,Li29,111787,LC4,5,gaba,14,19
12196,Li29,111787,LC4,5,gaba,28,22
565967,Tm3,35262,LC4,5,acetylcholine,4,13
560866,,35262,LC4,5,gaba,2,1
559263,Li25,35262,LC4,5,gaba,17,15
546210,T2,35262,LC4,5,acetylcholine,18,19
543127,T2,35262,LC4,5,acetylcholine,20,3
534944,Tm37,35262,LC4,5,glutamate,11,8
533885,Tm4,35262,LC4,5,acetylcholine,3,1
532639,Tm2,35262,LC4,5,acetylcholine,4,1
531862,LT41,35262,LC4,5,gaba,31,3
530590,Tm2,35262,LC4,5,acetylcholine,17,9
528965,TmY18,35262,LC4,5,acetylcholine,5,1
521566,T2,35262,LC4,5,acetylcholine,31,25
521137,TmY3,35262,LC4,5,acetylcholine,13,2
520497,Tm2,35262,LC4,5,acetylcholine,29,22
517693,Tm5Y,35262,LC4,5,acetylcholine,6,1
515790,TmY15,35262,LC4,5,gaba,3,18
511897,Tm4,35262,LC4,5,acetylcholine,7,1
173021,Tm3,35262,LC4,5,acetylcholine,14,24
165076,TmY18,35262,LC4,5,acetylcholine,8,1
123992,Tm3,35262,LC4,5,acetylcholine,5,18
116947,T2,35262,LC4,5,acetylcholine,0,12
111641,Tm4,35262,LC4,5,acetylcholine,6,23
99160,T2,35262,LC4,5,acetylcholine,8,4
89178,Tm37,35262,LC4,5,glutamate,9,1
82384,Tm2,35262,LC4,5,acetylcholine,2,0
77923,T2,35262,LC4,5,acetylcholine,6,1
77896,Tm4,35262,LC4,5,acetylcholine,9,18
74939,T5c,35262,LC4,5,acetylcholine,10,1
73933,Tm3,35262,LC4,5,acetylcholine,0,23
73245,T2,35262,LC4,5,acetylcholine,7,16
54214,Li14,35262,LC4,5,glutamate,1,23
51972,Tm2,35262,LC4,5,acetylcholine,11,1
44459,Tm2,35262,LC4,5,acetylcholine,14,24
40489,Tm4,35262,LC4,5,acetylcholine,12,1
38423,CB2940,35262,LC4,5,acetylcholine,28,5
32597,LC4,35262,LC4,5,acetylcholine,23,4
30320,TmY3,35262,LC4,5,acetylcholine,26,5
27546,TmY3,35262,LC4,5,acetylcholine,22,29
17939,PVLP046,35262,LC4,5,gaba,1,19
16917,LC4,35262,LC4,5,acetylcholine,10,27
13846,Li29,35262,LC4,5,gaba,23,21
13524,MeLo8,35262,LC4,5,gaba,22,16
12824,LC4,35262,LC4,5,acetylcholine,9,24
12196,Li29,35262,LC4,5,gaba,28,22
548374,T2,23202,LC4,5,acetylcholine,29,23
545668,T2,23202,LC4,5,acetylcholine,13,16
540511,TmY3,23202,LC4,5,acetylcholine,1,10
534939,Tm3,23202,LC4,5,acetylcholine,13,1
530145,T2,23202,LC4,5,acetylcholine,13,4
529842,LLPC2,23202,LC4,5,acetylcholine,14,1
526196,Tm2,23202,LC4,5,acetylcholine,15,1
524899,LC4,23202,LC4,5,acetylcholine,14,2
524869,Tm37,23202,LC4,5,glutamate,16,1
522321,Tm3,23202,LC4,5,acetylcholine,18,16
520449,LC4,23202,LC4,5,acetylcholine,0,2
518886,Tm4,23202,LC4,5,acetylcholine,19,9
518612,TmY3,23202,LC4,5,acetylcholine,22,12
516411,Tm3,23202,LC4,5,acetylcholine,28,16
515125,Tm4,23202,LC4,5,acetylcholine,15,19
161348,TmY18,23202,LC4,5,acetylcholine,17,1
107106,T2,23202,LC4,5,acetylcholine,9,14
100485,LC4,23202,LC4,5,acetylcholine,23,20
98317,Tm37,23202,LC4,5,glutamate,18,1
72159,T2,23202,LC4,5,acetylcholine,17,23
70818,Tm4,23202,LC4,5,acetylcholine,30,13
70033,Tm4,23202,LC4,5,acetylcholine,5,21
69317,TmY3,23202,LC4,5,acetylcholine,24,11
49240,TmY3,23202,LC4,5,acetylcholine,6,3
47622,Tm3,23202,LC4,5,acetylcholine,19,1
36602,Tm37,23202,LC4,5,glutamate,2,13
30221,TmY15,23202,LC4,5,gaba,20,1
30090,T2,23202,LC4,5,acetylcholine,27,17
25540,Y11,23202,LC4,5,glutamate,28,6
25438,SAD064,23202,LC4,5,acetylcholine,5,5
23720,Tm4,23202,LC4,5,acetylcholine,21,1
23247,LPLC2,23202,LC4,5,acetylcholine,25,9
18478,LC4,23202,LC4,5,acetylcholine,11,14
17478,LC4,23202,LC4,5,acetylcholine,0,10
14102,LPLC2,23202,LC4,5,acetylcholine,22,1
10220,LoVC16,23202,LC4,5,glutamate,13,7
113060,T5c,17054,LC4,5,acetylcholine,23,1
94150,Tm2,17054,LC4,5,acetylcholine,24,1
89047,T2,17054,LC4,5,acetylcholine,3,2
85385,T2,17054,LC4,5,acetylcholine,15,31
82688,T2,17054,LC4,5,acetylcholine,28,13
79115,Tm4,17054,LC4,5,acetylcholine,30,0
77856,Tm4,17054,LC4,5,acetylcholine,25,1
75674,Tm3,17054,LC4,5,acetylcholine,27,29
74737,Tm4,17054,LC4,5,acetylcholine,4,30
73366,Tm2,17054,LC4,5,acetylcholine,26,1
73107,Tm4,17054,LC4,5,acetylcholine,27,1
69490,Tm4,17054,LC4,5,acetylcholine,23,31
68472,Tm37,17054,LC4,5,glutamate,28,1
67521,T2,17054,LC4,5,acetylcholine,11,29
66430,T2,17054,LC4,5,acetylcholine,13,21
65963,T2,17054,LC4,5,acetylcholine,21,10
64244,Tm4,17054,LC4,5,acetylcholine,12,29
64158,T2,17054,LC4,5,acetylcholine,30,11
62357,Tm4,17054,LC4,5,acetylcholine,20,26
62006,Tm3,17054,LC4,5,acetylcholine,29,1
61885,T2,17054,LC4,5,acetylcholine,6,18
59760,T2,17054,LC4,5,acetylcholine,4,4
57283,TmY3,17054,LC4,5,acetylcholine,12,28
54566,Tm37,17054,LC4,5,glutamate,30,1
54349,Tm2,17054,LC4,5,acetylcholine,24,2
53473,Tm2,17054,LC4,5,acetylcholine,24,17
53297,Tm3,17054,LC4,5,acetylcholine,31,1
53291,Tm37,17054,LC4,5,glutamate,0,2
52911,Tm2,17054,LC4,5,acetylcholine,12,2
48654,Tm2,17054,LC4,5,acetylcholine,18,29
45550,Y14,17054,LC4,5,glutamate,1,2
38347,Tlp14,17054,LC4,5,glutamate,2,2
36250,Li34a,17054,LC4,5,gaba,3,2
35994,LC9,17054,LC4,5,acetylcholine,1,5
35454,LLPC2,17054,LC4,5,acetylcholine,4,2
35338,Li25,17054,LC4,5,gaba,27,2
29128,Li25,17054,LC4,5,gaba,12,19
27548,LC14a-1,17054,LC4,5,acetylcholine,24,0
26957,Li13,17054,LC4,5,gaba,7,30
23792,LC4,17054,LC4,5,acetylcholine,20,7
21313,LC4,17054,LC4,5,acetylcholine,17,25
21151,LC4,17054,LC4,5,acetylcholine,16,21
12237,SAD055,17054,LC4,5,acetylcholine,24,31
10730,LoVC21,17054,LC4,5,gaba,31,0
547647,Tm4,16128,LC4,5,acetylcholine,3,21
166270,Tm9,16128,LC4,5,acetylcholine,5,2
116389,T5c,16128,LC4,5,acetylcholine,6,2
108073,Tm4,16128,LC4,5,acetylcholine,20,0
102850,T5c,16128,LC4,5,acetylcholine,7,2
101961,Tm3,16128,LC4,5,acetylcholine,8,2
100143,Tm3,16128,LC4,5,acetylcholine,9,2
98531,T5c,16128,LC4,5,acetylcholine,10,2
89455,T5c,16128,LC4,5,acetylcholine,11,2
87849,Tm2,16128,LC4,5,acetylcholine,12,2
85101,Tm4,16128,LC4,5,acetylcholine,13,2
74371,Tm4,16128,LC4,5,acetylcholine,14,2
69991,T2,16128,LC4,5,acetylcholine,19,17
69635,Tm3,16128,LC4,5,acetylcholine,15,2
68895,T2,16128,LC4,5,acetylcholine,10,25
68366,T2,16128,LC4,5,acetylcholine,23,29
66526,T2,16128,LC4,5,acetylcholine,21,17
66430,T2,16128,LC4,5,acetylcholine,13,21
64625,T2,16128,LC4,5,acetylcholine,12,22
62851,Tm3,16128,LC4,5,acetylcholine,16,2
62135,Tm3,16128,LC4,5,acetylcholine,17,2
61637,T2,16128,LC4,5,acetylcholine,18,13
60643,Tm3,16128,LC4,5,acetylcholine,13,6
58644,Tm2,16128,LC4,5,acetylcholine,18,2
57972,Tm3,16128,LC4,5,acetylcholine,19,2
53293,Tm2,16128,LC4,5,acetylcholine,28,27
47954,Tm2,16128,LC4,5,acetylcholine,5,21
47532,LLPC2,16128,LC4,5,acetylcholine,20,2
47079,Tm2,16128,LC4,5,acetylcholine,0,0
46279,Tm2,16128,LC4,5,acetylcholine,27,10
32160,Li13,16128,LC4,5,gaba,21,2
29869,Y11,16128,LC4,5,glutamate,22,2
29183,LPLC2,16128,LC4,5,acetylcholine,23,2
29148,LC9,16128,LC4,5,acetylcholine,1,16
28219,LLPC2,16128,LC4,5,acetylcholine,24,2
26730,LPLC2,16128,LC4,5,acetylcholine,18,24
25922,MeLo13,16128,LC4,5,glutamate,25,2
22194,LC4,16128,LC4,5,acetylcholine,20,7
22034,LC4,16128,LC4,5,acetylcholine,14,15
21287,LC4,16128,LC4,5,acetylcholine,5,5
20703,Li26,16128,LC4,5,gaba,7,19
17364,LC4,16128,LC4,5,acetylcholine,21,11
11689,Li16,16128,LC4,5,glutamate,19,31
10297,LHAD1g1,16128,LC4,5,gaba,31,29
110576,Tm4,21804,LC4,5,acetylcholine,26,2
106838,Tm2,21804,LC4,5,acetylcholine,28,22
104558,T2,21804,LC4,5,acetylcholine,27,2
98597,Tm2,21804,LC4,5,acetylcholine,28,2
94450,Tm3,21804,LC4,5,acetylcholine,29,2
91046,T2,21804,LC4,5,acetylcholine,20,11
90832,T2,21804,LC4,5,acetylcholine,30,2
89122,T2,21804,LC4,5,acetylcholine,7,29
85947,Tm3,21804,LC4,5,acetylcholine,31,2
82605,Tm3,21804,LC4,5,acetylcholine,0,3
82564,Tm3,21804,LC4,5,acetylcholine,0,17
78508,T2,21804,LC4,5,acetylcholine,1,9
78500,T2,21804,LC4,5,acetylcholine,17,26
72370,Tm2,21804,LC4,5,acetylcholine,14,18
72532,Tm2,21804,LC4,5,acetylcholine,15,8
62285,Tm2,21804,LC4,5,acetylcholine,1,3
60077,Li13,21804,LC4,5,gaba,27,4
56670,TmY3,21804,LC4,5,acetylcholine,8,16
32977,Tm3,21804,LC4,5,acetylcholine,2,3
32528,TmY19a,21804,LC4,5,gaba,28,5
24604,LC9,21804,LC4,5,acetylcholine,25,8
21225,LC4,21804,LC4,5,acetylcholine,26,0
20016,LC4,21804,LC4,5,acetylcholine,12,16
17065,CB3513,21804,LC4,5,gaba,24,31
15095,MeLo8,21804,LC4,5,gaba,20,6
13578,ANXXX109,21804,LC4,5,gaba,9,6
10480,MeVP53,21804,LC4,5,gaba,11,7
146242,Tm3,20016,LC4,5,acetylcholine,3,3
137130,Tm3,20016,LC4,5,acetylcholine,12,19
115650,Tm4,20016,LC4,5,acetylcholine,9,12
98524,Tm4,20016,LC4,5,acetylcholine,10,20
90565,Tm4,20016,LC4,5,acetylcholine,4,3
89597,Tm2,20016,LC4,5,acetylcholine,5,3
89179,Tm2,20016,LC4,5,acetylcholine,6,3
86913,Tm2,20016,LC4,5,acetylcholine,14,9
86612,T2,20016,LC4,5,acetylcholine,18,14
84996,Tm4,20016,LC4,5,acetylcholine,19,14
83433,T2,20016,LC4,5,acetylcholine,23,29
82114,T2,20016,LC4,5,acetylcholine,11,8
79375,T2,20016,LC4,5,acetylcholine,10,21
79502,Tm3,20016,LC4,5,acetylcholine,31,20
76375,T2,20016,LC4,5,acetylcholine,16,9
75085,T2,20016,LC4,5,acetylcholine,31,5
74152,T2,20016,LC4,5,acetylcholine,18,10
73069,T2,20016,LC4,5,acetylcholine,7,15
61052,Tm2,20016,LC4,5,acetylcholine,7,3
60377,Y14,20016,LC4,5,glutamate,8,3
59536,Tm2,20016,LC4,5,acetylcholine,9,3
46284,Li14,20016,LC4,5,glutamate,11,14
45350,TmY21,20016,LC4,5,acetylcholine,1,17
28041,LC9,20016,LC4,5,acetylcholine,2,6
26106,TmY15,20016,LC4,5,gaba,10,3
23853,TmY15,20016,LC4,5,gaba,30,12
21336,LC4,20016,LC4,5,acetylcholine,14,15
21287,LC4,20016,LC4,5,acetylcholine,5,5
20673,LC4,20016,LC4,5,acetylcholine,30,30
20282,LC4,20016,LC4,5,acetylcholine,27,21
16659,PVLP011,20016,LC4,5,gaba,11,20
16325,TmY19b,20016,LC4,5,gaba,17,0
14462,MeLo8,20016,LC4,5,gaba,17,2
10052,LoVC14,20016,LC4,5,gaba,8,2
550392,T2,15018,LC4,5,acetylcholine,2,17
541521,Tm37,15018,LC4,5,glutamate,3,28
536397,Li13,15018,LC4,5,gaba,9,20
529989,TmY15,15018,LC4,5,gaba,11,3
524937,Tm2,15018,LC4,5,acetylcholine,12,3
512366,LC4,15018,LC4,5,acetylcholine,6,7
190304,Tm4,15018,LC4,5,acetylcholine,13,3
121409,T2,15018,LC4,5,acetylcholine,10,9
109792,Tm3,15018,LC4,5,acetylcholine,30,14
90178,Y14,15018,LC4,5,glutamate,5,25
77048,TmY3,15018,LC4,5,acetylcholine,29,19
73101,Y12,15018,LC4,5,glutamate,30,22
71431,TmY3,15018,LC4,5,acetylcholine,2,9
67994,Tm2,15018,LC4,5,acetylcholine,5,15
61330,Tm2,15018,LC4,5,acetylcholine,5,27
38423,CB2940,15018,LC4,5,acetylcholine,28,5
18396,LC4,15018,LC4,5,acetylcholine,20,31
16596,Li28,15018,LC4,5,gaba,1,4
13846,Li29,15018,LC4,5,gaba,23,21
12967,T2,15018,LC4,5,acetylcholine,7,7
12722,LoVC21,15018,LC4,5,gaba,3,1
133950,Tm3,19260,LC4,5,acetylcholine,14,3
133040,Tm3,19260,LC4,5,acetylcholine,13,31
120992,Tm3,19260,LC4,5,acetylcholine,15,3
106948,Tm4,19260,LC4,5,acetylcholine,29,31
83379,Tm3,19260,LC4,5,acetylcholine,16,3
82891,Tm2,19260,LC4,5,acetylcholine,31,30
82234,T2,19260,LC4,5,acetylcholine,3,31
82168,Tm2,19260,LC4,5,acetylcholine,17,3
78561,Tm3,19260,LC4,5,acetylcholine,18,3
77232,T2,19260,LC4,5,acetylcholine,4,20
77153,T2,19260,LC4,5,acetylcholine,31,19
76041,T2,19260,LC4,5,acetylcholine,30,19
75283,T2,19260,LC4,5,acetylcholine,9,6
74501,Tm3,19260,LC4,5,acetylcholine,10,3
73867,T2,19260,LC4,5,acetylcholine,19,3
72897,T2,19260,LC4,5,acetylcholine,6,23
69293,Tm4,19260,LC4,5,acetylcholine,4,6
69051,T2,19260,LC4,5,acetylcholine,28,28
68840,TmY3,19260,LC4,5,acetylcholine,25,15
68713,T2,19260,LC4,5,acetylcholine,19,27
66604,TmY3,19260,LC4,5,acetylcholine,1,17
65515,T2,19260,LC4,5,acetylcholine,5,29
64999,Tm4,19260,LC4,5,acetylcholine,0,16
62488,T2,19260,LC4,5,acetylcholine,15,31
61701,Tm2,19260,LC4,5,acetylcholine,20,3
60979,TmY3,19260,LC4,5,acetylcholine,11,11
56440,Tm2,19260,LC4,5,acetylcholine,17,31
56117,Tm2,19260,LC4,5,acetylcholine,21,3
52451,Y14,19260,LC4,5,glutamate,22,3
48283,TmY3,19260,LC4,5,acetylcholine,12,7
46346,Li29,19260,LC4,5,gaba,2,11
40284,Tlp12,19260,LC4,5,glutamate,24,0
35395,Y12,19260,LC4,5,glutamate,23,3
32394,Li25,19260,LC4,5,gaba,17,27
31355,Li15,19260,LC4,5,gaba,19,27
30250,Li25,19260,LC4,5,gaba,24,3
26010,Li15,19260,LC4,5,gaba,2,11
25607,PVLP046,19260,LC4,5,gaba,12,3
23792,LC4,19260,LC4,5,acetylcholine,20,7
21336,LC4,19260,LC4,5,acetylcholine,14,15
20964,Li26,19260,LC4,5,gaba,11,10
19924,CB2664,19260,LC4,5,acetylcholine,30,26
19420,LC4,19260,LC4,5,acetylcholine,28,27
17266,LC4,19260,LC4,5,acetylcholine,7,29
16628,LC4,19260,LC4,5,acetylcholine,30,29
16459,PVLP024,19260,LC4,5,gaba,5,15
15665,SAD064,19260,LC4,5,acetylcholine,25,24
11102,PVLP046,19260,LC4,5,gaba,20,4
580564,Tlp13,514508,LC4,5,glutamate,21,16
542052,Tm4,514508,LC4,5,acetylcholine,17,21
533222,T2,514508,LC4,5,acetylcholine,4,6
529960,Tm5Y,514508,LC4,5,acetylcholine,25,3
524899,LC4,514508,LC4,5,acetylcholine,14,2
517752,LC4,514508,LC4,5,acetylcholine,11,21
514956,LC4,514508,LC4,5,acetylcholine,9,11
142095,T2,514508,LC4,5,acetylcholine,27,14
136199,Tm4,514508,LC4,5,acetylcholine,26,3
129396,Tm4,514508,LC4,5,acetylcholine,13,4
117021,TmY18,514508,LC4,5,acetylcholine,27,3
104467,Tm4,514508,LC4,5,acetylcholine,10,30
103881,T2,514508,LC4,5,acetylcholine,31,3
98644,Tm3,514508,LC4,5,acetylcholine,28,3
93362,Tm5Y,514508,LC4,5,acetylcholine,29,3
93247,Tm5Y,514508,LC4,5,acetylcholine,30,3
92495,T2,514508,LC4,5,acetylcholine,26,1
82760,T2,514508,LC4,5,acetylcholine,17,0
72448,Tm2,514508,LC4,5,acetylcholine,31,3
61613,Y13,514508,LC4,5,glutamate,0,4
56235,Tm2,514508,LC4,5,acetylcholine,18,8
52750,Tm4,514508,LC4,5,acetylcholine,12,20
52732,MeLo2,514508,LC4,5,acetylcholine,0,2
38423,CB2940,514508,LC4,5,acetylcholine,28,5
32597,LC4,514508,LC4,5,acetylcholine,23,4
28656,LPLC1,514508,LC4,5,acetylcholine,12,10
14108,TmY19a,514508,LC4,5,gaba,25,12
13846,Li29,514508,LC4,5,gaba,23,21
13408,MeLo8,514508,LC4,5,gaba,15,5
539413,LT56,19550,LC4,5,glutamate,4,14
88004,Tm4,19550,LC4,5,acetylcholine,30,20
82461,Tm3,19550,LC4,5,acetylcholine,1,4
77955,T2,19550,LC4,5,acetylcholine,17,17
76720,T2,19550,LC4,5,acetylcholine,17,6
72077,Tm4,19550,LC4,5,acetylcholine,22,10
70060,Tm3,19550,LC4,5,acetylcholine,2,4
70013,Tm4,19550,LC4,5,acetylcholine,13,3
69491,Tm3,19550,LC4,5,acetylcholine,3,4
68113,Tm4,19550,LC4,5,acetylcholine,20,14
68027,T2,19550,LC4,5,acetylcholine,10,13
65928,Tm3,19550,LC4,5,acetylcholine,4,4
64294,T2,19550,LC4,5,acetylcholine,29,13
63208,T2,19550,LC4,5,acetylcholine,5,22
62711,T2,19550,LC4,5,acetylcholine,4,26
62453,T2,19550,LC4,5,acetylcholine,21,14
61721,T2,19550,LC4,5,acetylcholine,31,31
59208,Tm2,19550,LC4,5,acetylcholine,23,2
54281,Tm2,19550,LC4,5,acetylcholine,21,31
53323,Tm2,19550,LC4,5,acetylcholine,5,4
53069,Tm2,19550,LC4,5,acetylcholine,6,25
50602,TmY3,19550,LC4,5,acetylcholine,27,11
50293,Tm2,19550,LC4,5,acetylcholine,6,4
50244,TmY3,19550,LC4,5,acetylcholine,5,11
49469,Tm2,19550,LC4,5,acetylcholine,12,13
48000,Y12,19550,LC4,5,glutamate,7,4
42047,LLPC2,19550,LC4,5,acetylcholine,8,4
41224,Tlp12,19550,LC4,5,glutamate,15,22
38398,Tlp13,19550,LC4,5,glutamate,9,4
37493,LLPC2,19550,LC4,5,acetylcholine,10,4
35809,LC9,19550,LC4,5,acetylcholine,17,15
30517,MeLo2,19550,LC4,5,acetylcholine,11,4
28819,Tlp14,19550,LC4,5,glutamate,3,11
28400,LC9,19550,LC4,5,acetylcholine,21,6
26730,LPLC2,19550,LC4,5,acetylcholine,18,24
25736,Y11,19550,LC4,5,glutamate,12,4
25578,Li13,19550,LC4,5,gaba,7,26
23429,TmY15,19550,LC4,5,gaba,13,4
23098,LC4,19550,LC4,5,acetylcholine,25,17
21429,Li26,19550,LC4,5,gaba,16,21
21313,LC4,19550,LC4,5,acetylcholine,17,25
17548,LC4,19550,LC4,5,acetylcholine,11,15
13797,Li29,19550,LC4,5,gaba,8,29
148604,Tm3,21151,LC4,5,acetylcholine,1,12
134277,Tm3,21151,LC4,5,acetylcholine,14,4
96058,Tm3,21151,LC4,5,acetylcholine,7,6
93333,T2,21151,LC4,5,acetylcholine,23,7
92296,T2,21151,LC4,5,acetylcholine,25,26
87188,Tm3,21151,LC4,5,acetylcholine,15,4
86777,Tm3,21151,LC4,5,acetylcholine,0,5
86769,T2,21151,LC4,5,acetylcholine,2,12
85453,Tm3,21151,LC4,5,acetylcholine,26,31
85355,Tm3,21151,LC4,5,acetylcholine,16,4
84228,Tm4,21151,LC4,5,acetylcholine,28,31
83471,T2,21151,LC4,5,acetylcholine,15,12
82777,Tm5Y,21151,LC4,5,acetylcholine,17,4
78675,Tm4,21151,LC4,5,acetylcholine,31,31
76816,Tm4,21151,LC4,5,acetylcholine,18,12
75799,Tm4,21151,LC4,5,acetylcholine,1,30
71987,Tm4,21151,LC4,5,acetylcholine,15,15
62487,Tm2,21151,LC4,5,acetylcholine,18,4
61647,Tm37,21151,LC4,5,glutamate,19,4
61050,Tm2,21151,LC4,5,acetylcholine,20,4
57583,Tm2,21151,LC4,5,acetylcholine,21,4
55676,Tm2,21151,LC4,5,acetylcholine,0,29
55054,Li14,21151,LC4,5,glutamate,22,4
53337,Tm2,21151,LC4,5,acetylcholine,23,4
52970,Li14,21151,LC4,5,glutamate,24,4
46346,Li29,21151,LC4,5,gaba,2,11
42434,Y11,21151,LC4,5,glutamate,25,4
33862,Y11,21151,LC4,5,glutamate,26,4
30583,MeLo2,21151,LC4,5,acetylcholine,16,12
30191,Li25,21151,LC4,5,gaba,17,31
29223,LC9,21151,LC4,5,acetylcholine,21,3
27194,PVLP046,21151,LC4,5,gaba,18,3
26967,LC9,21151,LC4,5,acetylcholine,6,20
22651,Pm7_Li28,21151,LC4,5,gaba,0,6
20542,LC4,21151,LC4,5,acetylcholine,8,4
19260,LC4,21151,LC4,5,acetylcholine,22,12
16474,LT60,21151,LC4,5,acetylcholine,27,4
13673,MeLo8,21151,LC4,5,gaba,16,1
580162,Tm4,518544,LC4,5,acetylcholine,4,0
534751,T2,518544,LC4,5,acetylcholine,0,23
529108,T2,518544,LC4,5,acetylcholine,14,10
523856,Tm3,518544,LC4,5,acetylcholine,28,4
521050,Tm5Y,518544,LC4,5,acetylcholine,6,13
518730,LC4,518544,LC4,5,acetylcholine,22,23
518023,TmY3,518544,LC4,5,acetylcholine,7,10
517714,Tm4,518544,LC4,5,acetylcholine,6,25
516533,Tm2,518544,LC4,5,acetylcholine,26,20
512527,Tm3,518544,LC4,5,acetylcholine,29,4
512329,LC9,518544,LC4,5,acetylcholine,23,1
512121,CB1280,518544,LC4,5,acetylcholine,12,21
511897,Tm4,518544,LC4,5,acetylcholine,7,1
138486,Tm3,518544,LC4,5,acetylcholine,30,4
121243,T2,518544,LC4,5,acetylcholine,26,14
116613,LPLC1,518544,LC4,5,acetylcholine,20,23
108587,T2,518544,LC4,5,acetylcholine,22,15
86538,Tm3,518544,LC4,5,acetylcholine,31,4
84258,Tm3,518544,LC4,5,acetylcholine,0,5
82026,T2,518544,LC4,5,acetylcholine,7,8
73957,T2,518544,LC4,5,acetylcholine,2,1
73286,T2,518544,LC4,5,acetylcholine,30,6
68343,Tm4,518544,LC4,5,acetylcholine,9,13
56029,T2,518544,LC4,5,acetylcholine,6,11
38553,Y12,518544,LC4,5,glutamate,11,10
32597,LC4,518544,LC4,5,acetylcholine,23,4
26878,Tm2,518544,LC4,5,acetylcholine,5,20
23051,TmY15,518544,LC4,5,gaba,11,13
22772,LC4,518544,LC4,5,acetylcholine,3,28
21571,Tlp14,518544,LC4,5,glutamate,6,5
18350,PVLP046,518544,LC4,5,gaba,25,3
17653,LC4,518544,LC4,5,acetylcholine,13,6
16475,PVLP024,518544,LC4,5,gaba,20,7
15019,Li28,518544,LC4,5,gaba,12,0
14209,Li28,518544,LC4,5,gaba,7,1
12349,LC4,518544,LC4,5,acetylcholine,2,20
11102,PVLP046,518544,LC4,5,gaba,20,4
154994,Tm3,19420,LC4,5,acetylcholine,1,5
123564,Tm3,19420,LC4,5,acetylcholine,2,5
118046,Tm5Y,19420,LC4,5,acetylcholine,3,5
116703,Tm4,19420,LC4,5,acetylcholine,28,4
91070,Tm3,19420,LC4,5,acetylcholine,4,5
90084,T2,19420,LC4,5,acetylcholine,20,1
88355,Tm2,19420,LC4,5,acetylcholine,5,5
85071,Tm37,19420,LC4,5,glutamate,6,5
84807,T2a,19420,LC4,5,acetylcholine,7,5
83471,T2,19420,LC4,5,acetylcholine,15,12
82493,Tm4,19420,LC4,5,acetylcholine,16,13
81669,T2,19420,LC4,5,acetylcholine,16,12
81288,T2,19420,LC4,5,acetylcholine,14,30
79843,T2,19420,LC4,5,acetylcholine,14,14
78905,T2,19420,LC4,5,acetylcholine,25,26
77111,Tm4,19420,LC4,5,acetylcholine,2,5
74272,T2,19420,LC4,5,acetylcholine,19,17
71835,Tm5Y,19420,LC4,5,acetylcholine,8,5
71518,T2,19420,LC4,5,acetylcholine,6,5
64019,Y14,19420,LC4,5,glutamate,12,6
59301,Tm37,19420,LC4,5,glutamate,9,5
50767,Tlp12,19420,LC4,5,glutamate,2,5
47053,Tlp13,19420,LC4,5,glutamate,24,0
32088,Li25,19420,LC4,5,gaba,12,30
30191,Li25,19420,LC4,5,gaba,17,31
26524,LC9,19420,LC4,5,acetylcholine,24,3
24269,Li26,19420,LC4,5,gaba,25,26
21287,LC4,19420,LC4,5,acetylcholine,5,5
21165,LC4,19420,LC4,5,acetylcholine,1,18
20016,LC4,19420,LC4,5,acetylcholine,12,16
19260,LC4,19420,LC4,5,acetylcholine,22,12
17987,LC4,19420,LC4,5,acetylcholine,8,18
17054,LC4,19420,LC4,5,acetylcholine,9,4
16628,LC4,19420,LC4,5,acetylcholine,30,29
16475,PVLP024,19420,LC4,5,gaba,20,7
16459,PVLP024,19420,LC4,5,gaba,5,15
16429,Li17,19420,LC4,5,gaba,16,3
16138,LC4,19420,LC4,5,acetylcholine,3,23
11981,Li28,19420,LC4,5,gaba,2,0
10352,Li32,19420,LC4,5,gaba,10,5
253390708,TmY3,107513,LC4,5,acetylcholine,19,31
557604,Y3,107513,LC4,5,acetylcholine,11,5
536960,Tm4,107513,LC4,5,acetylcholine,9,19
523705,Tm3,107513,LC4,5,acetylcholine,0,10
516102,Tm37,107513,LC4,5,glutamate,12,5
514956,LC4,107513,LC4,5,acetylcholine,9,11
512366,LC4,107513,LC4,5,acetylcholine,6,7
190304,Tm4,107513,LC4,5,acetylcholine,13,3
170827,TmY18,107513,LC4,5,acetylcholine,13,5
159878,T2,107513,LC4,5,acetylcholine,9,0
148085,Tm3,107513,LC4,5,acetylcholine,24,8
141653,Tm3,107513,LC4,5,acetylcholine,14,5
137136,T2,107513,LC4,5,acetylcholine,0,0
135878,Tm4,107513,LC4,5,acetylcholine,1,27
123341,T2,107513,LC4,5,acetylcholine,11,10
120803,T2,107513,LC4,5,acetylcholine,11,9
110263,TmY18,107513,LC4,5,acetylcholine,15,5
107480,T2,107513,LC4,5,acetylcholine,3,0
91945,Tm4,107513,LC4,5,acetylcholine,25,19
88702,Tm2,107513,LC4,5,acetylcholine,16,5
80151,T2,107513,LC4,5,acetylcholine,4,8
73053,T2,107513,LC4,5,acetylcholine,17,30
71157,CB3513,107513,LC4,5,gaba,25,22
63348,Tm2,107513,LC4,5,acetylcholine,15,10
59356,Tm3,107513,LC4,5,acetylcholine,13,24
43213,TmY3,107513,LC4,5,acetylcholine,26,18
32213,Li25,107513,LC4,5,gaba,29,23
28565,Tlp14,107513,LC4,5,glutamate,23,24
18756,Li26,107513,LC4,5,gaba,27,20
18140,TmY19b,107513,LC4,5,gaba,5,8
17622,Tm3,107513,LC4,5,acetylcholine,17,5
16475,PVLP024,107513,LC4,5,gaba,20,7
15516,LC9,107513,LC4,5,acetylcholine,21,19
15018,LC4,107513,LC4,5,acetylcholine,8,4
14209,Li28,107513,LC4,5,gaba,7,1
14108,TmY19a,107513,LC4,5,gaba,25,12
13846,Li29,107513,LC4,5,gaba,23,21
13591,LoVC17,107513,LC4,5,gaba,10,24
12196,Li29,107513,LC4,5,gaba,28,22
135467,Tm3,20542,LC4,5,acetylcholine,18,5
107947,Tm4,20542,LC4,5,acetylcholine,30,8
94507,Tm2,20542,LC4,5,acetylcholine,7,3
89224,Tm2,20542,LC4,5,acetylcholine,6,29
87879,Tm2,20542,LC4,5,acetylcholine,15,14
85489,T2,20542,LC4,5,acetylcholine,6,12
85055,T2,20542,LC4,5,acetylcholine,9,18
81074,T2,20542,LC4,5,acetylcholine,27,19
79854,Tm2,20542,LC4,5,acetylcholine,19,5
79162,T2,20542,LC4,5,acetylcholine,22,7
74790,Tm4,20542,LC4,5,acetylcholine,8,7
74164,Tm4,20542,LC4,5,acetylcholine,16,31
73828,Tm3,20542,LC4,5,acetylcholine,20,5
72283,Tm4,20542,LC4,5,acetylcholine,11,21
72144,T2,20542,LC4,5,acetylcholine,19,6
71019,T2,20542,LC4,5,acetylcholine,3,23
69632,Tm4,20542,LC4,5,acetylcholine,27,26
69051,T2,20542,LC4,5,acetylcholine,28,28
62505,TmY3,20542,LC4,5,acetylcholine,0,28
57558,Tm2,20542,LC4,5,acetylcholine,21,5
57143,Y14,20542,LC4,5,glutamate,28,26
53887,Tm2,20542,LC4,5,acetylcholine,26,29
53361,Tm2,20542,LC4,5,acetylcholine,27,27
53131,LLPC2,20542,LC4,5,acetylcholine,0,19
52328,TmY3,20542,LC4,5,acetylcholine,19,18
50333,TmY3,20542,LC4,5,acetylcholine,22,18
48473,LLPC2,20542,LC4,5,acetylcholine,22,5
46482,Y11,20542,LC4,5,glutamate,23,5
45005,TmY3,20542,LC4,5,acetylcholine,7,7
41014,Y11,20542,LC4,5,glutamate,24,5
36458,Y12,20542,LC4,5,glutamate,25,5
33771,Li15,20542,LC4,5,gaba,18,14
31262,LC4,20542,LC4,5,acetylcholine,20,18
30727,MeLo2,20542,LC4,5,acetylcholine,18,0
25607,PVLP046,20542,LC4,5,gaba,12,3
25566,Li26,20542,LC4,5,gaba,10,15
16475,PVLP024,20542,LC4,5,gaba,20,7
16415,Li30,20542,LC4,5,gaba,11,4
16140,TmY19a,20542,LC4,5,gaba,16,18
14106,CB2664,20542,LC4,5,acetylcholine,4,17
12931,LoVC15,20542,LC4,5,gaba,21,18
11981,Li28,20542,LC4,5,gaba,2,0
10730,LoVC21,20542,LC4,5,gaba,31,0
527699,SAD064,29563,LC4,5,acetylcholine,4,13
120487,Tm4,29563,LC4,5,acetylcholine,27,19
115133,Tm4,29563,LC4,5,acetylcholine,4,22
93758,Tm4,29563,LC4,5,acetylcholine,22,3
84741,Tm3,29563,LC4,5,acetylcholine,27,2
81748,T2,29563,LC4,5,acetylcholine,20,14
80754,Tm4,29563,LC4,5,acetylcholine,18,6
77846,Tm3,29563,LC4,5,acetylcholine,8,20
77097,Tm4,29563,LC4,5,acetylcholine,6,23
72928,Tm2,29563,LC4,5,acetylcholine,4,30
70706,T2,29563,LC4,5,acetylcholine,6,24
66217,T2,29563,LC4,5,acetylcholine,13,11
65512,T2,29563,LC4,5,acetylcholine,14,11
63711,Tm2,29563,LC4,5,acetylcholine,18,0
63614,T2,29563,LC4,5,acetylcholine,16,17
59287,Tm2,29563,LC4,5,acetylcholine,19,29
58576,T2,29563,LC4,5,acetylcholine,4,10
57871,T2,29563,LC4,5,acetylcholine,23,22
56240,T2,29563,LC4,5,acetylcholine,25,9
47898,TmY3,29563,LC4,5,acetylcholine,12,6
30803,LC4,29563,LC4,5,acetylcholine,2,24
25607,PVLP046,29563,LC4,5,gaba,12,3
22257,PVLP046,29563,LC4,5,gaba,16,12
16659,PVLP011,29563,LC4,5,gaba,11,20
14106,CB2664,29563,LC4,5,acetylcholine,4,17
126531,Tm3,17364,LC4,5,acetylcholine,26,5
118356,T2,17364,LC4,5,acetylcholine,25,20
118251,T2,17364,LC4,5,acetylcholine,9,31
104958,T2,17364,LC4,5,acetylcholine,11,29
104733,Tm5Y,17364,LC4,5,acetylcholine,27,5
94293,Tm5c,17364,LC4,5,glutamate,28,5
93996,Tm5Y,17364,LC4,5,acetylcholine,29,5
92796,Tm3,17364,LC4,5,acetylcholine,30,5
92296,T2,17364,LC4,5,acetylcholine,25,26
87097,Tm4,17364,LC4,5,acetylcholine,11,16
86440,Tm3,17364,LC4,5,acetylcholine,31,5
85573,T2,17364,LC4,5,acetylcholine,3,3
85529,Tm3,17364,LC4,5,acetylcholine,0,6
84006,Tm3,17364,LC4,5,acetylcholine,1,6
83662,Tm4,17364,LC4,5,acetylcholine,30,20
82972,Tm37,17364,LC4,5,glutamate,2,6
79380,Tm5Y,17364,LC4,5,acetylcholine,3,6
78912,T2,17364,LC4,5,acetylcholine,31,26
78866,Tm4,17364,LC4,5,acetylcholine,15,30
77326,Tm4,17364,LC4,5,acetylcholine,2,27
76143,Tm4,17364,LC4,5,acetylcholine,16,29
75949,Tm3,17364,LC4,5,acetylcholine,4,6
75771,Tm3,17364,LC4,5,acetylcholine,12,15
70250,Tm4,17364,LC4,5,acetylcholine,21,23
62965,Tm2,17364,LC4,5,acetylcholine,5,6
60700,Tm37,17364,LC4,5,glutamate,5,27
58210,Tm2,17364,LC4,5,acetylcholine,5,28
56047,Tm37,17364,LC4,5,glutamate,8,3
53659,TmY3,17364,LC4,5,acetylcholine,8,31
51045,Tlp13,17364,LC4,5,glutamate,22,5
46031,Li14,17364,LC4,5,glutamate,27,26
45374,Tlp12,17364,LC4,5,glutamate,18,6
33547,LLPC2,17364,LC4,5,acetylcholine,6,6
29505,MeLo2,17364,LC4,5,acetylcholine,7,6
24474,TmY15,17364,LC4,5,gaba,8,6
21313,LC4,17364,LC4,5,acetylcholine,17,25
20103,LPLC2,17364,LC4,5,acetylcholine,9,6
19924,CB2664,17364,LC4,5,acetylcholine,30,26
19146,LPLC2,17364,LC4,5,acetylcholine,11,5
15994,CB3513,17364,LC4,5,gaba,13,14
15221,CB4179,17364,LC4,5,gaba,10,19
546071,T2,37587,LC4,5,acetylcholine,30,18
545709,T2,37587,LC4,5,acetylcholine,31,18
543884,Tm4,37587,LC4,5,acetylcholine,12,6
530656,TmY19a,37587,LC4,5,gaba,16,4
522946,Tm4,37587,LC4,5,acetylcholine,10,6
516913,TmY3,37587,LC4,5,acetylcholine,8,21
516681,Tm2,37587,LC4,5,acetylcholine,17,16
513884,Tm2,37587,LC4,5,acetylcholine,15,2
513870,Tm2,37587,LC4,5,acetylcholine,29,11
410217,Li26,37587,LC4,5,gaba,3,10
134790,Tm3,37587,LC4,5,acetylcholine,11,6
119549,Tm3,37587,LC4,5,acetylcholine,12,6
116774,T2,37587,LC4,5,acetylcholine,26,8
113795,T2,37587,LC4,5,acetylcholine,6,27
89220,Tm2,37587,LC4,5,acetylcholine,20,9
85293,T2,37587,LC4,5,acetylcholine,9,26
63486,Tm2,37587,LC4,5,acetylcholine,19,4
42202,TmY19a,37587,LC4,5,gaba,27,8
33875,Tm2,37587,LC4,5,acetylcholine,13,6
32777,Tm4,37587,LC4,5,acetylcholine,20,29
29417,LC4,37587,LC4,5,acetylcholine,15,22
26416,LPLC2,37587,LC4,5,acetylcholine,24,24
22867,LPLC1,37587,LC4,5,acetylcholine,14,6
958377,,530029,LC4,5,gaba,29,26
561708,Tm4,530029,LC4,5,acetylcholine,15,16
551028,T2,530029,LC4,5,acetylcholine,8,23
545337,T2,530029,LC4,5,acetylcholine,22,15
542285,Tm4,530029,LC4,5,acetylcholine,21,25
532033,Tm4,530029,LC4,5,acetylcholine,29,6
516705,TmY19a,530029,LC4,5,gaba,14,3
516647,Tm3,530029,LC4,5,acetylcholine,15,6
515986,Tm2,530029,LC4,5,acetylcholine,9,23
514038,TmY18,530029,LC4,5,acetylcholine,16,6
113564,TmY3,530029,LC4,5,acetylcholine,7,28
78548,T2,530029,LC4,5,acetylcholine,5,0
70502,T2,530029,LC4,5,acetylcholine,1,19
65799,Tlp12,530029,LC4,5,glutamate,7,1
49018,Li13,530029,LC4,5,gaba,6,10
48433,MeLo2,530029,LC4,5,acetylcholine,17,6
46642,Tlp11,530029,LC4,5,glutamate,18,6
37587,LC4,530029,LC4,5,acetylcholine,16,1
35294,LPLC2,530029,LC4,5,acetylcholine,19,6
35262,LC4,530029,LC4,5,acetylcholine,5,22
31661,LPLC1,530029,LC4,5,acetylcholine,24,12
27624,LC4,530029,LC4,5,acetylcholine,24,25
15791,SAD064,530029,LC4,5,acetylcholine,24,14
14868,Li25,530029,LC4,5,gaba,15,11
13405,CB4179,530029,LC4,5,gaba,11,17
10158,LT56,530029,LC4,5,glutamate,31,5
143741,Tm3,16138,LC4,5,acetylcholine,20,6
125354,TmY18,16138,LC4,5,acetylcholine,21,6
115358,T5c,16138,LC4,5,acetylcholine,22,6
111746,Tm3,16138,LC4,5,acetylcholine,23,6
88568,Tm37,16138,LC4,5,glutamate,24,6
85777,Li14,16138,LC4,5,glutamate,25,6
81074,T2,16138,LC4,5,acetylcholine,27,19
80156,Tm2,16138,LC4,5,acetylcholine,26,6
79083,Tm3,16138,LC4,5,acetylcholine,28,24
78172,TmY3,16138,LC4,5,acetylcholine,15,30
78151,Tm3,16138,LC4,5,acetylcholine,27,6
75996,Tm37,16138,LC4,5,glutamate,28,6
75067,TmY3,16138,LC4,5,acetylcholine,24,19
72982,T2,16138,LC4,5,acetylcholine,7,26
71475,Tm3,16138,LC4,5,acetylcholine,29,6
70239,T2,16138,LC4,5,acetylcholine,6,0
69090,T2,16138,LC4,5,acetylcholine,16,16
69051,T2,16138,LC4,5,acetylcholine,28,28
68974,T2,16138,LC4,5,acetylcholine,20,6
63688,Tm4,16138,LC4,5,acetylcholine,30,15
60231,T2,16138,LC4,5,acetylcholine,0,10
53359,Y14,16138,LC4,5,glutamate,28,30
52527,Tm2,16138,LC4,5,acetylcholine,5,19
51685,Tm2,16138,LC4,5,acetylcholine,8,1
48500,Tlp13,16138,LC4,5,glutamate,30,6
44265,Y11,16138,LC4,5,glutamate,11,31
41671,TmY3,16138,LC4,5,acetylcholine,7,2
39070,Tlp12,16138,LC4,5,glutamate,5,20
38088,MeLo2,16138,LC4,5,acetylcholine,8,6
23434,Li26,16138,LC4,5,gaba,25,0
22966,LC4,16138,LC4,5,acetylcholine,24,27
21151,LC4,16138,LC4,5,acetylcholine,16,21
19924,CB2664,16138,LC4,5,acetylcholine,30,26
19420,LC4,16138,LC4,5,acetylcholine,28,27
16475,PVLP024,16138,LC4,5,gaba,20,7
13594,MeLo8,16138,LC4,5,gaba,5,12
11378,CB1280,16138,LC4,5,acetylcholine,29,16
10293,LoVC3,16138,LC4,5,gaba,31,6
111416,Tm3,18127,LC4,5,acetylcholine,0,7
107673,T5c,18127,LC4,5,acetylcholine,1,7
100598,T5c,18127,LC4,5,acetylcholine,2,7
78911,Tm3,18127,LC4,5,acetylcholine,20,9
78905,T2,18127,LC4,5,acetylcholine,25,26
77232,T2,18127,LC4,5,acetylcholine,4,20
71518,T2,18127,LC4,5,acetylcholine,6,5
71408,T2,18127,LC4,5,acetylcholine,6,29
70806,T2,18127,LC4,5,acetylcholine,11,18
70710,T2,18127,LC4,5,acetylcholine,2,15
67002,T2,18127,LC4,5,acetylcholine,18,26
61045,TmY3,18127,LC4,5,acetylcholine,8,27
58945,Tm3,18127,LC4,5,acetylcholine,3,7
58173,Tm37,18127,LC4,5,glutamate,4,7
56084,Tm2,18127,LC4,5,acetylcholine,28,7
56136,Tm3,18127,LC4,5,acetylcholine,8,20
56006,T2,18127,LC4,5,acetylcholine,13,16
52239,Tm2,18127,LC4,5,acetylcholine,28,7
51069,Tm2,18127,LC4,5,acetylcholine,29,7
46455,Tlp12,18127,LC4,5,glutamate,29,3
45468,Tm2,18127,LC4,5,acetylcholine,5,7
40284,Tlp12,18127,LC4,5,glutamate,24,0
38078,Tlp13,18127,LC4,5,glutamate,6,7
35828,Tlp14,18127,LC4,5,glutamate,7,7
34360,Y12,18127,LC4,5,glutamate,7,21
34339,Y11,18127,LC4,5,glutamate,8,7
28076,Tm2,18127,LC4,5,acetylcholine,25,2
26751,Li26,18127,LC4,5,gaba,24,7
25083,Tlp14,18127,LC4,5,glutamate,6,3
19550,LC4,18127,LC4,5,acetylcholine,10,29
18189,LC4,18127,LC4,5,acetylcholine,4,11
16435,TmY19a,18127,LC4,5,gaba,23,31
10532,MeVC26,18127,LC4,5,acetylcholine,6,26
579926,MeLo11,100485,LC4,5,glutamate,9,7
559263,Li25,100485,LC4,5,gaba,17,15
539828,Y14,100485,LC4,5,glutamate,24,8
539710,T2,100485,LC4,5,acetylcholine,4,13
535324,TmY3,100485,LC4,5,acetylcholine,9,2
534973,Tm3,100485,LC4,5,acetylcholine,11,10
533577,Tm4,100485,LC4,5,acetylcholine,26,19
532773,Tm4,100485,LC4,5,acetylcholine,12,20
523479,MeLo8,100485,LC4,5,gaba,0,8
517909,Tm5Y,100485,LC4,5,acetylcholine,10,7
516780,Tm4,100485,LC4,5,acetylcholine,14,8
515564,Tm4,100485,LC4,5,acetylcholine,19,11
514508,LC4,100485,LC4,5,acetylcholine,30,19
111787,LC4,100485,LC4,5,acetylcholine,27,30
99943,Tm4,100485,LC4,5,acetylcholine,14,28
93413,Tm37,100485,LC4,5,glutamate,21,11
85382,TmY3,100485,LC4,5,acetylcholine,2,15
82110,LLPC2,100485,LC4,5,acetylcholine,11,7
78541,Tlp12,100485,LC4,5,glutamate,6,16
77622,T2,100485,LC4,5,acetylcholine,1,31
64815,T2,100485,LC4,5,acetylcholine,31,2
50189,Y11,100485,LC4,5,glutamate,28,0
39227,TmY3,100485,LC4,5,acetylcholine,22,28
38423,CB2940,100485,LC4,5,acetylcholine,28,5
35082,Li25,100485,LC4,5,gaba,10,31
30828,Y11,100485,LC4,5,glutamate,26,23
25438,SAD064,100485,LC4,5,acetylcholine,5,5
22257,PVLP046,100485,LC4,5,gaba,16,12
20967,LC4,100485,LC4,5,acetylcholine,23,8
14888,LC4,100485,LC4,5,acetylcholine,28,25
539413,LT56,21313,LC4,5,glutamate,4,14
118924,Tm3,21313,LC4,5,acetylcholine,12,7
104144,T2,21313,LC4,5,acetylcholine,17,24
103240,Tm4,21313,LC4,5,acetylcholine,17,17
94557,Tm37,21313,LC4,5,glutamate,13,7
87318,Tm3,21313,LC4,5,acetylcholine,14,7
80623,Tm2,21313,LC4,5,acetylcholine,0,13
79854,Tm2,21313,LC4,5,acetylcholine,19,5
76649,Tm4,21313,LC4,5,acetylcholine,15,19
73298,T2,21313,LC4,5,acetylcholine,2,9
72967,Tm2,21313,LC4,5,acetylcholine,25,30
71472,Tm4,21313,LC4,5,acetylcholine,15,7
69186,Tm3,21313,LC4,5,acetylcholine,13,7
68151,T2,21313,LC4,5,acetylcholine,6,12
65009,T2,21313,LC4,5,acetylcholine,23,7
64403,Tm4,21313,LC4,5,acetylcholine,7,9
64022,T2,21313,LC4,5,acetylcholine,19,16
62562,T2,21313,LC4,5,acetylcholine,13,19
50331,Tm2,21313,LC4,5,acetylcholine,2,27
46339,Tm2,21313,LC4,5,acetylcholine,28,30
38449,Y11,21313,LC4,5,glutamate,16,7
38436,Y12,21313,LC4,5,glutamate,17,7
30250,Li25,21313,LC4,5,gaba,24,3
28030,Li26,21313,LC4,5,gaba,26,30
28003,LPLC2,21313,LC4,5,acetylcholine,18,7
26889,Tlp14,21313,LC4,5,glutamate,8,21
25566,Li26,21313,LC4,5,gaba,10,15
22447,LPLC1,21313,LC4,5,acetylcholine,8,31
22034,LC4,21313,LC4,5,acetylcholine,14,15
20434,PVLP046,21313,LC4,5,gaba,0,21
19454,PVLP024,21313,LC4,5,gaba,3,11
17364,LC4,21313,LC4,5,acetylcholine,21,11
16659,PVLP011,21313,LC4,5,gaba,11,20
16475,PVLP024,21313,LC4,5,gaba,20,7
11394,Li16,21313,LC4,5,glutamate,20,27
10480,MeVP53,21313,LC4,5,gaba,11,7
